EmployeeID,Full Name,Age,Department,City,Salary,YearsExperience,EmploymentStatus,Education,JoiningDate,PerformanceScore,Email
501207,Priya Goel,27,Logistics,Ahmedabad,24534.53,23.7,Inactive,Bachelors,25-08-2015,8.5,priya.goel1207@company.com
503049,Nisha Goel,59,Unknown,Pune,37777.47,24.2,On Leave,Bachelors,14-12-2022,3.3,nisha.goel3049@company.com
503409,Rahul Saxena,40,IT,Chennai,48010.49,10.2,Unknown,Unknown,24-10-2019,5.2,rahul.saxena3409@company.com
503574,Vijay Khanna,33,HR,Bengaluru,129577.98,15.2,Active,Unknown,25-09-2017,4.1,vijay.khanna3574@company.com
503360,Gaurav Thakur,54,Support,Chennai,84509.32,20.9,Inactive,Bachelors,27-10-2022,5,gaurav.thakur3360@company.com
502944,Rahul Chauhan,40,Marketing,Chennai,24176.85,22.2,Active,Bachelors,20-04-2018,2.4,rahul.chauhan2944@company.com
500622,  Swati Mishra  ,46,IT,Unknown,43363.36,10.9,Inactive,Masters,18-05-2017,5.5,swati.mishra622@company.com
504264,Pooja Khanna,56,Operations,Mumbai,35216.48,3.3,Inactive,Diploma,23-07-2019,5.5,pooja.khanna4264@company.com
500811,  Shreya Mishra  ,47,HR,Bengaluru,94681.34,6.2,Active,Masters,16-02-2021,6.7,shreya.mishra811@company.com
500121,Simran Khanna,42,Sales,Mumbai,84509.32,22.2,Inactive,PhD,26-03-2020,7,simran.khanna121@company.com
503764,Sneha Agarwal,40,Logistics,Mumbai,84509.32,2.3,Inactive,Masters,15-04-2020,1.8,sneha.agarwal3764@company.com
501469,Arjun Mishra,45,Marketing,Delhi,93165.98,2,On Leave,Diploma,02-06-2025,2.4,arjun.mishra1469@company.com
503380,Preeti Pandey,38,Finance,Pune,71228.52,4,On Leave,Masters,06-08-2018,6.3,preeti.pandey3380@company.com
504847,Amit Mishra,46,Operations,Lucknow,130890.47,3.7,On Leave,Masters,23-07-2025,6.5,amit.mishra4847@company.com
500191,Manish Saxena,45,Unknown,Mumbai,133349.97,4,Inactive,Bachelors,25-04-2023,2,manish.saxena191@company.com
502596,Ashok Saxena,23,IT,Ahmedabad,90193.81,16.3,Active,Bachelors,17-10-2015,5.5,ashok.saxena2596@company.com
500722,Vikram Bhatia,29,Sales,Ahmedabad,32637.3,20.1,Inactive,PhD,03-04-2024,9.1,vikram.bhatia722@company.com
500719,Manish Dixit,36,Support,Lucknow,102521.26,7.2,Inactive,Masters,09-06-2017,3.9,manish.dixit719@company.com
502861,Pooja Chauhan,58,Unknown,Jaipur,112859.76,6.4,Inactive,Diploma,11-12-2018,4.8,pooja.chauhan2861@company.com
504198,Arjun Bose,22,Marketing,Jaipur,106789.46,25.1,On Leave,Bachelors,06-10-2024,2.5,arjun.bose4198@company.com
500997,Vikram Dixit,47,Marketing,Ahmedabad,126127.66,28.3,On Leave,Bachelors,04-03-2020,8.3,vikram.dixit997@company.com
500780,Karan Bhatia,30,Finance,Unknown,27782.1,3.5,Active,PhD,21-11-2022,6.5,karan.bhatia780@company.com
502420,Pooja Rastogi,38,Marketing,Bengaluru,82887.03,6.7,Active,Bachelors,19-11-2023,6.4,pooja.rastogi2420@company.com
503930,Gaurav Malik,49,Logistics,Unknown,21246.42,34.6,Unknown,PhD,27-12-2021,3.6,gaurav.malik3930@company.com
500085,Ritu Bansal,32,Finance,Mumbai,92567.16,28.2,On Leave,Bachelors,27-06-2016,9.8,ritu.bansal85@company.com
501020,Shreya Agarwal,25,IT,Delhi,121696.29,29,Inactive,Masters,16-02-2017,5.6,shreya.agarwal1020@company.com
500504,Swati Saxena,58,Marketing,Pune,38412.34,7.5,Inactive,Masters,12-11-2015,5.5,swati.saxena504@company.com
504052,Isha Nanda,40,Support,Unknown,84897.34,21.5,Inactive,Diploma,23-04-2019,4.7,isha.nanda4052@company.com
504292,Gaurav Sinha,24,Operations,Ahmedabad,20401.42,30.7,Active,Masters,27-03-2017,9.9,gaurav.sinha4292@company.com
504756,Ritu Rastogi,46,Operations,Mumbai,104985.96,18.4,Active,Bachelors,25-05-2017,1.5,ritu.rastogi4756@company.com
502950,Shreya Dixit,40,Sales,Chennai,28575.05,22,Inactive,Bachelors,25-04-2019,3.9,shreya.dixit2950@company.com
504071,Priya Saxena,25,IT,Unknown,35825.22,23.4,Inactive,Diploma,01-10-2024,4.9,priya.saxena4071@company.com
500968,Sanjay Bhatia,46,Marketing,Ahmedabad,62709.91,8.8,Inactive,Unknown,13-12-2016,9,sanjay.bhatia968@company.com
502455,Simran Mishra,28,Operations,Kolkata,126773.67,30.7,Inactive,Bachelors,18-06-2020,4.9,simran.mishra2455@company.com
500407,Divya Agarwal,35,Logistics,Chennai,104718.28,14.6,Inactive,Unknown,25-07-2016,5.5,divya.agarwal407@company.com
500166,Sanjay Bose,25,Sales,Mumbai,44198.2,26.2,Unknown,Bachelors,17-03-2021,7.6,sanjay.bose166@company.com
500050,Meena Mishra,24,Marketing,Mumbai,129458.04,13.1,Unknown,Unknown,25-10-2018,4.4,meena.mishra50@company.com
502396,Sanjay Malik,40,HR,Bengaluru,39487.36,22.1,Active,Unknown,21-09-2019,8,sanjay.malik2396@company.com
504523,Rohan Yadav,30,Marketing,Unknown,63361.74,34.7,Inactive,Unknown,26-09-2021,3.2,rohan.yadav4523@company.com
500477,Amit Thakur,41,Unknown,Bengaluru,39224.74,8.4,Active,Unknown,16-09-2018,8.1,amit.thakur477@company.com
504493,Vijay Yadav,26,Operations,Mumbai,28855.34,23.5,On Leave,Unknown,26-12-2015,3.2,vijay.yadav4493@company.com
503428,Deepak Pandey,40,Sales,Unknown,112350.03,31.9,Unknown,Unknown,12-01-2020,8.1,deepak.pandey3428@company.com
501162,Sanjay Chauhan,25,IT,Chennai,25886.18,9.1,Unknown,Bachelors,13-12-2021,4.3,sanjay.chauhan1162@company.com
501229,  Sanjay Khanna  ,41,IT,Delhi,121474.81,7.7,Active,Masters,01-12-2023,5.5,sanjay.khanna1229@company.com
501420,Arjun Saxena,58,Sales,Unknown,143379.49,0.6,Inactive,Diploma,27-03-2022,2.3,arjun.saxena1420@company.com
502481,Rohan Thakur,47,Support,Bengaluru,84321.41,27.9,Active,Bachelors,08-12-2017,9.3,rohan.thakur2481@company.com
503792,Rahul Dixit,46,Support,Ahmedabad,58184.51,4.9,Active,Masters,05-01-2021,3.8,rahul.dixit3792@company.com
501889,Nisha Sinha,47,Marketing,Delhi,131255.43,27.5,Active,Unknown,16-01-2016,7.2,nisha.sinha1889@company.com
501440,Pooja Malik,47,Marketing,Mumbai,141665.1,4.5,Unknown,Masters,03-06-2017,9.9,pooja.malik1440@company.com
503187,Vijay Mishra,53,Unknown,Jaipur,130353.58,11.1,Inactive,Masters,02-02-2021,3.3,vijay.mishra3187@company.com
502728,Rohan Dixit,39,Sales,Mumbai,57278.69,9.2,Active,Masters,08-12-2023,3.2,rohan.dixit2728@company.com
504934,Vikram Ghosh,39,IT,Bengaluru,141788.49,2.1,Inactive,Unknown,25-04-2022,4.2,vikram.ghosh4934@company.com
502927,Amit Choudhary,44,IT,Delhi,137471.15,28.8,On Leave,PhD,14-10-2023,9,amit.choudhary2927@company.com
501246,Rajesh Nanda,24,Logistics,Unknown,107496.9,13.6,Active,Masters,17-05-2017,2.2,rajesh.nanda1246@company.com
503157,Neha Sinha,36,IT,Kolkata,35211.81,8,Unknown,Masters,07-03-2016,2.3,neha.sinha3157@company.com
501034,Suresh Khanna,47,Unknown,Jaipur,101317.15,3.1,Inactive,Unknown,05-05-2025,2.6,suresh.khanna1034@company.com
500541,Karan Sinha,40,Marketing,Delhi,89106.14,28.3,Active,Unknown,08-05-2023,4.7,karan.sinha541@company.com
503137,Vikram Trivedi,43,Sales,Kolkata,75823.48,17.6,Unknown,Bachelors,02-10-2023,8.9,vikram.trivedi3137@company.com
501402,Ritu Thakur,23,Logistics,Delhi,63878.66,13.4,Inactive,Masters,07-07-2016,3.8,ritu.thakur1402@company.com
504284,Anjali Agarwal,46,Operations,Lucknow,112414.27,13.7,Inactive,Bachelors,07-05-2019,5.1,anjali.agarwal4284@company.com
501286,Neha Malik,52,HR,Lucknow,105728.72,13.9,Unknown,Bachelors,26-08-2023,3.9,neha.malik1286@company.com
501334,  Deepak Rastogi  ,41,Finance,Mumbai,20468.51,23.9,Unknown,Diploma,26-10-2018,6.6,deepak.rastogi1334@company.com
503876,Amit Khanna,26,IT,Pune,135393.39,17.9,On Leave,PhD,11-06-2025,5.5,amit.khanna3876@company.com
503102,Manish Khanna,59,Marketing,Chennai,108543.59,8.8,Active,Bachelors,25-03-2023,9,manish.khanna3102@company.com
501172,Kavita Ghosh,49,Marketing,Lucknow,22333.41,17.6,Unknown,Unknown,10-12-2017,9.9,kavita.ghosh1172@company.com
502681,Karan Bose,38,Sales,Unknown,65518.55,13.4,On Leave,Bachelors,19-04-2017,3,karan.bose2681@company.com
501818,Amit Nanda,21,Support,Delhi,95916.09,27.2,Inactive,Unknown,02-10-2023,7,Not Provided
500868,Gaurav Agarwal,53,Support,Pune,48969.76,30.9,Unknown,Unknown,03-11-2021,9.1,gaurav.agarwal868@company.com
501276,Manish Saxena,27,Logistics,Unknown,64253.93,12.4,Unknown,Bachelors,21-01-2015,5.5,manish.saxena1276@company.com
500069,Sanjay Chauhan,33,HR,Ahmedabad,91747.69,24.2,On Leave,Diploma,11-12-2020,5.5,sanjay.chauhan69@company.com
504777,Ritu Sinha,26,Unknown,Hyderabad,84509.32,17.6,Unknown,PhD,26-11-2023,5.5,ritu.sinha4777@company.com
502774,Anjali Nanda,54,Marketing,Delhi,25403.35,34,Inactive,PhD,06-12-2018,5.5,anjali.nanda2774@company.com
502903,Kavita Dixit,45,Logistics,Kolkata,109906.28,8.3,Inactive,Unknown,26-08-2020,9.9,kavita.dixit2903@company.com
500687,Kavita Trivedi,40,IT,Unknown,146544.02,7.8,On Leave,Bachelors,26-10-2023,3.2,kavita.trivedi687@company.com
504926,Anjali Thakur,44,Sales,Kolkata,68823.3,7.1,On Leave,Unknown,04-09-2018,6.4,anjali.thakur4926@company.com
504685,Priya Yadav,32,Marketing,Bengaluru,134193.87,17.6,Active,Bachelors,18-07-2016,5.5,priya.yadav4685@company.com
503339,Preeti Yadav,42,Operations,Lucknow,112587.05,15,Unknown,Masters,05-07-2023,1.4,preeti.yadav3339@company.com
502530,Manish Nanda,25,Sales,Jaipur,109596.69,1.4,Inactive,Bachelors,18-06-2016,5.2,manish.nanda2530@company.com
500614,Sanjay Goel,29,Operations,Lucknow,63324.49,17.6,Inactive,Bachelors,16-04-2022,4.2,sanjay.goel614@company.com
503218,Swati Dixit,50,Finance,Unknown,134218.45,0.3,Inactive,Masters,05-11-2019,4.4,swati.dixit3218@company.com
504763,Amit Thakur,29,Marketing,Pune,35550.95,24.5,Active,Bachelors,09-09-2019,5.5,amit.thakur4763@company.com
500227,Ashok Saxena,50,Sales,Chennai,43125.8,21.4,On Leave,Diploma,09-04-2018,5.6,ashok.saxena227@company.com
503935,Karan Mishra,36,Sales,Bengaluru,111835.26,15.2,Active,Masters,14-05-2022,4.6,karan.mishra3935@company.com
504709,Suresh Goel,47,IT,Mumbai,89961.86,17.3,On Leave,Bachelors,19-09-2024,2.1,suresh.goel4709@company.com
502395,Sneha Mishra,49,Support,Mumbai,107840.46,9.6,Inactive,Masters,26-05-2020,3.1,sneha.mishra2395@company.com
504298,Divya Malik,38,Support,Jaipur,101922.42,33.8,On Leave,Masters,15-03-2023,3.6,divya.malik4298@company.com
500821,Karan Ghosh,56,Unknown,Mumbai,22675.19,17.6,Inactive,Unknown,20-05-2021,9.9,karan.ghosh821@company.com
502444,Ashok Goel,56,Marketing,Pune,89776.6,17.6,Inactive,Masters,09-10-2022,7.9,ashok.goel2444@company.com
501537,Gaurav Goel,53,Logistics,Unknown,30119.5,12.7,Active,PhD,24-04-2017,7.6,gaurav.goel1537@company.com
504400,Neha Bose,29,Unknown,Pune,103943.65,30.3,Active,Unknown,08-02-2021,4.5,neha.bose4400@company.com
502942,Amit Chauhan,22,Support,Pune,136248.22,26.4,On Leave,Unknown,25-01-2016,5.5,amit.chauhan2942@company.com
504788,Neha Bhatia,37,Finance,Bengaluru,53574.98,20.7,Unknown,Diploma,13-05-2015,6.1,neha.bhatia4788@company.com
500488,Nikhil Malik,57,Finance,Ahmedabad,82043.33,31.3,Inactive,Masters,23-05-2020,4.4,nikhil.malik488@company.com
502777,Vikram Goel,34,Marketing,Mumbai,147356.34,17.4,Inactive,Unknown,14-07-2017,10,vikram.goel2777@company.com
504864,Isha Nanda,25,Marketing,Jaipur,68061.95,31.9,On Leave,Masters,25-07-2022,6.7,isha.nanda4864@company.com
501860,  Rahul Bose  ,56,IT,Unknown,39816.06,32.2,Unknown,Masters,21-03-2019,5.2,rahul.bose1860@company.com
502295,Meena Trivedi,33,Marketing,Hyderabad,129795.34,2.7,Inactive,Bachelors,04-01-2021,5.5,meena.trivedi2295@company.com
501682,Anjali Bhatia,30,IT,Unknown,145989.05,18.4,Unknown,Masters,27-01-2025,6,anjali.bhatia1682@company.com
504723,Shreya Yadav,54,Marketing,Ahmedabad,84509.32,14.1,Inactive,Masters,18-03-2016,9,shreya.yadav4723@company.com
504819,Anjali Mishra,49,Marketing,Unknown,115960.71,17.6,Active,Unknown,18-04-2020,8.9,anjali.mishra4819@company.com
502451,Karan Goel,35,IT,Pune,51532.43,11,Active,Unknown,05-02-2018,9,karan.goel2451@company.com
504221,Simran Bose,24,IT,Jaipur,84509.32,17.6,Unknown,Masters,03-05-2019,5.5,simran.bose4221@company.com
500714,Neha Thakur,32,Support,Lucknow,63662.76,26.9,Inactive,Masters,27-11-2022,7.7,Not Provided
500185,Rohan Agarwal,43,Sales,Chennai,128110.89,17.6,On Leave,Unknown,17-11-2017,5.8,rohan.agarwal185@company.com
501364,Swati Agarwal,35,Finance,Jaipur,132428.67,20.3,Unknown,Bachelors,08-07-2018,1.9,swati.agarwal1364@company.com
500998,Neha Bose,40,Marketing,Unknown,80228.57,17.6,On Leave,Bachelors,15-11-2024,5.5,neha.bose998@company.com
501095,Nikhil Trivedi,56,Support,Pune,108442.92,5.9,On Leave,PhD,02-12-2025,3.7,nikhil.trivedi1095@company.com
500773,Sanjay Rastogi,56,Logistics,Kolkata,128856.44,2.6,Inactive,Masters,20-11-2025,7.9,sanjay.rastogi773@company.com
501671,Nisha Bhatia,22,Logistics,Bengaluru,116308.86,30.7,Inactive,Unknown,08-12-2022,2.1,Not Provided
501156,Preeti Choudhary,58,Unknown,Kolkata,84509.32,27.4,Active,Bachelors,12-08-2024,5.1,preeti.choudhary1156@company.com
500735,Kavita Agarwal,42,Finance,Mumbai,109547.19,3.5,Inactive,Diploma,16-01-2025,9.1,kavita.agarwal735@company.com
503572,Manish Choudhary,34,IT,Delhi,100431.21,28.6,Inactive,Diploma,27-07-2019,6.7,manish.choudhary3572@company.com
500904,Isha Saxena,40,Marketing,Hyderabad,135976.71,18.6,Inactive,PhD,06-08-2023,3.3,isha.saxena904@company.com
502723,Meena Agarwal,26,Marketing,Unknown,137465.58,0.8,Active,Bachelors,12-08-2022,4.5,Not Provided
504399,Rajesh Choudhary,40,Unknown,Ahmedabad,114803.85,7.5,Inactive,Bachelors,13-02-2024,2.2,rajesh.choudhary4399@company.com
502438,Priya Trivedi,32,Marketing,Ahmedabad,114423.32,17.5,On Leave,Unknown,13-10-2017,2.5,priya.trivedi2438@company.com
502529,Anjali Rastogi,25,Unknown,Pune,84509.32,11.4,On Leave,Unknown,14-04-2017,8.1,anjali.rastogi2529@company.com
502775,Isha Bose,49,Logistics,Delhi,73667.37,15.8,Active,Diploma,02-10-2023,5.1,isha.bose2775@company.com
502513,Nikhil Bhatia,38,HR,Hyderabad,108809.18,10.3,Unknown,Diploma,03-10-2023,5.5,nikhil.bhatia2513@company.com
501965,Rahul Saxena,56,Unknown,Chennai,38417.21,26.8,Inactive,Masters,26-09-2019,5.5,rahul.saxena1965@company.com
501465,Rajesh Malik,45,HR,Jaipur,56319.67,0.7,Unknown,PhD,06-04-2020,2.9,rajesh.malik1465@company.com
501045,Vikram Malik,52,Marketing,Chennai,77139.82,5.5,Inactive,Unknown,22-04-2023,3.3,vikram.malik1045@company.com
500160,Sneha Saxena,21,Marketing,Bengaluru,96401.13,24.6,Unknown,Bachelors,09-12-2022,6.2,sneha.saxena160@company.com
501624,Deepak Sinha,37,IT,Jaipur,82480.05,25.9,Active,Bachelors,22-07-2015,3.6,deepak.sinha1624@company.com
501903,Rahul Bansal,50,Logistics,Mumbai,116311.48,0.8,Unknown,Bachelors,05-04-2016,7.6,rahul.bansal1903@company.com
502656,  Shreya Khanna  ,33,Sales,Mumbai,97603.77,9.4,Active,Unknown,23-09-2022,4.8,shreya.khanna2656@company.com
500588,Sneha Mishra,47,Finance,Mumbai,137638.47,9.7,Active,Unknown,24-01-2021,4.5,sneha.mishra588@company.com
503756,Rahul Trivedi,30,Unknown,Chennai,84509.32,1.6,Inactive,Unknown,06-02-2022,5.5,rahul.trivedi3756@company.com
504981,Nikhil Rastogi,30,Finance,Lucknow,51520.8,10.8,Inactive,Unknown,14-07-2016,6.3,nikhil.rastogi4981@company.com
503691,Sanjay Mishra,35,Marketing,Jaipur,84509.32,23.9,Inactive,PhD,20-02-2023,7.3,sanjay.mishra3691@company.com
501160,Rahul Thakur,32,Marketing,Unknown,88924.3,26.9,Inactive,Masters,07-10-2019,7.5,rahul.thakur1160@company.com
501158,Meena Rastogi,41,Logistics,Unknown,119179.26,5.1,Active,Unknown,06-11-2016,4.3,meena.rastogi1158@company.com
501996,Ritu Choudhary,25,IT,Mumbai,40905.7,26.5,Active,PhD,06-04-2021,5.2,ritu.choudhary1996@company.com
500748,Vikram Rastogi,32,IT,Unknown,80998.33,15.1,Active,PhD,11-04-2023,2,vikram.rastogi748@company.com
502866,Rohan Saxena,29,IT,Delhi,84509.32,1.1,Inactive,Bachelors,24-10-2019,8.9,rohan.saxena2866@company.com
500243,Anjali Bansal,28,Sales,Pune,77282.08,3.9,Active,Masters,16-01-2025,4.9,anjali.bansal243@company.com
503615,Vijay Mishra,28,Unknown,Bengaluru,84509.32,33.3,Inactive,Unknown,06-01-2017,5,vijay.mishra3615@company.com
503647,Amit Goel,56,Sales,Bengaluru,88626.63,21.4,Inactive,Bachelors,14-01-2023,5.5,amit.goel3647@company.com
501300,Meena Mishra,42,Finance,Lucknow,125048.97,14.5,Inactive,Unknown,18-04-2019,9.2,meena.mishra1300@company.com
504061,Meena Agarwal,43,Support,Delhi,117645.72,8.7,Inactive,Bachelors,16-03-2020,5.7,meena.agarwal4061@company.com
503736,Karan Khanna,47,Sales,Mumbai,73163.07,17.6,Active,Bachelors,03-05-2022,8.5,karan.khanna3736@company.com
501028,Rajesh Rastogi,47,IT,Pune,40698.83,18.7,Inactive,PhD,16-05-2018,4.5,rajesh.rastogi1028@company.com
502433,Amit Ghosh,39,Unknown,Mumbai,25956.37,7.3,Inactive,Masters,09-05-2022,4.1,amit.ghosh2433@company.com
502235,Vikram Bansal,36,Sales,Hyderabad,61988.98,28.9,Inactive,Diploma,10-09-2016,5.5,vikram.bansal2235@company.com
503999,Vikram Yadav,36,Sales,Unknown,84509.32,3.6,Inactive,Diploma,04-06-2023,2.5,vikram.yadav3999@company.com
501307,Manish Bhatia,51,Sales,Ahmedabad,84509.32,17,Active,Unknown,09-11-2023,5.1,manish.bhatia1307@company.com
500792,Rohan Choudhary,48,Unknown,Kolkata,73182.09,24.6,On Leave,Diploma,16-09-2018,5.5,rohan.choudhary792@company.com
502051,Anjali Nanda,45,Operations,Lucknow,62337.95,22.7,Inactive,Unknown,02-11-2022,2.4,anjali.nanda2051@company.com
503904,Gaurav Yadav,38,Support,Unknown,29022.97,3.9,Inactive,PhD,17-01-2024,1.2,gaurav.yadav3904@company.com
501884,Priya Chauhan,30,Marketing,Delhi,117113.7,27.3,Inactive,Diploma,17-07-2022,9.5,priya.chauhan1884@company.com
500021,Priya Bansal,44,Sales,Mumbai,76807.42,12.5,Inactive,Bachelors,09-03-2021,6.8,priya.bansal21@company.com
502241,  Rajesh Agarwal  ,48,Support,Unknown,138951.01,16.8,Active,Masters,04-01-2024,7,rajesh.agarwal2241@company.com
502974,Suresh Choudhary,36,Support,Chennai,49469.62,31,Inactive,Masters,16-02-2025,5.5,suresh.choudhary2974@company.com
503905,Deepak Yadav,33,HR,Mumbai,33284.41,23.6,Inactive,PhD,19-07-2023,2,deepak.yadav3905@company.com
501000,Kavita Khanna,22,Marketing,Bengaluru,99556.6,19.4,Unknown,Unknown,01-04-2016,1.2,kavita.khanna1000@company.com
503367,Kavita Trivedi,49,IT,Jaipur,80150.09,0.2,Active,Bachelors,08-09-2023,9.3,kavita.trivedi3367@company.com
502566,Gaurav Yadav,29,Logistics,Hyderabad,71109.6,22.3,Unknown,Masters,10-02-2023,1.5,gaurav.yadav2566@company.com
500664,  Anjali Saxena  ,34,Unknown,Unknown,83480.26,0.1,Unknown,Masters,26-12-2017,6,anjali.saxena664@company.com
502326,Shreya Mishra,59,Operations,Bengaluru,49208.35,8.3,Unknown,Bachelors,08-11-2023,4.8,shreya.mishra2326@company.com
500412,Rahul Ghosh,42,Marketing,Hyderabad,132767.09,7.3,Unknown,Unknown,04-10-2019,5.9,rahul.ghosh412@company.com
504702,Gaurav Chauhan,31,Finance,Chennai,34829.55,14,Inactive,PhD,20-11-2018,2.7,gaurav.chauhan4702@company.com
501294,Divya Yadav,49,Finance,Unknown,34500.06,12.5,Unknown,Bachelors,08-02-2015,4.2,divya.yadav1294@company.com
503786,Divya Sinha,26,Logistics,Chennai,23067.78,8.5,Active,Masters,14-01-2025,3.8,divya.sinha3786@company.com
502941,Sneha Bose,34,Unknown,Bengaluru,56215.96,31.9,Unknown,Bachelors,03-12-2022,5.9,sneha.bose2941@company.com
500392,Pooja Pandey,48,Support,Bengaluru,142963.31,9,Inactive,PhD,27-08-2015,5.4,pooja.pandey392@company.com
501027,Kavita Dixit,25,IT,Bengaluru,84509.32,30,Inactive,Unknown,19-06-2025,5.5,kavita.dixit1027@company.com
503389,Amit Pandey,53,Logistics,Unknown,22854.95,16.7,Inactive,Masters,13-03-2016,5.5,amit.pandey3389@company.com
502227,Ashok Khanna,40,IT,Chennai,79361.51,2.8,On Leave,Diploma,25-06-2018,5.5,ashok.khanna2227@company.com
500866,Priya Pandey,55,Finance,Lucknow,49049.12,7.1,Unknown,Bachelors,27-05-2021,5,priya.pandey866@company.com
501049,Anjali Choudhary,48,IT,Ahmedabad,84509.32,25,On Leave,Unknown,05-11-2023,8,anjali.choudhary1049@company.com
503046,Amit Rastogi,36,Finance,Delhi,54297.73,13.4,Active,Masters,25-01-2016,9,amit.rastogi3046@company.com
504613,Sneha Saxena,44,Unknown,Kolkata,74360.85,10.3,Active,Bachelors,05-11-2015,1,sneha.saxena4613@company.com
501655,Isha Dixit,25,Marketing,Unknown,130220.82,11.3,Inactive,PhD,15-02-2023,9.4,isha.dixit1655@company.com
500591,Kavita Saxena,35,IT,Lucknow,81350.39,27.9,On Leave,Masters,04-05-2021,2.1,kavita.saxena591@company.com
502483,  Vikram Khanna  ,52,HR,Pune,36209.75,31.4,Inactive,Bachelors,09-05-2016,7.5,vikram.khanna2483@company.com
501376,Suresh Choudhary,28,Unknown,Lucknow,56717.85,24.3,Active,PhD,14-04-2023,7.4,suresh.choudhary1376@company.com
501051,Nisha Thakur,32,Support,Hyderabad,120161.12,5,Active,Masters,19-02-2015,1.3,nisha.thakur1051@company.com
500343,Deepak Bansal,29,IT,Mumbai,84509.32,17.8,Active,Bachelors,13-09-2025,2.9,deepak.bansal343@company.com
504200,Priya Agarwal,24,Sales,Unknown,39461.19,29.9,Inactive,Unknown,21-01-2023,5.5,priya.agarwal4200@company.com
502285,Sneha Thakur,29,Unknown,Unknown,94128.34,0.4,Active,PhD,16-04-2022,6.3,sneha.thakur2285@company.com
504507,Manish Choudhary,23,Operations,Bengaluru,133227.85,19.1,Inactive,Unknown,07-07-2019,6.6,manish.choudhary4507@company.com
500449,Sanjay Bose,35,Unknown,Unknown,51072.5,7.5,Active,Diploma,10-05-2019,2,sanjay.bose449@company.com
503592,Ritu Rastogi,40,Unknown,Jaipur,84509.32,12.2,Inactive,Unknown,21-10-2019,5.3,ritu.rastogi3592@company.com
502651,Kavita Saxena,59,IT,Pune,107079.69,25,On Leave,Masters,01-06-2015,5.2,kavita.saxena2651@company.com
503640,Gaurav Thakur,24,Marketing,Mumbai,93268.24,23.4,Inactive,Unknown,13-03-2023,2.8,gaurav.thakur3640@company.com
502587,Deepak Sinha,37,Marketing,Bengaluru,92604.91,24.5,Active,PhD,14-11-2019,1.8,deepak.sinha2587@company.com
504895,Sanjay Nanda,50,Support,Pune,50818.36,15.8,Unknown,Bachelors,08-12-2016,5.5,sanjay.nanda4895@company.com
501990,Nisha Chauhan,56,Sales,Hyderabad,32120.34,14.1,Unknown,Masters,02-11-2015,5,nisha.chauhan1990@company.com
504307,Sneha Saxena,40,Marketing,Ahmedabad,23056.47,31.4,Inactive,Masters,03-11-2025,4.3,sneha.saxena4307@company.com
501056,Preeti Sinha,41,Logistics,Unknown,78209.62,30.7,Active,PhD,19-06-2025,6.8,preeti.sinha1056@company.com
502833,Priya Bansal,25,Unknown,Mumbai,100189.63,22.5,Inactive,PhD,01-02-2018,5.5,priya.bansal2833@company.com
502144,Rohan Dixit,27,Support,Unknown,111890.45,2.6,Inactive,Unknown,05-10-2015,5.1,rohan.dixit2144@company.com
500567,Swati Malik,48,HR,Bengaluru,142434.91,15.7,Unknown,Unknown,05-05-2022,1.1,swati.malik567@company.com
503778,Divya Ghosh,33,Finance,Hyderabad,105336.02,20.2,Active,Unknown,19-02-2018,9.1,divya.ghosh3778@company.com
504353,Divya Malik,35,Unknown,Bengaluru,113333.19,3.3,On Leave,Bachelors,04-09-2022,9.6,divya.malik4353@company.com
500765,Rohan Dixit,46,Unknown,Chennai,66010.86,1.4,Inactive,Bachelors,18-07-2023,2.5,rohan.dixit765@company.com
501050,Divya Khanna,37,HR,Bengaluru,54000.26,18.3,Active,PhD,17-12-2025,1.3,divya.khanna1050@company.com
503620,Vijay Saxena,49,IT,Jaipur,84509.32,21.3,On Leave,Masters,02-01-2023,2.2,vijay.saxena3620@company.com
504872,Kavita Goel,54,Marketing,Bengaluru,60551.95,18.6,Unknown,PhD,16-04-2019,7.6,kavita.goel4872@company.com
502556,Gaurav Bhatia,39,Operations,Jaipur,36094.81,20,Inactive,Diploma,22-08-2020,9.5,gaurav.bhatia2556@company.com
503217,Rajesh Rastogi,57,Support,Pune,53955.98,10.4,Active,Bachelors,02-09-2025,5.5,rajesh.rastogi3217@company.com
504857,Sanjay Agarwal,44,Support,Chennai,113360.22,7,Inactive,Unknown,26-01-2020,5.5,sanjay.agarwal4857@company.com
500154,Karan Dixit,42,Finance,Hyderabad,88739.62,33.9,Inactive,Unknown,05-08-2023,2.3,karan.dixit154@company.com
502704,Priya Agarwal,24,Marketing,Ahmedabad,67311.03,32.7,Unknown,Masters,16-08-2023,1.5,priya.agarwal2704@company.com
503525,  Swati Ghosh  ,37,HR,Delhi,133123.23,19.5,On Leave,Masters,26-08-2024,5.4,swati.ghosh3525@company.com
503357,Shreya Agarwal,41,Finance,Jaipur,103061.78,20.7,Active,Diploma,23-04-2020,6.8,shreya.agarwal3357@company.com
504658,Rahul Sinha,40,Operations,Unknown,70587.83,17.6,Inactive,Diploma,14-02-2020,3.3,rahul.sinha4658@company.com
501638,Anjali Chauhan,41,Marketing,Hyderabad,147599.76,24.5,On Leave,Unknown,18-10-2024,3.4,anjali.chauhan1638@company.com
504351,Sanjay Thakur,26,Sales,Mumbai,135604.91,33.9,Inactive,Unknown,06-02-2022,5.5,sanjay.thakur4351@company.com
504459,Swati Bansal,30,Logistics,Unknown,54952.72,4.3,On Leave,Diploma,12-12-2023,3.2,swati.bansal4459@company.com
502953,Preeti Choudhary,48,Support,Lucknow,106429.85,24.7,On Leave,Masters,16-12-2022,5.3,preeti.choudhary2953@company.com
503841,Kavita Pandey,29,Logistics,Unknown,47112.12,30.1,Active,Masters,10-09-2018,8.3,kavita.pandey3841@company.com
504552,  Preeti Nanda  ,30,Unknown,Unknown,29213.13,31.7,On Leave,Masters,01-05-2020,6.3,preeti.nanda4552@company.com
502268,Divya Yadav,35,Marketing,Pune,107141.55,6.1,Inactive,Unknown,18-07-2020,8.5,divya.yadav2268@company.com
502954,Ashok Rastogi,49,Sales,Lucknow,142059.03,26.7,Active,Masters,12-09-2020,9.9,ashok.rastogi2954@company.com
503462,Swati Saxena,38,IT,Mumbai,92008.37,26.6,Active,Masters,11-07-2017,1.2,swati.saxena3462@company.com
500171,Kavita Nanda,28,Support,Hyderabad,84509.32,30.4,Inactive,Bachelors,02-10-2021,3.6,kavita.nanda171@company.com
500114,Sanjay Malik,45,IT,Unknown,144592.38,2,Inactive,Masters,15-06-2022,3.5,sanjay.malik114@company.com
504621,Vikram Bose,53,IT,Delhi,82901.08,28.5,Inactive,Masters,22-12-2017,6.7,vikram.bose4621@company.com
503074,Rohan Sinha,41,Support,Bengaluru,65286.66,2.4,Unknown,Bachelors,08-11-2019,6.5,rohan.sinha3074@company.com
503253,Neha Sinha,51,Operations,Hyderabad,84509.32,25.5,Inactive,PhD,09-10-2015,9,neha.sinha3253@company.com
500278,Suresh Choudhary,49,Marketing,Unknown,136749.76,8.5,Inactive,Unknown,16-03-2020,1.1,suresh.choudhary278@company.com
504380,Priya Nanda,56,Finance,Mumbai,94076.51,8.8,Active,Masters,08-02-2015,5.5,priya.nanda4380@company.com
504212,Isha Thakur,28,Support,Ahmedabad,129292.15,23.6,Active,Bachelors,12-03-2021,1.8,isha.thakur4212@company.com
503403,Kavita Chauhan,40,HR,Ahmedabad,148505.36,30.6,Inactive,Unknown,01-07-2025,2,kavita.chauhan3403@company.com
501128,Suresh Pandey,55,Finance,Jaipur,103905.48,21.1,Unknown,Masters,19-08-2017,8.4,suresh.pandey1128@company.com
503048,Nikhil Saxena,57,HR,Mumbai,41135.46,0.8,Unknown,Masters,11-11-2025,1.6,nikhil.saxena3048@company.com
500827,Nisha Nanda,57,HR,Unknown,72093.81,31.3,Inactive,Bachelors,08-01-2023,8.7,nisha.nanda827@company.com
504846,Vikram Choudhary,43,Finance,Unknown,128244.01,33.9,Unknown,Bachelors,13-11-2022,6.9,vikram.choudhary4846@company.com
502761,Sanjay Yadav,40,HR,Lucknow,136524.36,28.6,Unknown,Bachelors,13-06-2023,8.8,sanjay.yadav2761@company.com
503487,Rahul Bansal,23,Sales,Unknown,112299.4,1.2,Inactive,Masters,03-01-2024,5.6,rahul.bansal3487@company.com
503372,Priya Yadav,25,IT,Delhi,84509.32,13.7,On Leave,Diploma,05-05-2025,5.4,priya.yadav3372@company.com
503996,Sneha Rastogi,49,HR,Jaipur,38002.81,33.8,Active,Masters,16-02-2021,7.7,sneha.rastogi3996@company.com
503413,Suresh Bose,22,Logistics,Bengaluru,138057.5,11.2,On Leave,Bachelors,16-02-2020,9.4,suresh.bose3413@company.com
502457,Sneha Khanna,39,Unknown,Unknown,97967.03,17.6,Active,Masters,20-02-2019,8.5,sneha.khanna2457@company.com
502809,Amit Pandey,23,Finance,Bengaluru,23767.24,17.6,Inactive,Unknown,26-06-2022,6.5,amit.pandey2809@company.com
500349,Manish Khanna,40,Operations,Bengaluru,115586.83,25.5,Unknown,PhD,14-03-2019,9.2,manish.khanna349@company.com
500365,Amit Agarwal,43,Operations,Delhi,27192.58,11.8,Inactive,Unknown,13-06-2022,2.4,amit.agarwal365@company.com
504687,Shreya Bansal,30,Marketing,Jaipur,79311.06,17.6,Active,Bachelors,12-04-2015,4.7,shreya.bansal4687@company.com
504950,Vikram Agarwal,21,IT,Pune,93692.94,7.4,Active,Diploma,16-02-2017,9.4,vikram.agarwal4950@company.com
504370,Pooja Bose,25,Unknown,Jaipur,106017.04,17.6,Inactive,Bachelors,08-07-2016,9.8,pooja.bose4370@company.com
503085,Ashok Rastogi,54,Marketing,Bengaluru,36994.22,30,Active,Unknown,23-08-2025,1.1,ashok.rastogi3085@company.com
504779,Sanjay Mishra,32,Finance,Unknown,139631.49,18,Unknown,Unknown,18-08-2023,6.8,sanjay.mishra4779@company.com
501243,Deepak Malik,47,Marketing,Unknown,113217.05,1.2,Unknown,Bachelors,01-12-2018,6.2,deepak.malik1243@company.com
503519,Nisha Yadav,46,Marketing,Unknown,51952.8,9.5,Unknown,Masters,12-02-2018,5.6,nisha.yadav3519@company.com
500701,Karan Dixit,30,Sales,Chennai,42325.28,32.1,Active,Diploma,23-07-2022,9.3,karan.dixit701@company.com
503178,Shreya Dixit,53,Sales,Kolkata,132566.39,33.6,Active,Unknown,08-08-2023,8.3,shreya.dixit3178@company.com
502233,Rahul Pandey,31,Logistics,Unknown,30796.91,17,Inactive,Masters,04-10-2018,4.6,rahul.pandey2233@company.com
504818,Arjun Bhatia,23,Support,Lucknow,119830.55,24.3,Active,Bachelors,15-03-2018,3.6,arjun.bhatia4818@company.com
501290,Suresh Goel,46,IT,Unknown,27086.34,0.7,Inactive,Masters,24-07-2023,1.1,suresh.goel1290@company.com
503055,Meena Yadav,51,IT,Bengaluru,115413.2,19.2,Inactive,Bachelors,15-06-2016,9.6,meena.yadav3055@company.com
502386,Ashok Chauhan,22,Support,Kolkata,41273.88,10,Inactive,Bachelors,24-04-2018,8.7,ashok.chauhan2386@company.com
504133,Isha Nanda,54,Unknown,Ahmedabad,84509.32,2,Active,PhD,11-01-2024,8.8,isha.nanda4133@company.com
504051,Shreya Saxena,44,Unknown,Unknown,41808.05,22.8,Inactive,Bachelors,18-06-2018,2,shreya.saxena4051@company.com
501617,Pooja Trivedi,27,Operations,Unknown,84509.32,2.4,Active,Bachelors,23-03-2023,4.1,pooja.trivedi1617@company.com
503881,Sanjay Mishra,49,Sales,Delhi,20654.41,1.6,Unknown,Masters,15-01-2017,5.5,sanjay.mishra3881@company.com
500193,Gaurav Yadav,58,IT,Unknown,72172.96,33.2,On Leave,Diploma,23-07-2019,8.2,gaurav.yadav193@company.com
502991,Amit Dixit,44,Unknown,Chennai,148758.34,12.8,Inactive,Unknown,22-10-2016,2.1,amit.dixit2991@company.com
504013,Manish Thakur,36,Finance,Chennai,112023.32,17.6,Inactive,Diploma,08-06-2024,5.1,manish.thakur4013@company.com
502022,Sneha Yadav,23,Logistics,Hyderabad,74029.28,2,On Leave,Diploma,17-09-2015,8.7,sneha.yadav2022@company.com
502260,Isha Trivedi,29,Finance,Mumbai,23565.58,32.3,Active,Unknown,13-04-2020,3.1,isha.trivedi2260@company.com
500249,Gaurav Dixit,23,Sales,Mumbai,140010.4,28.8,Active,Bachelors,11-01-2025,3.1,gaurav.dixit249@company.com
500896,Vijay Agarwal,47,Marketing,Bengaluru,21009.62,18.3,On Leave,Masters,09-03-2023,2.5,vijay.agarwal896@company.com
500215,Rohan Choudhary,37,Operations,Bengaluru,73369.42,15.5,Inactive,Diploma,06-04-2017,1.9,rohan.choudhary215@company.com
500909,Rajesh Pandey,43,Unknown,Lucknow,50711.54,17.9,On Leave,PhD,04-10-2017,2.7,rajesh.pandey909@company.com
502826,Swati Khanna,51,IT,Delhi,99167.53,25.6,Inactive,Diploma,19-09-2015,5.5,swati.khanna2826@company.com
501458,Nisha Saxena,43,HR,Delhi,84509.32,22.1,Active,Bachelors,08-07-2020,5.5,nisha.saxena1458@company.com
502865,Pooja Bose,49,IT,Delhi,92460.15,11.4,On Leave,Bachelors,26-11-2020,9.5,pooja.bose2865@company.com
503944,Rahul Pandey,50,Marketing,Mumbai,65825.85,30,Inactive,Unknown,05-07-2025,2.4,rahul.pandey3944@company.com
500019,Rahul Thakur,39,Support,Hyderabad,84509.32,17.6,Active,Unknown,24-05-2015,4.3,rahul.thakur19@company.com
504017,Priya Sinha,55,Sales,Chennai,124365.3,9.3,Unknown,Unknown,27-01-2023,2.3,priya.sinha4017@company.com
503704,Suresh Khanna,39,Sales,Lucknow,61651.92,0.6,Inactive,Bachelors,20-01-2024,3.9,suresh.khanna3704@company.com
500646,Anjali Bose,50,Marketing,Unknown,39572.49,30.1,Active,Bachelors,09-11-2018,5.5,anjali.bose646@company.com
503344,Vijay Ghosh,47,Unknown,Delhi,94659.34,4.7,On Leave,Diploma,14-03-2021,9.9,vijay.ghosh3344@company.com
504933,Deepak Khanna,22,IT,Pune,110444.51,7.7,Active,Masters,03-12-2021,9.7,deepak.khanna4933@company.com
501295,Sneha Rastogi,25,HR,Bengaluru,113448.23,29.1,Unknown,Unknown,06-01-2018,3.6,sneha.rastogi1295@company.com
501018,Nikhil Saxena,48,Logistics,Pune,59994.13,9.9,Inactive,Unknown,11-01-2021,5.5,nikhil.saxena1018@company.com
500571,Meena Chauhan,57,Logistics,Chennai,46098.25,6.4,Inactive,Masters,20-07-2024,5.7,meena.chauhan571@company.com
501943,Shreya Ghosh,35,Finance,Unknown,69522.63,21.8,Inactive,Bachelors,27-12-2016,1.1,shreya.ghosh1943@company.com
503149,Suresh Bansal,24,Support,Mumbai,67853.67,19.8,Active,Bachelors,24-10-2016,8.1,suresh.bansal3149@company.com
502981,Kavita Choudhary,51,Logistics,Kolkata,99304.59,21.1,On Leave,Unknown,03-11-2017,3.8,kavita.choudhary2981@company.com
504482,Ritu Thakur,39,HR,Kolkata,96227.5,17.1,Active,PhD,13-08-2025,2.3,ritu.thakur4482@company.com
504020,Gaurav Sinha,50,Logistics,Chennai,145999.48,9.2,Active,Unknown,20-09-2018,3.8,gaurav.sinha4020@company.com
501369,Meena Malik,39,Logistics,Pune,41652.99,28,Active,Diploma,18-11-2021,2.7,meena.malik1369@company.com
504954,Sanjay Malik,59,Logistics,Mumbai,57363.16,1.7,Unknown,Unknown,15-02-2016,3.6,sanjay.malik4954@company.com
504243,Neha Ghosh,35,Sales,Bengaluru,47716.66,14.6,Active,PhD,09-05-2016,5.4,neha.ghosh4243@company.com
504029,Suresh Khanna,46,Support,Unknown,51813.57,23.1,Unknown,Bachelors,10-07-2024,6.2,suresh.khanna4029@company.com
502830,Sanjay Mishra,57,Unknown,Chennai,121215.3,1.8,Unknown,Unknown,21-05-2015,9.7,sanjay.mishra2830@company.com
503617,Preeti Thakur,58,HR,Kolkata,74866.83,9.1,Unknown,PhD,09-10-2024,8.1,preeti.thakur3617@company.com
503527,Sanjay Choudhary,42,Marketing,Unknown,125528,31.7,Active,Unknown,20-09-2023,5.5,sanjay.choudhary3527@company.com
504342,Isha Bansal,47,Unknown,Lucknow,55017.37,21.1,On Leave,Masters,12-12-2016,8.4,isha.bansal4342@company.com
500056,Vikram Chauhan,43,Unknown,Kolkata,92219.49,24.1,Inactive,PhD,06-02-2015,7,vikram.chauhan56@company.com
501715,Neha Trivedi,51,Operations,Kolkata,34780.09,7.4,Unknown,Unknown,14-08-2022,7.3,neha.trivedi1715@company.com
502174,Shreya Rastogi,30,IT,Lucknow,139403.74,9.8,On Leave,Unknown,20-05-2021,7.6,shreya.rastogi2174@company.com
500508,Nisha Chauhan,36,Unknown,Bengaluru,20587.68,12.7,Inactive,PhD,21-02-2021,1.2,nisha.chauhan508@company.com
501591,Ashok Agarwal,28,Unknown,Bengaluru,61477.86,17.8,Active,Unknown,25-04-2021,3,ashok.agarwal1591@company.com
503971,Sneha Bhatia,38,Logistics,Pune,81198.3,11,Inactive,Unknown,25-04-2017,6.3,sneha.bhatia3971@company.com
503327,Amit Dixit,49,Marketing,Bengaluru,31679.05,32,Unknown,Unknown,12-04-2018,5.8,amit.dixit3327@company.com
500222,Vijay Yadav,45,IT,Mumbai,138872.8,7.2,Inactive,Unknown,12-06-2015,6.6,vijay.yadav222@company.com
504153,Suresh Khanna,48,Unknown,Unknown,121223.27,27.4,Active,PhD,18-12-2019,5.5,suresh.khanna4153@company.com
502795,Gaurav Rastogi,37,Unknown,Chennai,114439.34,17.7,Inactive,Diploma,19-06-2025,9.9,gaurav.rastogi2795@company.com
503692,Preeti Dixit,52,Operations,Unknown,48179.41,19.4,On Leave,Bachelors,13-06-2015,5,preeti.dixit3692@company.com
501446,Ritu Rastogi,59,Marketing,Mumbai,84509.32,8.1,Active,Masters,02-04-2021,7.6,ritu.rastogi1446@company.com
500289,Ritu Malik,30,Marketing,Kolkata,38282.11,24.5,Unknown,Bachelors,08-08-2017,8.8,ritu.malik289@company.com
503709,Sneha Malik,54,Marketing,Lucknow,47943.93,10.2,Active,PhD,16-08-2022,5.5,sneha.malik3709@company.com
503169,Gaurav Bhatia,34,HR,Jaipur,50548.63,33.1,Active,PhD,19-03-2018,6.2,gaurav.bhatia3169@company.com
500288,Gaurav Mishra,49,Unknown,Hyderabad,146815.86,33.8,Active,Bachelors,15-05-2024,3.8,gaurav.mishra288@company.com
501260,Anjali Bhatia,59,Sales,Chennai,84509.32,20.4,Active,PhD,05-06-2016,5.5,anjali.bhatia1260@company.com
504124,Amit Nanda,32,Unknown,Chennai,90825.11,28.6,Active,Unknown,16-07-2021,9.9,amit.nanda4124@company.com
500602,Simran Rastogi,33,Unknown,Hyderabad,53288.78,16.7,Active,Masters,07-05-2025,5,simran.rastogi602@company.com
500134,Ritu Trivedi,28,Sales,Chennai,126177.1,26.1,Active,Bachelors,17-02-2021,5.8,Not Provided
500805,Karan Dixit,31,Sales,Unknown,144199.7,17.6,Unknown,Unknown,14-02-2022,7.3,karan.dixit805@company.com
503213,Sneha Agarwal,46,Operations,Hyderabad,69220.76,2.4,On Leave,Masters,16-09-2019,6.3,sneha.agarwal3213@company.com
502087,  Karan Nanda  ,34,Support,Hyderabad,145465.07,32.1,Active,Masters,20-08-2025,6.1,karan.nanda2087@company.com
502369,Gaurav Bhatia,23,IT,Kolkata,100297.39,20.3,Inactive,Unknown,06-11-2021,5.5,gaurav.bhatia2369@company.com
503921,Ashok Trivedi,28,IT,Mumbai,118796.83,30.7,Inactive,Unknown,24-01-2021,5.6,ashok.trivedi3921@company.com
502390,  Sneha Ghosh  ,59,HR,Bengaluru,148681.93,11.3,Inactive,Unknown,17-03-2024,4.9,sneha.ghosh2390@company.com
504253,Pooja Khanna,53,Support,Delhi,144604.34,0.9,Inactive,PhD,14-11-2023,9.1,pooja.khanna4253@company.com
500338,Rohan Bhatia,47,Operations,Ahmedabad,135422.46,27.7,On Leave,PhD,04-03-2017,6.1,rohan.bhatia338@company.com
504373,Amit Bhatia,24,IT,Ahmedabad,56021.68,3.9,Active,Bachelors,25-02-2020,8.5,amit.bhatia4373@company.com
501081,Isha Khanna,25,Sales,Mumbai,31479.11,21,Inactive,Masters,25-11-2019,9,isha.khanna1081@company.com
504159,Ashok Ghosh,42,Support,Unknown,53425.1,32.5,Inactive,Bachelors,18-09-2017,5.7,ashok.ghosh4159@company.com
500434,Rahul Ghosh,30,Marketing,Kolkata,133467.33,6.6,Inactive,Bachelors,26-02-2024,6.9,rahul.ghosh434@company.com
502462,Amit Yadav,40,IT,Jaipur,110082.39,27.8,Active,Unknown,24-03-2017,9.5,amit.yadav2462@company.com
502964,Anjali Saxena,31,Marketing,Mumbai,91039.22,17.6,On Leave,Unknown,17-05-2016,7.9,anjali.saxena2964@company.com
502838,Meena Yadav,34,Logistics,Delhi,98913.78,14.1,Inactive,PhD,14-12-2019,9.9,meena.yadav2838@company.com
501839,Nisha Sinha,29,HR,Mumbai,34013.53,20.2,Inactive,Masters,03-04-2017,3.5,nisha.sinha1839@company.com
504432,Rahul Dixit,31,HR,Lucknow,75355.18,7.6,Inactive,Masters,17-08-2017,8,rahul.dixit4432@company.com
500376,Rahul Chauhan,47,Marketing,Unknown,51539.74,19.7,Active,Bachelors,04-10-2021,5.6,rahul.chauhan376@company.com
502751,Swati Khanna,32,Sales,Bengaluru,91785.17,16.6,Inactive,Diploma,01-01-2020,2.9,swati.khanna2751@company.com
503320,Sneha Bhatia,48,Sales,Lucknow,47690.75,34.3,Active,Bachelors,20-02-2021,6.2,sneha.bhatia3320@company.com
500969,Vikram Rastogi,56,Sales,Chennai,51907.63,17.9,Unknown,PhD,17-04-2015,3.4,vikram.rastogi969@company.com
503108,Arjun Chauhan,54,Unknown,Bengaluru,68982.61,15,On Leave,Bachelors,05-11-2018,6.8,arjun.chauhan3108@company.com
500723,  Vikram Bansal  ,58,Support,Chennai,69693.54,28.4,On Leave,PhD,15-06-2018,6.3,vikram.bansal723@company.com
500752,Arjun Ghosh,48,Marketing,Unknown,128703.66,9.1,Active,Unknown,11-03-2020,6.4,arjun.ghosh752@company.com
502392,Divya Khanna,36,Unknown,Chennai,40384.44,17.6,Inactive,Masters,16-02-2018,5.3,divya.khanna2392@company.com
504473,Pooja Malik,40,Operations,Jaipur,50732.5,11.4,Active,Unknown,06-02-2017,5.4,pooja.malik4473@company.com
500070,Nisha Nanda,59,IT,Bengaluru,84840.61,14.1,On Leave,Bachelors,03-09-2015,3.4,nisha.nanda70@company.com
503697,Kavita Mishra,56,IT,Lucknow,103758.78,10.4,Active,Bachelors,18-01-2022,7.4,kavita.mishra3697@company.com
503185,Divya Nanda,26,Marketing,Unknown,29437.69,33.1,Active,Unknown,20-06-2019,2.6,divya.nanda3185@company.com
501121,Rohan Choudhary,46,Finance,Chennai,20307.07,8,On Leave,PhD,23-05-2019,5.5,rohan.choudhary1121@company.com
501037,  Karan Sinha  ,23,Operations,Unknown,96236.17,26.6,Unknown,Unknown,05-11-2019,6.9,karan.sinha1037@company.com
501470,Vikram Thakur,43,Marketing,Chennai,71219.77,12.4,Active,Masters,19-11-2018,5.8,vikram.thakur1470@company.com
501340,Manish Bansal,36,Marketing,Lucknow,121376.82,1.4,On Leave,Unknown,11-12-2024,7.5,manish.bansal1340@company.com
501704,Kavita Malik,48,Marketing,Bengaluru,114906.74,13.8,On Leave,Unknown,24-01-2018,4.4,kavita.malik1704@company.com
501421,Divya Dixit,38,IT,Bengaluru,32563,32.5,Active,PhD,11-12-2024,5.4,divya.dixit1421@company.com
503511,Anjali Chauhan,53,Support,Chennai,140501.23,17.5,Active,Masters,07-08-2023,4.4,anjali.chauhan3511@company.com
503601,Sneha Nanda,36,IT,Unknown,141016.62,34.6,Unknown,Unknown,25-09-2025,3.8,sneha.nanda3601@company.com
504480,Nisha Bhatia,58,HR,Unknown,84509.32,10.8,On Leave,PhD,06-11-2021,3.7,nisha.bhatia4480@company.com
501333,Priya Choudhary,58,Logistics,Ahmedabad,113046.82,2.5,Active,Masters,01-01-2025,5.8,priya.choudhary1333@company.com
500992,Manish Malik,56,Sales,Bengaluru,138273.25,29.6,Active,Diploma,24-01-2016,6.3,manish.malik992@company.com
501532,Preeti Thakur,34,Marketing,Unknown,144291.91,33.5,Active,Unknown,23-08-2017,6.3,preeti.thakur1532@company.com
504630,Arjun Khanna,24,IT,Chennai,42475.09,12.6,Inactive,Unknown,05-06-2018,4.5,arjun.khanna4630@company.com
502789,Karan Chauhan,30,Unknown,Lucknow,70339.49,32.6,Inactive,Bachelors,23-12-2016,4,karan.chauhan2789@company.com
502225,Neha Agarwal,50,Support,Bengaluru,122817.31,21.5,Active,Bachelors,18-12-2024,5.5,neha.agarwal2225@company.com
503603,Vijay Goel,49,Marketing,Unknown,90458.37,29.6,Inactive,Masters,15-11-2023,2,vijay.goel3603@company.com
500697,Ritu Bhatia,51,IT,Chennai,134388.33,16.4,Inactive,Masters,06-06-2022,6.8,ritu.bhatia697@company.com
501233,Anjali Chauhan,31,Support,Chennai,25671.04,4.3,Active,Diploma,01-06-2015,3.3,anjali.chauhan1233@company.com
504997,Isha Thakur,40,Unknown,Kolkata,58370.14,8.6,On Leave,PhD,07-11-2024,4.2,isha.thakur4997@company.com
504970,Nisha Nanda,58,Operations,Mumbai,76851.4,11.8,Active,Masters,21-07-2025,5.5,nisha.nanda4970@company.com
503650,Ashok Bansal,44,Marketing,Ahmedabad,23314.34,17.6,Active,Bachelors,08-07-2020,6.7,ashok.bansal3650@company.com
503819,Suresh Khanna,48,Unknown,Lucknow,41152.92,27.3,Active,PhD,03-10-2022,5.5,suresh.khanna3819@company.com
501085,Amit Choudhary,44,Operations,Bengaluru,99455.87,6.8,Active,Masters,23-04-2015,6.1,amit.choudhary1085@company.com
501494,Vijay Khanna,44,Unknown,Kolkata,27389.69,33.2,On Leave,Unknown,26-04-2023,9.5,vijay.khanna1494@company.com
502414,Arjun Rastogi,58,Marketing,Bengaluru,47751.91,0,Unknown,PhD,12-08-2022,9,arjun.rastogi2414@company.com
504534,  Simran Thakur  ,29,Marketing,Pune,112604.84,13.9,On Leave,Diploma,17-05-2020,9.3,simran.thakur4534@company.com
500705,Isha Nanda,46,IT,Pune,76615.03,22.6,Active,Bachelors,18-10-2017,4.4,isha.nanda705@company.com
501600,Ritu Choudhary,28,Unknown,Chennai,121749.59,13.3,On Leave,PhD,17-08-2019,5.7,ritu.choudhary1600@company.com
502365,Anjali Yadav,36,Sales,Ahmedabad,29717.51,17.6,Inactive,Masters,03-01-2023,7.1,anjali.yadav2365@company.com
504195,Vikram Saxena,23,Support,Chennai,105077.58,9,Active,Masters,18-07-2017,6.9,vikram.saxena4195@company.com
500876,Kavita Mishra,22,Unknown,Mumbai,24028.7,7.9,On Leave,Masters,21-03-2022,1.3,kavita.mishra876@company.com
504050,Gaurav Choudhary,43,Operations,Chennai,98100.76,15.8,Inactive,Unknown,02-05-2025,1.3,gaurav.choudhary4050@company.com
500216,Divya Bose,57,IT,Chennai,40641.59,15.4,On Leave,Diploma,21-12-2022,1.6,divya.bose216@company.com
504776,Anjali Malik,57,Marketing,Delhi,33398.76,4.3,Active,PhD,10-05-2025,5.5,Not Provided
503070,Arjun Bhatia,48,IT,Delhi,37079.98,9.2,Unknown,Unknown,17-01-2024,2.4,arjun.bhatia3070@company.com
501780,Preeti Thakur,24,Unknown,Bengaluru,92053.2,23.1,Active,Bachelors,26-11-2023,9.6,preeti.thakur1780@company.com
504165,Isha Agarwal,21,Support,Pune,94514.11,19.6,Active,Diploma,11-06-2024,5.5,isha.agarwal4165@company.com
501631,Pooja Khanna,31,Sales,Lucknow,113292.01,30.3,Active,Masters,24-01-2015,8.5,pooja.khanna1631@company.com
503743,Sneha Khanna,57,Logistics,Unknown,33596.89,34.2,Active,Unknown,10-10-2023,3.6,sneha.khanna3743@company.com
504327,Manish Yadav,40,Sales,Pune,43582.02,17.6,Active,Masters,05-10-2021,5.5,manish.yadav4327@company.com
504731,Ritu Saxena,22,Sales,Bengaluru,84509.32,3.6,Active,Masters,27-09-2019,9.8,ritu.saxena4731@company.com
503343,Priya Sinha,30,Unknown,Unknown,85897.76,10.1,Active,Unknown,23-11-2021,1.7,priya.sinha3343@company.com
503008,Manish Rastogi,54,Sales,Bengaluru,81964.31,31.1,Active,Masters,09-09-2023,4.3,manish.rastogi3008@company.com
504007,  Priya Goel  ,53,Operations,Chennai,32023.29,22,Active,Masters,07-04-2021,2.6,priya.goel4007@company.com
501435,Sanjay Nanda,58,Marketing,Lucknow,50194.2,29.1,Inactive,Diploma,05-12-2022,4.4,sanjay.nanda1435@company.com
501725,Pooja Pandey,40,Unknown,Bengaluru,122133.23,8.4,Active,Bachelors,18-04-2016,1.8,pooja.pandey1725@company.com
502947,Priya Thakur,28,HR,Bengaluru,21985.83,17.6,Inactive,Masters,04-10-2024,3.2,priya.thakur2947@company.com
501732,Nisha Goel,23,IT,Kolkata,84509.32,26,Active,Bachelors,09-02-2019,5.1,nisha.goel1732@company.com
500621,Arjun Sinha,27,Finance,Unknown,119587.17,24.9,Inactive,Bachelors,03-11-2016,1.6,arjun.sinha621@company.com
503265,Ritu Trivedi,35,Sales,Delhi,79893.31,11.7,Inactive,PhD,15-08-2022,3.3,ritu.trivedi3265@company.com
503042,Vijay Yadav,23,IT,Delhi,128058.83,5.7,Inactive,PhD,23-03-2025,2.1,vijay.yadav3042@company.com
503133,Arjun Chauhan,57,Unknown,Mumbai,120734.97,33.1,Unknown,Diploma,03-10-2019,2.7,arjun.chauhan3133@company.com
504946,Amit Choudhary,22,Sales,Jaipur,104762.37,1.1,Inactive,Unknown,27-10-2024,6.5,amit.choudhary4946@company.com
503577,Rajesh Goel,39,Unknown,Delhi,28424.64,24.4,Inactive,Diploma,03-12-2020,7.9,rajesh.goel3577@company.com
503404,Vikram Pandey,54,IT,Mumbai,90625.53,18,Inactive,Masters,09-12-2015,5.5,vikram.pandey3404@company.com
504840,Manish Thakur,32,IT,Mumbai,105564.81,3.2,Inactive,Unknown,17-03-2023,3.7,manish.thakur4840@company.com
503057,Rajesh Sinha,22,Unknown,Delhi,23406.81,17.6,Active,Masters,06-12-2021,5.5,rajesh.sinha3057@company.com
502176,  Vikram Goel  ,46,Unknown,Bengaluru,125883.23,25.8,Inactive,Masters,04-08-2017,6.4,vikram.goel2176@company.com
500726,Deepak Rastogi,39,Unknown,Chennai,24254.08,22.7,On Leave,Unknown,19-02-2025,5,deepak.rastogi726@company.com
503982,Nikhil Choudhary,30,IT,Chennai,125343.89,20.4,Inactive,Unknown,15-11-2023,2.8,nikhil.choudhary3982@company.com
504378,Pooja Bose,24,Support,Chennai,37904.38,27,Active,Unknown,26-09-2016,4.5,pooja.bose4378@company.com
500073,Karan Yadav,23,HR,Chennai,20650.34,18.6,Unknown,Masters,07-09-2020,7.1,karan.yadav73@company.com
504833,Swati Chauhan,58,HR,Unknown,114926.22,15.8,Active,Masters,13-07-2024,4.7,swati.chauhan4833@company.com
501589,Vijay Bansal,44,Support,Unknown,38534.13,2.7,Active,PhD,15-03-2022,4.4,vijay.bansal1589@company.com
503014,Karan Trivedi,53,Sales,Bengaluru,84509.32,33.4,Inactive,PhD,14-12-2015,4.8,karan.trivedi3014@company.com
504743,Shreya Mishra,51,IT,Mumbai,112199.27,17.6,Active,Unknown,18-02-2016,9.5,shreya.mishra4743@company.com
503473,Divya Thakur,26,IT,Mumbai,30252.9,18.6,Inactive,Diploma,14-04-2025,4.8,divya.thakur3473@company.com
504588,Anjali Yadav,40,Marketing,Jaipur,127593.31,17.2,Inactive,Unknown,03-11-2019,5.5,anjali.yadav4588@company.com
503059,Rajesh Bhatia,21,Logistics,Bengaluru,100543.06,17.6,On Leave,Unknown,03-02-2022,5.4,rajesh.bhatia3059@company.com
501543,Divya Bhatia,30,Marketing,Unknown,143312.97,24.9,Active,Unknown,04-08-2017,7.3,divya.bhatia1543@company.com
502817,Sanjay Mishra,55,Marketing,Mumbai,55474.34,7,Inactive,PhD,01-10-2019,10,sanjay.mishra2817@company.com
504945,Priya Choudhary,48,Unknown,Mumbai,145811.8,26.6,On Leave,Bachelors,07-01-2021,1.1,priya.choudhary4945@company.com
501622,Sneha Bhatia,40,Finance,Unknown,34090.47,5.2,Active,Masters,12-11-2019,3.7,sneha.bhatia1622@company.com
504520,Rajesh Bansal,31,Logistics,Bengaluru,144914.25,20.6,Inactive,Bachelors,17-07-2023,6.6,rajesh.bansal4520@company.com
502997,Pooja Dixit,52,Logistics,Pune,42430.62,4.3,Active,Bachelors,24-11-2022,7.2,pooja.dixit2997@company.com
500704,Sneha Chauhan,58,Support,Bengaluru,74966.96,2,Inactive,Bachelors,11-01-2017,7.7,sneha.chauhan704@company.com
501920,Neha Mishra,42,Marketing,Hyderabad,29792.32,13.3,Active,Bachelors,17-10-2015,5.5,neha.mishra1920@company.com
504288,Nikhil Trivedi,23,Support,Ahmedabad,47332.61,29.3,Inactive,PhD,12-05-2023,4,nikhil.trivedi4288@company.com
504113,Gaurav Sinha,35,Unknown,Chennai,71612.99,11.1,Active,Bachelors,10-02-2024,1.3,gaurav.sinha4113@company.com
501966,Simran Dixit,59,Support,Kolkata,24709.74,16.5,Inactive,PhD,27-04-2021,5.5,simran.dixit1966@company.com
502162,Amit Dixit,51,IT,Pune,28547.45,11.9,On Leave,PhD,26-07-2025,5.5,amit.dixit2162@company.com
500284,Simran Agarwal,21,Marketing,Unknown,146998.26,13.5,Inactive,Unknown,04-06-2023,3.2,simran.agarwal284@company.com
504648,Amit Dixit,44,HR,Ahmedabad,85331.74,5.4,Unknown,Unknown,09-10-2025,2.9,amit.dixit4648@company.com
502094,Arjun Trivedi,34,Unknown,Kolkata,145545.65,30.1,On Leave,Unknown,22-04-2017,2.1,arjun.trivedi2094@company.com
503234,Preeti Ghosh,40,Unknown,Bengaluru,54546.39,15.1,Unknown,Unknown,09-08-2016,9.4,preeti.ghosh3234@company.com
502884,Rajesh Bose,32,Finance,Ahmedabad,142756.17,24.1,Active,Bachelors,13-12-2023,5.1,rajesh.bose2884@company.com
502381,Nikhil Mishra,51,IT,Unknown,124870.08,26,Active,Bachelors,03-12-2019,5.5,nikhil.mishra2381@company.com
504965,Manish Bansal,25,Marketing,Unknown,126177.36,26.4,Active,Masters,18-05-2022,5.5,manish.bansal4965@company.com
504823,Nisha Agarwal,49,Unknown,Delhi,84509.32,9,Active,Bachelors,07-01-2024,4.9,nisha.agarwal4823@company.com
504953,Ritu Thakur,36,Marketing,Mumbai,100913.76,17.2,On Leave,Diploma,25-08-2017,7.8,ritu.thakur4953@company.com
501666,Kavita Pandey,26,Sales,Chennai,41664.14,11.1,On Leave,Unknown,17-11-2021,4.3,kavita.pandey1666@company.com
504089,Priya Saxena,34,Finance,Pune,75508.4,12.1,Active,Unknown,10-01-2020,2.9,priya.saxena4089@company.com
503446,Suresh Rastogi,47,Support,Unknown,129028.54,19.7,Inactive,Diploma,05-07-2024,9.3,suresh.rastogi3446@company.com
500334,Ritu Rastogi,36,Sales,Delhi,60715.61,13.1,Active,Masters,12-12-2023,8.6,ritu.rastogi334@company.com
500987,Sneha Nanda,35,Logistics,Delhi,84509.32,25.7,Unknown,Bachelors,02-05-2023,1.6,sneha.nanda987@company.com
503788,Vijay Dixit,42,Logistics,Hyderabad,125156.12,32.4,Inactive,Masters,11-01-2023,2.1,vijay.dixit3788@company.com
504863,Neha Bhatia,59,Logistics,Lucknow,106131.21,18.4,On Leave,PhD,07-09-2017,3,neha.bhatia4863@company.com
503838,Kavita Sinha,45,Logistics,Kolkata,93832.76,15.4,Inactive,Diploma,03-11-2025,8.6,kavita.sinha3838@company.com
502256,Anjali Dixit,55,Support,Mumbai,74333.01,2.2,Inactive,Bachelors,25-05-2017,6.9,anjali.dixit2256@company.com
500751,  Suresh Thakur  ,41,Finance,Unknown,29465.47,18.3,Unknown,Masters,07-10-2025,4.9,suresh.thakur751@company.com
502243,Ritu Nanda,56,Marketing,Chennai,33037.44,29.5,On Leave,Masters,20-02-2025,3.8,ritu.nanda2243@company.com
500279,Gaurav Saxena,52,Sales,Hyderabad,146476.3,33.4,Inactive,Unknown,12-04-2025,1.3,gaurav.saxena279@company.com
500851,Preeti Khanna,46,Marketing,Delhi,92037.29,0.9,Unknown,Unknown,06-12-2019,2.3,preeti.khanna851@company.com
501283,Amit Malik,33,Logistics,Pune,25184.96,34.5,Inactive,Masters,07-01-2019,3,amit.malik1283@company.com
500720,Pooja Rastogi,55,Unknown,Hyderabad,31480.99,24.6,Inactive,Masters,05-07-2024,8,pooja.rastogi720@company.com
503924,Nisha Trivedi,49,Logistics,Kolkata,84509.32,18.5,Unknown,Bachelors,08-08-2023,5.5,nisha.trivedi3924@company.com
503032,Sanjay Nanda,24,Support,Delhi,97478.71,28.9,Active,Bachelors,16-04-2023,7.8,sanjay.nanda3032@company.com
503548,Sanjay Yadav,26,HR,Pune,58733.75,0.1,Unknown,Diploma,09-04-2025,5.5,sanjay.yadav3548@company.com
500175,Karan Mishra,30,IT,Chennai,56841.58,34.9,Inactive,PhD,10-12-2020,5,karan.mishra175@company.com
500576,Sneha Chauhan,44,IT,Bengaluru,44544.65,12.5,Inactive,Diploma,26-12-2015,8.6,sneha.chauhan576@company.com
502172,Manish Pandey,58,Operations,Hyderabad,36777.33,23.2,Active,Bachelors,21-08-2021,7.1,manish.pandey2172@company.com
504402,Pooja Pandey,24,Marketing,Unknown,87206.25,3.8,Active,Bachelors,07-02-2015,1.8,pooja.pandey4402@company.com
503688,Anjali Mishra,27,Operations,Kolkata,86658.38,31.2,Active,Bachelors,03-11-2018,8.1,anjali.mishra3688@company.com
503092,Anjali Agarwal,52,Support,Unknown,80021.42,27.7,On Leave,PhD,07-03-2016,6.6,anjali.agarwal3092@company.com
500234,Priya Goel,52,Sales,Unknown,113321.35,13.2,On Leave,Bachelors,19-04-2019,9.2,priya.goel234@company.com
501594,Sanjay Saxena,42,Finance,Unknown,36194.57,17.4,On Leave,Bachelors,09-12-2015,5,sanjay.saxena1594@company.com
501663,Gaurav Thakur,35,Sales,Ahmedabad,62025.31,26.6,Unknown,Unknown,19-09-2019,3.5,gaurav.thakur1663@company.com
503420,Nikhil Yadav,56,Operations,Mumbai,127725.97,24.1,On Leave,PhD,26-06-2016,9.5,nikhil.yadav3420@company.com
500619,Ritu Yadav,42,HR,Mumbai,29763.85,28.6,On Leave,Masters,04-06-2017,5.5,ritu.yadav619@company.com
502305,Rohan Malik,29,Marketing,Delhi,117697.12,21.4,Active,PhD,17-07-2023,5.9,rohan.malik2305@company.com
502297,Nikhil Bansal,40,Unknown,Ahmedabad,88644.03,6,On Leave,PhD,12-06-2021,5.4,nikhil.bansal2297@company.com
501503,Nikhil Khanna,50,Unknown,Mumbai,34534.23,4.1,Active,Unknown,24-07-2023,8.4,nikhil.khanna1503@company.com
504571,Neha Chauhan,30,Operations,Bengaluru,146467.25,31.9,Active,Unknown,02-07-2020,5.5,neha.chauhan4571@company.com
501058,Neha Agarwal,53,Unknown,Unknown,102839.08,22,Inactive,Masters,03-02-2022,1.5,neha.agarwal1058@company.com
501047,Anjali Bhatia,35,IT,Unknown,84509.32,13.7,Active,Bachelors,09-09-2022,8.1,anjali.bhatia1047@company.com
504193,Rahul Malik,56,Marketing,Delhi,142507.38,18,Unknown,Bachelors,04-03-2025,5,rahul.malik4193@company.com
500787,Nisha Yadav,44,Operations,Mumbai,84509.32,17.6,Inactive,Unknown,10-03-2023,5.8,nisha.yadav787@company.com
504306,Kavita Nanda,40,Finance,Kolkata,84509.32,13.2,Active,Unknown,20-06-2024,5.7,kavita.nanda4306@company.com
504829,Arjun Ghosh,28,Marketing,Jaipur,132957.93,19.9,Inactive,Masters,22-02-2020,4.7,arjun.ghosh4829@company.com
504187,Nisha Khanna,45,Operations,Ahmedabad,55082.2,22.6,Active,Unknown,16-11-2020,5.5,nisha.khanna4187@company.com
501777,Ashok Saxena,38,Marketing,Bengaluru,97962.39,31.5,Active,Unknown,14-03-2017,2.3,ashok.saxena1777@company.com
502493,Preeti Chauhan,31,Unknown,Unknown,70704.31,16.6,Active,PhD,11-11-2018,8.3,preeti.chauhan2493@company.com
502593,Deepak Dixit,31,Unknown,Unknown,52442.74,34,Active,Bachelors,23-04-2016,1.2,deepak.dixit2593@company.com
504396,Vijay Choudhary,42,Sales,Chennai,124187.79,4,Inactive,Diploma,19-11-2020,5.5,vijay.choudhary4396@company.com
501985,Swati Malik,48,Finance,Lucknow,40078.04,8.2,Active,Masters,05-09-2025,4.8,swati.malik1985@company.com
500431,  Ritu Saxena  ,37,Sales,Kolkata,34940.57,18,Active,Unknown,18-07-2023,4.1,ritu.saxena431@company.com
502332,Nisha Ghosh,58,Marketing,Mumbai,129942.88,6.6,Active,PhD,04-03-2016,8.6,nisha.ghosh2332@company.com
502961,Vijay Choudhary,46,Unknown,Chennai,96068.28,17.6,Unknown,Masters,23-05-2018,9.8,Not Provided
504232,Rajesh Yadav,33,IT,Chennai,91508.69,7.3,Inactive,Diploma,25-03-2019,7.6,rajesh.yadav4232@company.com
502793,Nikhil Bose,26,Logistics,Jaipur,104293.87,5.4,On Leave,Masters,13-01-2019,1.7,nikhil.bose2793@company.com
504027,Rahul Mishra,45,Unknown,Chennai,43584.75,34.9,Unknown,PhD,27-08-2022,5.5,rahul.mishra4027@company.com
500534,Isha Mishra,31,Finance,Pune,110989.7,20.6,Inactive,Bachelors,23-05-2021,9,isha.mishra534@company.com
504208,Sanjay Saxena,48,Finance,Unknown,130981.88,5.2,Unknown,Bachelors,06-04-2022,5.4,sanjay.saxena4208@company.com
502090,Isha Bose,52,Finance,Unknown,147822.35,30.7,Unknown,Diploma,20-03-2017,3.3,isha.bose2090@company.com
503182,Isha Sinha,59,Finance,Delhi,130747.09,31.4,Inactive,Unknown,27-09-2015,6.7,isha.sinha3182@company.com
502729,Rahul Yadav,59,Support,Delhi,85274.41,7.5,Inactive,Masters,21-07-2018,2.2,rahul.yadav2729@company.com
501654,Suresh Yadav,42,Unknown,Chennai,84509.32,6.1,Unknown,Masters,20-04-2017,8.2,suresh.yadav1654@company.com
503018,Preeti Mishra,32,Marketing,Unknown,22399.05,8,On Leave,Unknown,05-12-2017,5.5,preeti.mishra3018@company.com
503667,Anjali Dixit,59,HR,Delhi,55686.91,24.4,On Leave,Diploma,05-03-2022,1.5,anjali.dixit3667@company.com
502036,Nisha Khanna,21,Marketing,Unknown,84509.32,8.7,Active,Masters,03-10-2015,5.5,nisha.khanna2036@company.com
504390,Anjali Chauhan,50,Sales,Bengaluru,146912.77,32,Inactive,Masters,14-05-2015,9.2,anjali.chauhan4390@company.com
501843,Suresh Dixit,35,Operations,Ahmedabad,84509.32,9.5,Inactive,Bachelors,21-09-2017,6.3,suresh.dixit1843@company.com
502929,Vikram Chauhan,29,Support,Chennai,112753.56,24,Active,Diploma,08-05-2019,8.1,vikram.chauhan2929@company.com
504423,Gaurav Trivedi,27,IT,Pune,64648.01,17.2,Inactive,Masters,03-11-2020,5.5,gaurav.trivedi4423@company.com
502819,Amit Agarwal,49,IT,Delhi,60124.03,17.6,Active,PhD,06-01-2024,4.2,amit.agarwal2819@company.com
503035,Simran Yadav,53,Logistics,Delhi,98766.07,24.2,On Leave,Bachelors,06-08-2021,7.4,simran.yadav3035@company.com
503467,Gaurav Sinha,38,Logistics,Unknown,22030.1,34.6,Unknown,Unknown,25-07-2021,4.4,gaurav.sinha3467@company.com
500041,Deepak Khanna,38,Logistics,Mumbai,71005.87,6.9,Active,Diploma,02-08-2025,5.5,deepak.khanna41@company.com
501562,Pooja Dixit,35,Support,Hyderabad,130492.21,31.6,Active,PhD,20-04-2018,7.6,pooja.dixit1562@company.com
503010,Simran Agarwal,25,IT,Unknown,47425.06,28.9,Inactive,PhD,08-12-2018,8.1,simran.agarwal3010@company.com
504952,Divya Nanda,40,Marketing,Lucknow,148396.94,26.4,Unknown,Masters,11-02-2025,3.3,divya.nanda4952@company.com
504558,Suresh Saxena,51,Marketing,Mumbai,56760.54,14.6,Active,Unknown,15-10-2017,8.8,suresh.saxena4558@company.com
503797,Preeti Thakur,58,HR,Unknown,70376.37,16,Unknown,PhD,13-03-2020,7.9,preeti.thakur3797@company.com
501951,Gaurav Dixit,24,Sales,Jaipur,86620.21,17.6,Inactive,Diploma,25-10-2019,1.5,gaurav.dixit1951@company.com
500685,  Arjun Mishra  ,35,Operations,Unknown,102075.55,3.8,Inactive,PhD,16-08-2021,9.9,arjun.mishra685@company.com
501079,Arjun Ghosh,52,Logistics,Delhi,138593.98,29.3,Active,Masters,23-12-2023,4.5,arjun.ghosh1079@company.com
500607,Isha Dixit,24,Support,Hyderabad,130468.02,3,Inactive,Diploma,20-06-2025,6,isha.dixit607@company.com
504742,Neha Thakur,29,Sales,Jaipur,79811.35,31.1,Inactive,Unknown,20-01-2018,6.1,neha.thakur4742@company.com
502006,Sneha Choudhary,38,Unknown,Chennai,130546.72,22.9,Inactive,Bachelors,17-10-2016,1.4,sneha.choudhary2006@company.com
502076,Gaurav Goel,41,Operations,Unknown,88234.17,13.1,Inactive,Unknown,13-03-2015,4.7,gaurav.goel2076@company.com
501486,Nikhil Saxena,56,Marketing,Lucknow,84509.32,22.6,On Leave,Bachelors,05-03-2022,9.5,nikhil.saxena1486@company.com
500030,Preeti Bose,55,Unknown,Ahmedabad,84509.32,24.1,On Leave,Unknown,26-08-2019,3.9,preeti.bose30@company.com
501337,Neha Goel,27,Finance,Mumbai,53219.61,4.5,Unknown,Masters,15-07-2024,6.8,neha.goel1337@company.com
501551,Gaurav Goel,37,Marketing,Chennai,23665.89,29.1,Unknown,Unknown,23-11-2023,1.1,gaurav.goel1551@company.com
501368,Preeti Agarwal,38,Sales,Hyderabad,38921.24,30.7,Inactive,Masters,14-01-2018,3.2,preeti.agarwal1368@company.com
504802,Vijay Chauhan,28,IT,Delhi,104077.51,22.7,On Leave,Unknown,11-05-2021,5.5,vijay.chauhan4802@company.com
501924,Nisha Bansal,57,Logistics,Delhi,22505.82,3.5,Unknown,Masters,10-03-2025,3.3,nisha.bansal1924@company.com
501772,Swati Goel,26,Operations,Unknown,84509.32,21.2,Active,Bachelors,09-08-2015,1.3,swati.goel1772@company.com
500779,Rahul Bose,51,Sales,Unknown,55138.06,6.8,On Leave,PhD,19-10-2016,8,rahul.bose779@company.com
502273,Rahul Malik,34,IT,Bengaluru,126205.73,32.3,Active,Bachelors,02-01-2018,7.3,rahul.malik2273@company.com
502994,Nikhil Sinha,25,Marketing,Ahmedabad,86848.68,19.6,Active,Bachelors,24-08-2015,9.1,nikhil.sinha2994@company.com
501139,Divya Dixit,51,HR,Chennai,65398.1,14.8,Unknown,Diploma,18-06-2023,6.8,divya.dixit1139@company.com
500240,Arjun Sinha,42,Operations,Chennai,132337.11,24.3,Inactive,Masters,05-07-2018,3.9,arjun.sinha240@company.com
504040,  Rohan Bose  ,51,Marketing,Chennai,93001.17,26.7,Inactive,Bachelors,16-11-2025,5,rohan.bose4040@company.com
502229,  Arjun Bhatia  ,40,Unknown,Ahmedabad,51916.75,22.8,Active,Bachelors,16-08-2025,5.5,arjun.bhatia2229@company.com
504470,Kavita Pandey,49,Marketing,Unknown,84509.32,17.6,Active,Bachelors,01-11-2022,7.5,kavita.pandey4470@company.com
502745,Preeti Malik,31,Unknown,Mumbai,65233.46,6.4,Unknown,Unknown,23-11-2025,7.6,preeti.malik2745@company.com
500310,Ashok Choudhary,31,Marketing,Hyderabad,121789.43,24.1,On Leave,Unknown,03-02-2020,6,ashok.choudhary310@company.com
503319,Priya Saxena,40,Sales,Hyderabad,84509.32,13.8,Unknown,PhD,09-08-2015,5.5,priya.saxena3319@company.com
500151,Gaurav Malik,36,IT,Lucknow,30864.51,17.6,On Leave,Diploma,11-10-2022,5.5,gaurav.malik151@company.com
502885,Sanjay Sinha,49,Logistics,Bengaluru,39402.37,8.1,Inactive,Diploma,14-02-2021,4.8,sanjay.sinha2885@company.com
500153,Karan Trivedi,28,Sales,Lucknow,75880.26,27.3,Unknown,PhD,26-06-2018,4.4,karan.trivedi153@company.com
503754,  Nisha Ghosh  ,26,Operations,Chennai,40264.78,24.9,Inactive,Bachelors,01-05-2020,5.7,nisha.ghosh3754@company.com
501422,Meena Bansal,40,Marketing,Kolkata,148847.66,16.8,Active,Masters,02-11-2023,3.2,meena.bansal1422@company.com
502484,Nisha Chauhan,47,Unknown,Mumbai,85959.06,12.7,On Leave,Diploma,18-08-2018,8.5,nisha.chauhan2484@company.com
502628,Priya Rastogi,50,Finance,Mumbai,30720.29,34.3,Inactive,PhD,24-07-2018,7,priya.rastogi2628@company.com
500777,Shreya Thakur,27,Sales,Ahmedabad,122377.93,28.7,Active,Unknown,25-05-2022,5.3,shreya.thakur777@company.com
501370,Pooja Trivedi,27,IT,Pune,106397.08,33,Unknown,PhD,19-05-2024,8.3,pooja.trivedi1370@company.com
501441,Anjali Trivedi,56,Marketing,Chennai,147696.06,10.2,Inactive,Diploma,10-05-2015,3.1,anjali.trivedi1441@company.com
500461,Isha Yadav,59,IT,Chennai,84509.32,21.4,Active,Masters,13-12-2020,1.7,isha.yadav461@company.com
501677,Manish Goel,53,HR,Mumbai,21388.98,17.2,Unknown,Bachelors,12-10-2020,9.1,manish.goel1677@company.com
500563,Arjun Rastogi,55,Unknown,Bengaluru,79374.99,5,On Leave,Bachelors,21-10-2024,5.7,arjun.rastogi563@company.com
501899,Priya Rastogi,36,Support,Mumbai,133854.84,32.2,On Leave,Masters,14-09-2018,5.7,priya.rastogi1899@company.com
503127,Nisha Agarwal,51,Sales,Jaipur,148753.48,19.4,Inactive,Unknown,11-12-2021,2.9,nisha.agarwal3127@company.com
503410,Suresh Khanna,52,Finance,Unknown,36611.7,6.2,Inactive,Diploma,01-12-2016,2.6,suresh.khanna3410@company.com
503529,Rajesh Saxena,57,Unknown,Delhi,85784.24,8.9,Inactive,Unknown,04-12-2016,5.3,rajesh.saxena3529@company.com
503783,Karan Saxena,40,IT,Bengaluru,86233.32,17.6,Active,Diploma,02-03-2015,6.8,karan.saxena3783@company.com
500471,Vikram Dixit,35,HR,Ahmedabad,43344.3,31.8,Unknown,Unknown,25-11-2019,4.9,vikram.dixit471@company.com
503154,Ritu Bhatia,24,Unknown,Jaipur,118728.46,31.1,Unknown,Bachelors,16-08-2020,9.4,ritu.bhatia3154@company.com
504559,Sneha Yadav,37,Sales,Bengaluru,84509.32,0.9,On Leave,Bachelors,20-02-2019,3.1,sneha.yadav4559@company.com
500309,Kavita Pandey,40,Sales,Unknown,145415.09,22.9,Unknown,Masters,23-05-2016,3,kavita.pandey309@company.com
500072,Meena Malik,40,IT,Delhi,86567.82,2.8,Inactive,Diploma,18-07-2017,8,meena.malik72@company.com
500002,Ashok Rastogi,29,Finance,Delhi,89452.92,20.3,Unknown,Unknown,03-09-2024,6.5,ashok.rastogi2@company.com
500198,Rajesh Saxena,27,Support,Chennai,60165.69,24.5,Active,Diploma,05-03-2015,7.1,rajesh.saxena198@company.com
500595,Sanjay Thakur,49,Support,Hyderabad,55280.3,21.2,Inactive,Bachelors,23-11-2022,1.6,sanjay.thakur595@company.com
502938,Ashok Saxena,40,Sales,Chennai,84509.32,20.2,On Leave,Bachelors,20-06-2022,9.4,ashok.saxena2938@company.com
503475,Amit Bhatia,37,Finance,Lucknow,25269.1,6.7,On Leave,Masters,03-08-2021,5.7,amit.bhatia3475@company.com
500628,Sneha Mishra,29,Finance,Lucknow,81053.22,16.7,Inactive,PhD,17-01-2024,4.3,sneha.mishra628@company.com
503244,Shreya Thakur,49,Sales,Pune,120789.58,20.4,Inactive,Unknown,15-10-2019,4.1,shreya.thakur3244@company.com
500654,Neha Agarwal,40,Unknown,Chennai,84509.32,33.1,On Leave,Bachelors,09-08-2020,5.5,neha.agarwal654@company.com
502816,Rahul Nanda,59,Finance,Bengaluru,97502.37,3.8,Inactive,Bachelors,24-06-2018,5.5,rahul.nanda2816@company.com
501014,Vikram Nanda,33,IT,Unknown,27948.98,7.9,Active,Unknown,08-07-2024,9.2,vikram.nanda1014@company.com
500684,Vikram Trivedi,27,HR,Chennai,122037.79,19.1,Unknown,Bachelors,06-11-2025,5.1,vikram.trivedi684@company.com
502335,Vikram Nanda,40,Operations,Unknown,71841.25,28.1,Inactive,Unknown,21-01-2017,3.3,vikram.nanda2335@company.com
503047,Anjali Khanna,40,Unknown,Chennai,45226.14,30.8,Unknown,Unknown,04-02-2020,4.8,anjali.khanna3047@company.com
501895,Ashok Sinha,23,Operations,Bengaluru,21266.19,26.7,Active,Unknown,08-05-2017,7,ashok.sinha1895@company.com
502452,  Pooja Pandey  ,29,Unknown,Kolkata,140117.81,8.8,Unknown,PhD,21-05-2022,3.3,Not Provided
500362,Kavita Bansal,35,IT,Chennai,118222.39,4.5,Inactive,Masters,16-03-2017,2.2,kavita.bansal362@company.com
501384,Anjali Bansal,33,Sales,Hyderabad,98068.44,32.5,Inactive,Unknown,24-03-2022,7.8,anjali.bansal1384@company.com
502627,Shreya Khanna,43,Marketing,Unknown,65727.76,17.6,Active,Bachelors,07-02-2023,4,shreya.khanna2627@company.com
501657,Neha Rastogi,31,Support,Mumbai,143823.37,9.9,Unknown,PhD,01-09-2017,9,neha.rastogi1657@company.com
502274,Meena Chauhan,37,HR,Bengaluru,84643.84,3.4,Unknown,Bachelors,12-05-2024,2.6,meena.chauhan2274@company.com
503400,Kavita Chauhan,29,IT,Kolkata,138386.76,33,Active,Diploma,07-01-2019,3.9,kavita.chauhan3400@company.com
500960,Kavita Malik,51,IT,Kolkata,74939.15,13.4,Inactive,Diploma,13-07-2020,3,kavita.malik960@company.com
501765,Divya Bansal,40,Support,Chennai,89239.39,4.7,Inactive,Masters,27-12-2023,2.6,divya.bansal1765@company.com
500354,Vijay Yadav,45,Unknown,Pune,61358.6,23,Unknown,Diploma,17-05-2020,6.1,vijay.yadav354@company.com
502066,Nikhil Bose,32,Sales,Ahmedabad,34110.53,5.8,Inactive,Unknown,21-07-2022,5.7,nikhil.bose2066@company.com
504624,Divya Trivedi,27,Unknown,Mumbai,45280.3,25.3,Inactive,Masters,21-09-2025,8.9,divya.trivedi4624@company.com
501468,  Meena Saxena  ,32,Marketing,Chennai,57325.94,34.5,Inactive,Masters,12-08-2025,5.3,meena.saxena1468@company.com
501993,Rahul Pandey,56,Sales,Chennai,100334.09,6.7,On Leave,Unknown,23-07-2017,8.3,rahul.pandey1993@company.com
502914,Priya Trivedi,59,HR,Unknown,22193.37,10.1,Active,Masters,02-01-2023,3.9,priya.trivedi2914@company.com
503530,Deepak Nanda,44,HR,Hyderabad,21845.76,15.8,Unknown,Bachelors,05-07-2018,7.7,deepak.nanda3530@company.com
502450,Arjun Goel,32,Support,Delhi,133865.36,11.5,Inactive,Masters,18-05-2023,9.4,arjun.goel2450@company.com
501914,Gaurav Thakur,58,Marketing,Bengaluru,83387.92,3.1,On Leave,Bachelors,04-06-2017,7,gaurav.thakur1914@company.com
500613,Neha Malik,26,Marketing,Chennai,126576.94,1.8,Active,Masters,15-03-2022,5.2,neha.malik613@company.com
502771,Swati Saxena,34,Finance,Jaipur,144695.86,6.3,Inactive,Bachelors,04-08-2025,1.1,swati.saxena2771@company.com
501925,Kavita Sinha,46,Unknown,Chennai,56814.26,2.5,On Leave,Diploma,06-06-2016,8.4,kavita.sinha1925@company.com
504576,Anjali Malik,50,Marketing,Lucknow,83877.74,32.9,Inactive,Masters,22-06-2015,5.5,anjali.malik4576@company.com
504172,Preeti Mishra,45,HR,Mumbai,84509.32,26.1,Unknown,Bachelors,15-06-2019,9.3,preeti.mishra4172@company.com
502621,Suresh Saxena,39,Finance,Unknown,58947.94,18.6,Unknown,Unknown,12-06-2016,6.2,suresh.saxena2621@company.com
504099,Karan Ghosh,37,Finance,Chennai,126309.63,33.9,On Leave,Bachelors,26-09-2022,9.8,karan.ghosh4099@company.com
503436,Nikhil Ghosh,28,Marketing,Kolkata,86104.42,5.1,Unknown,Unknown,19-08-2019,5.5,nikhil.ghosh3436@company.com
504707,Vijay Thakur,39,Unknown,Mumbai,56902.85,22,Active,Masters,12-09-2020,1.7,vijay.thakur4707@company.com
502514,Ritu Pandey,37,Logistics,Unknown,85035.75,17.6,Active,Bachelors,18-07-2021,7.7,ritu.pandey2514@company.com
501112,Meena Dixit,40,IT,Hyderabad,47532.16,21.1,Unknown,Unknown,17-07-2015,1.1,meena.dixit1112@company.com
503171,Meena Thakur,37,Finance,Kolkata,38863.9,13.2,On Leave,Unknown,27-07-2017,8.3,meena.thakur3171@company.com
502213,Priya Ghosh,52,Logistics,Hyderabad,125467.19,13.1,Active,Unknown,02-05-2020,7.9,priya.ghosh2213@company.com
503004,Amit Agarwal,58,Marketing,Unknown,87647.62,13.2,On Leave,Diploma,24-09-2023,9.8,amit.agarwal3004@company.com
501672,  Simran Yadav  ,21,HR,Hyderabad,99499.67,19.9,On Leave,Masters,07-09-2024,6.1,simran.yadav1672@company.com
503063,Gaurav Khanna,45,Sales,Kolkata,97028.41,14.6,Active,Unknown,09-04-2020,3.2,gaurav.khanna3063@company.com
504660,Rajesh Trivedi,34,Support,Unknown,144988.1,12.8,Inactive,Unknown,11-04-2019,4.5,rajesh.trivedi4660@company.com
504019,Neha Yadav,29,Unknown,Unknown,57014.66,32.5,Active,Unknown,18-07-2024,8.4,neha.yadav4019@company.com
502338,Simran Saxena,56,Finance,Bengaluru,129453.81,14,On Leave,Unknown,12-06-2023,6.5,simran.saxena2338@company.com
500188,Ritu Agarwal,24,IT,Chennai,122467.42,19.6,Active,Unknown,08-06-2018,5.5,ritu.agarwal188@company.com
502871,Divya Bansal,54,Sales,Kolkata,64304.58,34.4,Inactive,PhD,25-10-2023,5.8,divya.bansal2871@company.com
503843,Priya Goel,49,Marketing,Lucknow,30634.1,22.1,Active,Bachelors,15-12-2024,1.6,priya.goel3843@company.com
500129,Suresh Malik,26,Finance,Mumbai,50684.94,12.6,Inactive,Diploma,02-12-2023,1.4,suresh.malik129@company.com
504769,Rahul Trivedi,40,Sales,Mumbai,27660.32,5.9,Unknown,Bachelors,27-11-2025,1.9,rahul.trivedi4769@company.com
501270,Neha Rastogi,50,Finance,Kolkata,103354.95,2.8,Active,Bachelors,15-12-2015,5.5,neha.rastogi1270@company.com
502437,Suresh Bansal,38,IT,Lucknow,34185.99,17.6,Active,Masters,04-02-2021,5,suresh.bansal2437@company.com
501515,Shreya Mishra,40,Support,Kolkata,118817.68,10.4,Unknown,Masters,05-09-2020,5.2,shreya.mishra1515@company.com
504628,Nikhil Yadav,40,IT,Mumbai,29198.55,4.4,Inactive,Masters,10-03-2023,5.9,nikhil.yadav4628@company.com
502011,Pooja Sinha,34,Sales,Ahmedabad,114880.4,27.9,On Leave,Unknown,06-06-2019,3.9,pooja.sinha2011@company.com
503242,Anjali Rastogi,45,Operations,Ahmedabad,89730.02,30.8,Inactive,Unknown,12-04-2020,5.5,anjali.rastogi3242@company.com
501768,Vijay Nanda,47,Unknown,Unknown,37235.1,3.9,Active,Unknown,22-05-2025,8.9,vijay.nanda1768@company.com
504430,  Swati Mishra  ,52,Marketing,Hyderabad,77867.34,4.5,Active,PhD,07-02-2022,1.2,swati.mishra4430@company.com
504312,Rohan Bose,58,HR,Ahmedabad,47031.41,17.6,On Leave,Bachelors,21-07-2017,3.7,rohan.bose4312@company.com
500211,Swati Khanna,34,Finance,Bengaluru,80201.91,0.8,Inactive,Bachelors,27-05-2025,9.1,swati.khanna211@company.com
501637,Divya Mishra,36,Marketing,Delhi,94002.21,16,Unknown,Bachelors,13-12-2016,2.7,divya.mishra1637@company.com
500005,Manish Dixit,59,Marketing,Pune,125029.62,14.1,Inactive,Unknown,24-08-2022,7.4,manish.dixit5@company.com
500520,Sanjay Chauhan,29,Finance,Unknown,126744.5,28.1,Inactive,Unknown,06-11-2017,2,sanjay.chauhan520@company.com
500577,Isha Ghosh,56,Support,Delhi,22916.6,26.7,Active,Unknown,26-11-2020,3.2,isha.ghosh577@company.com
502854,Kavita Pandey,29,Unknown,Chennai,119828.49,2.7,Active,Masters,27-12-2018,3.9,kavita.pandey2854@company.com
502969,Isha Mishra,40,Marketing,Jaipur,114554.84,23.9,Active,Unknown,05-12-2018,5.2,isha.mishra2969@company.com
500425,Nisha Rastogi,48,Finance,Delhi,66155.73,32.1,Inactive,Unknown,14-07-2017,8.1,nisha.rastogi425@company.com
501743,Nisha Trivedi,46,IT,Lucknow,23988.79,24.8,Active,Masters,20-03-2020,3.5,nisha.trivedi1743@company.com
503283,Simran Bhatia,27,IT,Bengaluru,27458.37,26.6,Inactive,Unknown,08-04-2018,1.1,simran.bhatia3283@company.com
504514,Manish Choudhary,26,Support,Delhi,27898.53,0.9,Inactive,Unknown,11-06-2018,9.1,manish.choudhary4514@company.com
504030,Karan Khanna,50,Logistics,Kolkata,55422.14,30.4,On Leave,Diploma,03-02-2021,5.2,karan.khanna4030@company.com
501381,Sneha Agarwal,40,Sales,Chennai,22514.29,10.5,Active,Masters,24-06-2023,3.5,sneha.agarwal1381@company.com
502508,Preeti Sinha,37,Logistics,Chennai,70816,24.3,Inactive,Bachelors,10-10-2022,6.9,preeti.sinha2508@company.com
502238,Simran Choudhary,23,Unknown,Lucknow,137147.49,30.7,Active,PhD,04-02-2022,8.9,simran.choudhary2238@company.com
503502,Deepak Nanda,56,Unknown,Bengaluru,145717.38,10,Active,Masters,11-09-2021,5.5,deepak.nanda3502@company.com
502684,  Anjali Ghosh  ,27,Logistics,Lucknow,86632.46,6.8,Active,PhD,24-12-2023,1.5,anjali.ghosh2684@company.com
501509,Amit Goel,35,HR,Ahmedabad,45047.11,20.7,Unknown,Masters,18-02-2020,5.5,amit.goel1509@company.com
504509,Ashok Bhatia,51,Unknown,Chennai,69007.39,29.4,Inactive,Unknown,25-09-2022,1.8,ashok.bhatia4509@company.com
500734,Priya Malik,45,Logistics,Mumbai,104498.46,26.2,Inactive,Unknown,03-06-2022,8.8,priya.malik734@company.com
502220,Nikhil Goel,49,Sales,Jaipur,82083.7,31.5,Active,Diploma,07-06-2021,6.7,nikhil.goel2220@company.com
501520,Rohan Trivedi,44,HR,Unknown,65014.42,7.2,Unknown,Bachelors,01-06-2023,4.2,rohan.trivedi1520@company.com
502068,Manish Thakur,38,Unknown,Mumbai,24483.43,0,Inactive,Unknown,23-11-2015,7.5,manish.thakur2068@company.com
502454,Ashok Malik,56,Marketing,Kolkata,89617.1,20.5,Inactive,Bachelors,21-03-2018,8.1,ashok.malik2454@company.com
504653,Shreya Trivedi,23,Logistics,Delhi,127425.48,0.9,Unknown,Diploma,04-04-2023,9.1,shreya.trivedi4653@company.com
503984,Deepak Mishra,49,IT,Kolkata,56598.68,11.9,Unknown,Masters,07-10-2018,6.5,deepak.mishra3984@company.com
501179,Preeti Choudhary,33,Support,Kolkata,63849.32,29.1,On Leave,Unknown,05-05-2021,5.7,preeti.choudhary1179@company.com
503003,Swati Bansal,33,Sales,Kolkata,128967.55,5.2,Inactive,Unknown,06-05-2023,3.6,swati.bansal3003@company.com
500104,Anjali Mishra,30,IT,Chennai,69833.31,7.5,Inactive,Unknown,16-12-2021,1.4,anjali.mishra104@company.com
504440,Suresh Sinha,56,Sales,Unknown,111724.7,29.6,Inactive,Unknown,12-10-2017,8.4,suresh.sinha4440@company.com
500087,Manish Pandey,31,Unknown,Delhi,84509.32,14.2,Active,Unknown,17-01-2016,3.7,manish.pandey87@company.com
503600,Nikhil Sinha,23,Logistics,Unknown,30696.77,11.6,Inactive,Diploma,22-05-2020,6.7,nikhil.sinha3600@company.com
503474,Rahul Choudhary,31,Finance,Jaipur,120335.13,17.4,Inactive,Bachelors,08-02-2018,1.6,rahul.choudhary3474@company.com
504488,Sneha Saxena,41,Logistics,Mumbai,50511.71,5.7,Inactive,Bachelors,10-10-2021,1.7,sneha.saxena4488@company.com
501769,Nikhil Dixit,58,Unknown,Lucknow,149818.49,20.2,Inactive,Masters,09-02-2015,5.5,nikhil.dixit1769@company.com
504633,Gaurav Choudhary,57,Marketing,Kolkata,84509.32,6.9,Unknown,Unknown,14-07-2019,8.6,gaurav.choudhary4633@company.com
501699,Sanjay Agarwal,37,Sales,Bengaluru,85129.33,15.2,On Leave,Diploma,17-02-2022,6.1,sanjay.agarwal1699@company.com
503203,  Pooja Thakur  ,46,Sales,Lucknow,85783.94,25.5,Inactive,Bachelors,19-06-2022,6.1,pooja.thakur3203@company.com
501531,Meena Yadav,46,Marketing,Lucknow,68672.21,33.7,Active,Masters,26-06-2016,7,meena.yadav1531@company.com
500004,Vijay Nanda,29,Sales,Bengaluru,149261.33,18.2,Active,Masters,08-11-2019,7.6,vijay.nanda4@company.com
504428,Rajesh Bhatia,32,Logistics,Jaipur,27208.42,24.9,Inactive,PhD,24-07-2020,5.3,Not Provided
500370,Swati Sinha,40,IT,Chennai,141359.92,8.2,Active,Bachelors,08-07-2025,7.7,swati.sinha370@company.com
503719,Manish Bhatia,45,Sales,Delhi,125207.43,9.2,Unknown,Unknown,18-04-2018,3.1,manish.bhatia3719@company.com
500333,Ritu Trivedi,34,IT,Kolkata,109889.35,24.5,On Leave,Masters,26-10-2021,7.1,ritu.trivedi333@company.com
501956,Anjali Ghosh,29,Operations,Mumbai,149532.25,10.8,Inactive,Unknown,19-02-2016,5,anjali.ghosh1956@company.com
500367,Kavita Bansal,42,Sales,Unknown,32439.54,25.9,On Leave,Bachelors,01-12-2020,6.9,kavita.bansal367@company.com
500118,Neha Choudhary,31,Operations,Mumbai,94210.52,6.1,On Leave,Diploma,19-04-2019,2.1,neha.choudhary118@company.com
500641,Kavita Saxena,26,Marketing,Unknown,71824.93,30.5,Active,Unknown,24-06-2024,5.3,kavita.saxena641@company.com
503565,Pooja Ghosh,48,Unknown,Delhi,146355.39,10.6,Active,Unknown,20-05-2017,5.4,pooja.ghosh3565@company.com
504668,Vijay Pandey,22,Sales,Chennai,26841.1,6.6,Unknown,Unknown,10-02-2023,9.9,vijay.pandey4668@company.com
500301,Meena Khanna,49,Logistics,Lucknow,123293.23,17.6,Unknown,Bachelors,25-01-2019,7.3,meena.khanna301@company.com
501847,Simran Trivedi,40,Sales,Lucknow,42411.45,22.4,Active,PhD,02-04-2024,7.8,simran.trivedi1847@company.com
503746,Isha Khanna,40,Sales,Unknown,143419.67,27.2,On Leave,Unknown,01-05-2022,5.5,isha.khanna3746@company.com
501876,Ritu Bansal,30,Marketing,Chennai,84301.09,31.6,Inactive,Masters,08-11-2024,2,ritu.bansal1876@company.com
501629,Anjali Thakur,34,Unknown,Unknown,40384.47,9.5,On Leave,PhD,16-01-2016,9.7,anjali.thakur1629@company.com
504865,Karan Chauhan,27,Sales,Delhi,84509.32,9.3,On Leave,Bachelors,24-03-2018,7.4,karan.chauhan4865@company.com
500326,Vijay Mishra,59,Marketing,Chennai,123978.69,25.9,Inactive,PhD,16-03-2015,9,vijay.mishra326@company.com
502184,Shreya Agarwal,33,HR,Ahmedabad,106546.55,15.6,Inactive,Unknown,05-10-2022,8.9,shreya.agarwal2184@company.com
502757,Kavita Bose,32,Support,Delhi,123844.75,17.6,Unknown,Masters,20-03-2017,9.3,kavita.bose2757@company.com
503742,Deepak Trivedi,56,Sales,Unknown,39768.08,26.3,Unknown,Masters,11-05-2024,5.5,deepak.trivedi3742@company.com
502008,Nisha Trivedi,58,Support,Delhi,84509.32,15.8,Unknown,PhD,20-05-2019,5.5,nisha.trivedi2008@company.com
502448,Rahul Mishra,54,Unknown,Jaipur,62842.37,26.3,Unknown,Unknown,02-02-2023,5.5,rahul.mishra2448@company.com
504158,Nikhil Dixit,25,Unknown,Hyderabad,78783.28,23.4,Inactive,Masters,14-07-2022,5.3,nikhil.dixit4158@company.com
504830,Neha Dixit,58,Logistics,Unknown,89123.29,33.8,On Leave,Bachelors,02-09-2020,9.8,neha.dixit4830@company.com
502607,Nisha Agarwal,29,Sales,Delhi,20001.27,27.6,Active,Bachelors,12-12-2023,5.5,nisha.agarwal2607@company.com
500943,Gaurav Rastogi,49,Sales,Chennai,79636.4,18.3,Inactive,Masters,26-11-2024,2.5,gaurav.rastogi943@company.com
503712,  Swati Yadav  ,56,Sales,Mumbai,30586.07,2.6,Inactive,Masters,04-12-2017,3,swati.yadav3712@company.com
501424,Preeti Khanna,58,Marketing,Pune,84509.32,29.1,Inactive,Masters,03-09-2022,2.4,preeti.khanna1424@company.com
504879,Nikhil Yadav,27,Finance,Pune,111574.66,18.5,Inactive,Bachelors,08-01-2019,1,nikhil.yadav4879@company.com
500045,Divya Dixit,39,Operations,Kolkata,38076.19,33.5,Inactive,Masters,10-06-2020,4.5,divya.dixit45@company.com
500644,Ritu Trivedi,50,Unknown,Lucknow,116348.62,31.8,Inactive,Masters,07-11-2023,5.5,ritu.trivedi644@company.com
500173,Suresh Bose,26,Unknown,Jaipur,72141.72,28.4,On Leave,PhD,23-10-2025,8.3,suresh.bose173@company.com
502800,  Vikram Bose  ,30,Unknown,Bengaluru,121160.87,31.4,Active,Unknown,23-11-2017,4.9,vikram.bose2800@company.com
503027,Vikram Malik,24,Marketing,Pune,100856.27,17.9,Active,Bachelors,13-03-2022,1.8,vikram.malik3027@company.com
502624,Sneha Bose,47,Unknown,Unknown,100123.37,23,Active,Diploma,04-01-2016,1.8,sneha.bose2624@company.com
503918,Amit Bose,22,Marketing,Lucknow,82589.73,8.4,Unknown,PhD,17-09-2019,2.5,amit.bose3918@company.com
502695,Ashok Choudhary,54,Sales,Delhi,119388.58,1,Unknown,Bachelors,18-10-2019,4.8,ashok.choudhary2695@company.com
502180,Isha Thakur,34,IT,Mumbai,33247.52,2.4,On Leave,Bachelors,03-11-2017,6.9,isha.thakur2180@company.com
502666,Manish Sinha,24,Unknown,Chennai,69255.68,32.9,Unknown,Bachelors,24-08-2017,7.8,manish.sinha2666@company.com
500181,Neha Bhatia,51,Logistics,Mumbai,20918.39,1.5,Active,Unknown,12-12-2016,4.9,neha.bhatia181@company.com
503238,Pooja Bose,25,Finance,Lucknow,78934.14,18.4,Inactive,Bachelors,11-07-2025,3.1,pooja.bose3238@company.com
503330,Gaurav Saxena,28,Support,Mumbai,129703.65,17.6,Active,Unknown,25-10-2018,6.8,gaurav.saxena3330@company.com
503167,Ritu Dixit,37,Unknown,Chennai,64775.17,2.1,Active,Diploma,17-10-2018,3.1,ritu.dixit3167@company.com
503235,Gaurav Bose,54,Finance,Delhi,58586.01,25.1,Unknown,PhD,02-04-2024,8.5,gaurav.bose3235@company.com
500573,Ritu Saxena,39,Logistics,Hyderabad,68175.59,25.5,Active,Masters,02-01-2015,1.5,ritu.saxena573@company.com
502582,Priya Sinha,23,Sales,Delhi,122827.99,13.7,Inactive,Masters,19-07-2025,1.6,priya.sinha2582@company.com
503239,Rajesh Pandey,37,Marketing,Bengaluru,98917.58,23.2,Unknown,Bachelors,04-05-2016,2.2,rajesh.pandey3239@company.com
501501,Anjali Chauhan,59,IT,Unknown,98287.2,2.4,Inactive,Masters,10-04-2019,8.5,anjali.chauhan1501@company.com
503698,Suresh Sinha,30,Support,Ahmedabad,45870.13,23.6,Inactive,Unknown,25-06-2025,1.6,suresh.sinha3698@company.com
501761,Amit Thakur,49,IT,Delhi,51701.02,6.2,Inactive,Masters,04-12-2020,4.2,amit.thakur1761@company.com
502163,Vikram Agarwal,47,Logistics,Chennai,26654.25,22.4,Active,Unknown,25-11-2020,9.2,vikram.agarwal2163@company.com
500015,Nikhil Rastogi,32,Support,Unknown,49595.27,1.7,Active,Masters,19-07-2018,4.6,nikhil.rastogi15@company.com
504260,Shreya Khanna,21,Unknown,Pune,61204.85,7.4,Unknown,PhD,13-04-2024,1.9,shreya.khanna4260@company.com
503645,Anjali Pandey,50,Operations,Unknown,69030.66,22.8,Active,Bachelors,20-07-2022,8.8,anjali.pandey3645@company.com
500540,Ashok Trivedi,57,Finance,Bengaluru,96372.16,15,Inactive,PhD,02-02-2022,5.3,ashok.trivedi540@company.com
501720,Rahul Yadav,22,Marketing,Hyderabad,23464.39,19.3,Active,Bachelors,06-10-2021,3.3,rahul.yadav1720@company.com
503168,Karan Bhatia,38,IT,Kolkata,60197.26,25.7,On Leave,Unknown,05-08-2025,2.8,karan.bhatia3168@company.com
501314,Ashok Rastogi,29,IT,Delhi,115708.09,13.4,Active,PhD,08-02-2023,5.6,ashok.rastogi1314@company.com
502187,Ritu Mishra,23,Marketing,Delhi,54673.38,6.5,Inactive,Unknown,07-08-2015,1.7,ritu.mishra2187@company.com
503553,Divya Agarwal,46,Marketing,Unknown,51161.32,15.7,Active,Diploma,01-12-2021,2.9,divya.agarwal3553@company.com
501144,Nikhil Agarwal,38,Logistics,Unknown,106218.28,14.4,On Leave,Diploma,22-07-2018,9,nikhil.agarwal1144@company.com
504607,Swati Bhatia,42,IT,Ahmedabad,84509.32,28,Unknown,PhD,06-02-2025,6.6,swati.bhatia4607@company.com
503118,Divya Chauhan,55,Operations,Bengaluru,140781.69,21,Active,PhD,07-04-2017,3.9,divya.chauhan3118@company.com
502955,Suresh Trivedi,55,Finance,Jaipur,141629.05,26.9,Inactive,Bachelors,09-12-2019,5.5,suresh.trivedi2955@company.com
501174,Nikhil Saxena,39,Unknown,Mumbai,32490.23,14.9,Active,Masters,21-06-2022,7,nikhil.saxena1174@company.com
502028,Arjun Mishra,53,Finance,Mumbai,72638.11,30.5,Inactive,PhD,23-06-2022,1.1,arjun.mishra2028@company.com
503540,Rohan Chauhan,53,Logistics,Chennai,92924.64,19,Inactive,Bachelors,24-02-2021,9,rohan.chauhan3540@company.com
504446,Rahul Bansal,30,Support,Bengaluru,110269,0.8,Inactive,Unknown,01-01-2018,5.5,rahul.bansal4446@company.com
500831,Simran Mishra,31,IT,Lucknow,75673.18,9,On Leave,Masters,14-11-2020,5.9,simran.mishra831@company.com
502030,Simran Bose,34,HR,Pune,24438.4,25.3,On Leave,Diploma,01-12-2019,9.9,simran.bose2030@company.com
501371,Arjun Nanda,51,IT,Mumbai,30341.93,7.5,Active,Bachelors,23-02-2015,5.5,arjun.nanda1371@company.com
501275,Swati Choudhary,39,Unknown,Bengaluru,133266.74,2.5,Unknown,Bachelors,13-09-2018,3.2,swati.choudhary1275@company.com
504782,Ashok Ghosh,43,IT,Kolkata,111049.06,11.4,Inactive,Masters,19-09-2025,4.7,ashok.ghosh4782@company.com
502512,Swati Bose,37,Operations,Chennai,134500.9,34.3,On Leave,Bachelors,02-07-2018,8.8,swati.bose2512@company.com
504657,Simran Saxena,47,Unknown,Delhi,91932.01,4.4,Inactive,Bachelors,22-02-2017,3.5,simran.saxena4657@company.com
502794,  Vikram Agarwal  ,40,IT,Lucknow,44816.11,17.6,Inactive,Unknown,24-09-2021,5.5,vikram.agarwal2794@company.com
502937,Arjun Chauhan,27,Operations,Delhi,63323.08,4,Active,Bachelors,01-02-2018,2.8,arjun.chauhan2937@company.com
504515,Amit Bhatia,33,Sales,Unknown,71674.64,24.8,Inactive,Bachelors,20-06-2015,6.6,Not Provided
503985,Sanjay Malik,56,Marketing,Mumbai,84509.32,12.3,Unknown,Unknown,16-07-2022,1.2,sanjay.malik3985@company.com
501950,Neha Ghosh,58,Logistics,Lucknow,29270.29,23.9,Active,PhD,02-02-2015,1.9,neha.ghosh1950@company.com
502479,Manish Bhatia,40,Logistics,Ahmedabad,96320.16,9.8,Inactive,Diploma,11-04-2018,1.4,manish.bhatia2479@company.com
504806,Meena Rastogi,28,Support,Chennai,69921.39,9.7,Unknown,Masters,15-08-2025,4.7,meena.rastogi4806@company.com
504248,Rajesh Goel,52,Sales,Chennai,84509.32,26.2,Unknown,Bachelors,06-04-2021,5.8,rajesh.goel4248@company.com
503435,Nisha Rastogi,36,Support,Pune,77074.83,28.1,Unknown,Bachelors,02-11-2020,5,nisha.rastogi3435@company.com
502074,Simran Khanna,53,Unknown,Bengaluru,98589.7,9.3,Active,Masters,07-12-2025,3.5,simran.khanna2074@company.com
501487,Gaurav Bose,50,Logistics,Mumbai,81322.54,22.1,Active,Masters,03-01-2024,9.7,gaurav.bose1487@company.com
504903,Shreya Bose,47,Unknown,Kolkata,104745.5,33.6,On Leave,Bachelors,14-03-2016,9.6,shreya.bose4903@company.com
503076,Swati Trivedi,52,Unknown,Unknown,49377.59,6.2,Active,Unknown,16-07-2018,6.2,swati.trivedi3076@company.com
501862,Ritu Pandey,47,Finance,Bengaluru,71462.65,34.5,Unknown,Bachelors,01-06-2022,7.1,ritu.pandey1862@company.com
502617,Anjali Goel,38,IT,Bengaluru,21174.39,32,On Leave,PhD,07-06-2022,9.1,anjali.goel2617@company.com
503248,Deepak Pandey,40,IT,Delhi,23490.42,24.4,On Leave,Unknown,22-09-2023,4.1,deepak.pandey3248@company.com
502769,Suresh Bhatia,33,HR,Unknown,127741.19,15.1,Inactive,Masters,26-11-2016,2.6,Not Provided
500756,Neha Bansal,56,Support,Mumbai,51091.37,6.6,Inactive,Unknown,27-12-2016,5.6,neha.bansal756@company.com
503224,Rajesh Pandey,36,Marketing,Bengaluru,92269.4,22.8,Active,Masters,03-03-2020,7.9,rajesh.pandey3224@company.com
501547,Preeti Trivedi,26,Sales,Bengaluru,139357.05,9.2,Active,Unknown,14-07-2021,3.9,preeti.trivedi1547@company.com
504551,Vijay Bansal,38,Operations,Unknown,113751.08,24.4,Inactive,Unknown,20-07-2017,8,vijay.bansal4551@company.com
504147,Simran Goel,52,Sales,Pune,142408.47,6.8,Active,Unknown,18-08-2017,7.4,simran.goel4147@company.com
501054,Deepak Sinha,55,Marketing,Jaipur,116161.97,28.3,Unknown,Bachelors,18-11-2025,4.3,deepak.sinha1054@company.com
502915,Sneha Thakur,38,Marketing,Bengaluru,115212.06,29.4,Unknown,Bachelors,07-10-2017,5.5,sneha.thakur2915@company.com
500638,Shreya Malik,51,Operations,Chennai,113740.43,9,Inactive,Unknown,05-04-2022,6,shreya.malik638@company.com
500437,Rohan Rastogi,24,Sales,Kolkata,116727.3,33.7,Active,Unknown,18-05-2015,8.7,rohan.rastogi437@company.com
502536,Shreya Chauhan,28,Unknown,Chennai,75853.01,2.4,Inactive,Unknown,02-06-2022,6.5,shreya.chauhan2536@company.com
504338,Vijay Chauhan,54,Unknown,Chennai,86948.54,21.7,Active,Unknown,14-05-2016,5.5,vijay.chauhan4338@company.com
503507,Swati Nanda,31,Marketing,Unknown,49430.29,17.7,Unknown,Unknown,23-07-2023,2.6,swati.nanda3507@company.com
501412,Shreya Trivedi,44,IT,Lucknow,27095.99,21.2,Inactive,Diploma,13-02-2023,4.6,shreya.trivedi1412@company.com
503512,Anjali Thakur,57,Unknown,Pune,84501.24,3.8,Active,Masters,10-09-2021,5.5,anjali.thakur3512@company.com
502435,Divya Thakur,40,Marketing,Chennai,82165.47,32.8,Inactive,Masters,02-04-2015,7.2,divya.thakur2435@company.com
504921,Meena Malik,47,Unknown,Mumbai,80425.36,12.2,Active,Masters,16-04-2017,6.7,meena.malik4921@company.com
500027,Vijay Mishra,56,Finance,Pune,87230.88,33.1,Unknown,PhD,19-02-2020,5.2,vijay.mishra27@company.com
500296,Rahul Trivedi,25,Operations,Unknown,84792.76,13.1,On Leave,Diploma,06-06-2025,4.1,rahul.trivedi296@company.com
504982,Shreya Goel,45,IT,Bengaluru,109748.14,28.1,Inactive,Unknown,02-10-2018,8.8,shreya.goel4982@company.com
503031,Divya Khanna,54,HR,Mumbai,67309.12,26.3,Active,Unknown,21-09-2016,5.7,divya.khanna3031@company.com
504228,Isha Bhatia,26,Finance,Hyderabad,81069.48,24.5,Inactive,Diploma,12-12-2023,6.2,isha.bhatia4228@company.com
501150,Deepak Chauhan,48,Marketing,Bengaluru,69032.47,6.1,Unknown,Bachelors,19-06-2015,3.5,deepak.chauhan1150@company.com
500213,Nikhil Yadav,47,Operations,Mumbai,88212.08,14.2,Active,Masters,14-08-2020,8.1,nikhil.yadav213@company.com
502948,Vikram Ghosh,25,Logistics,Delhi,118311.5,9.9,Inactive,Bachelors,26-09-2015,9.7,vikram.ghosh2948@company.com
504126,Rohan Sinha,28,Finance,Delhi,54799.03,4.1,Active,Unknown,10-04-2015,9.6,rohan.sinha4126@company.com
503228,Arjun Agarwal,59,Operations,Bengaluru,42262.98,6.6,Inactive,Bachelors,01-04-2016,1.5,arjun.agarwal3228@company.com
502070,Swati Pandey,25,Marketing,Bengaluru,64941.85,34.2,Active,Unknown,23-07-2021,6.8,swati.pandey2070@company.com
500440,Rahul Nanda,46,IT,Delhi,146626.75,0.7,Unknown,Unknown,01-04-2016,7.8,rahul.nanda440@company.com
502461,Kavita Bose,58,Unknown,Kolkata,31033.67,13.4,Inactive,Unknown,08-08-2024,4.1,kavita.bose2461@company.com
503678,Vikram Khanna,35,IT,Pune,133344.23,14.5,Active,Diploma,23-03-2015,5.5,vikram.khanna3678@company.com
501060,Vijay Saxena,57,Sales,Lucknow,101333.94,16,Unknown,PhD,13-12-2018,3.3,vijay.saxena1060@company.com
501125,Isha Trivedi,42,IT,Jaipur,50185.11,31.6,Active,Masters,16-08-2017,4.5,isha.trivedi1125@company.com
500053,Ashok Choudhary,45,Sales,Lucknow,126662.3,10.9,On Leave,PhD,15-06-2022,1.1,ashok.choudhary53@company.com
504947,Priya Malik,51,HR,Mumbai,87661.16,31.5,Inactive,Unknown,07-03-2023,8,priya.malik4947@company.com
500403,Simran Yadav,53,Marketing,Ahmedabad,78555.6,6.2,On Leave,Bachelors,15-06-2021,6.1,simran.yadav403@company.com
502660,Priya Pandey,39,Logistics,Unknown,113943.7,27.9,Inactive,Bachelors,27-05-2021,7.2,priya.pandey2660@company.com
501673,Nikhil Bose,26,Logistics,Unknown,82048.46,8.5,Active,Diploma,17-04-2025,7.8,nikhil.bose1673@company.com
500668,Gaurav Sinha,35,Sales,Chennai,146072.97,17.6,Inactive,Bachelors,19-04-2019,2.1,gaurav.sinha668@company.com
504272,Simran Malik,39,Marketing,Ahmedabad,128824.73,8.7,Inactive,Unknown,01-10-2020,7.2,simran.malik4272@company.com
501297,Arjun Malik,40,Sales,Unknown,92873.69,10.7,Active,Unknown,14-11-2015,2.7,arjun.malik1297@company.com
503486,Priya Yadav,36,Marketing,Unknown,109601.62,3.3,Inactive,Bachelors,25-10-2018,9.5,priya.yadav3486@company.com
501134,Karan Agarwal,50,Sales,Delhi,41003.55,3.6,Unknown,Bachelors,24-03-2016,3.3,karan.agarwal1134@company.com
501885,Manish Nanda,58,Logistics,Lucknow,129294.87,19.1,Inactive,Unknown,01-01-2018,3.6,manish.nanda1885@company.com
500345,Karan Dixit,40,Logistics,Kolkata,23165.74,22.4,Active,Bachelors,23-10-2022,4.1,karan.dixit345@company.com
503022,Rajesh Khanna,48,IT,Chennai,47379.81,12.4,Inactive,Unknown,12-10-2021,5.7,rajesh.khanna3022@company.com
503515,Suresh Bansal,48,IT,Delhi,75230.07,31.9,Inactive,Unknown,07-04-2015,9.8,suresh.bansal3515@company.com
500182,Priya Bose,45,Support,Kolkata,50769.1,34.2,Active,Unknown,01-04-2018,9.2,priya.bose182@company.com
504437,Pooja Sinha,43,Unknown,Delhi,40663.68,33.2,Inactive,Bachelors,07-07-2024,5,pooja.sinha4437@company.com
503759,Nikhil Bhatia,30,Finance,Unknown,77116.27,0.8,Inactive,Bachelors,14-07-2024,5.5,nikhil.bhatia3759@company.com
504727,Anjali Goel,42,Unknown,Bengaluru,85422.97,9.8,On Leave,Bachelors,05-01-2021,8.5,anjali.goel4727@company.com
503516,Rahul Khanna,35,Logistics,Mumbai,84509.32,34.9,Active,Unknown,17-06-2018,8.1,rahul.khanna3516@company.com
502834,Meena Bansal,22,IT,Bengaluru,114774.08,20.3,Active,Bachelors,15-10-2025,9.6,meena.bansal2834@company.com
501191,Preeti Malik,24,Sales,Unknown,71684.81,28,Active,Bachelors,22-05-2022,7.5,preeti.malik1191@company.com
504010,Deepak Pandey,24,Unknown,Jaipur,74238.62,10.4,Active,Unknown,10-12-2015,7,deepak.pandey4010@company.com
502930,Ritu Bansal,29,Unknown,Pune,122860.95,5.3,Active,PhD,16-06-2019,2.2,ritu.bansal2930@company.com
502598,Manish Rastogi,32,Marketing,Mumbai,43730.06,22.9,Unknown,Unknown,05-04-2019,4.1,manish.rastogi2598@company.com
504492,Nikhil Yadav,39,Marketing,Kolkata,84509.32,17.6,Inactive,PhD,04-12-2020,2.6,nikhil.yadav4492@company.com
501972,Kavita Sinha,59,Logistics,Unknown,40183.46,15.6,On Leave,Bachelors,20-07-2020,4.4,kavita.sinha1972@company.com
500174,Shreya Goel,46,Unknown,Ahmedabad,99644.88,23.8,Inactive,Bachelors,17-06-2023,8.3,shreya.goel174@company.com
503632,Rahul Pandey,48,IT,Mumbai,130472.89,22.6,On Leave,Masters,11-08-2015,9.3,rahul.pandey3632@company.com
501235,  Preeti Sinha  ,54,Operations,Unknown,141366.66,18.5,Inactive,Unknown,16-09-2016,3.4,preeti.sinha1235@company.com
504541,Nikhil Goel,57,Sales,Mumbai,90368.27,28.1,Inactive,Masters,14-03-2018,8.7,nikhil.goel4541@company.com
504028,Karan Yadav,43,Sales,Mumbai,92689.11,10.9,On Leave,Bachelors,13-05-2015,6.5,karan.yadav4028@company.com
503693,Deepak Khanna,59,HR,Chennai,147098.59,1.7,Active,Bachelors,19-12-2021,9.9,deepak.khanna3693@company.com
501218,Arjun Choudhary,34,Marketing,Delhi,84509.32,17.2,Inactive,PhD,09-12-2015,3.6,arjun.choudhary1218@company.com
502489,Divya Pandey,58,Finance,Bengaluru,137369.27,26.6,Unknown,Unknown,24-02-2020,8.7,divya.pandey2489@company.com
504320,Rahul Dixit,42,Marketing,Delhi,60798.83,15.2,On Leave,Unknown,15-08-2023,5.5,rahul.dixit4320@company.com
502595,Swati Sinha,35,Support,Unknown,62586.07,0.3,Unknown,Masters,09-07-2016,1.7,Not Provided
502143,Sneha Bose,40,Support,Bengaluru,69751.27,31.3,On Leave,Masters,24-08-2021,5.5,sneha.bose2143@company.com
503962,Kavita Goel,43,Finance,Kolkata,75003.03,13.7,Inactive,PhD,12-04-2025,7.7,kavita.goel3962@company.com
504117,Sanjay Khanna,29,IT,Bengaluru,149675.36,17.6,Active,Unknown,26-10-2022,5.7,sanjay.khanna4117@company.com
501279,Rahul Yadav,40,Sales,Kolkata,149113.43,15.7,Active,Masters,10-09-2018,4.5,rahul.yadav1279@company.com
501414,Kavita Bansal,34,Sales,Lucknow,65683.01,23.7,On Leave,Masters,21-09-2023,7.6,kavita.bansal1414@company.com
501313,Arjun Chauhan,51,Operations,Ahmedabad,51344.83,31.8,Unknown,Bachelors,25-11-2021,3.4,arjun.chauhan1313@company.com
503862,Amit Thakur,57,IT,Delhi,37122.95,27.8,On Leave,Bachelors,08-07-2018,4.6,amit.thakur3862@company.com
503142,Sanjay Pandey,49,Unknown,Mumbai,124525.11,4.6,Active,Unknown,08-06-2018,9.1,sanjay.pandey3142@company.com
501518,Vijay Nanda,31,Unknown,Chennai,24498.05,29.4,Active,Masters,05-11-2017,3.6,Not Provided
500893,Deepak Thakur,38,Unknown,Unknown,69492.49,2.1,Inactive,Diploma,21-01-2023,5.5,deepak.thakur893@company.com
500319,Karan Trivedi,22,IT,Pune,70888.27,34.2,Unknown,Bachelors,12-11-2020,3.1,karan.trivedi319@company.com
503025,Rahul Choudhary,24,Support,Unknown,20166.15,7.8,Active,Diploma,22-11-2017,7.5,rahul.choudhary3025@company.com
501074,Vijay Khanna,33,HR,Bengaluru,42149.81,5.4,Unknown,Diploma,06-11-2016,7.8,vijay.khanna1074@company.com
501789,Karan Thakur,57,HR,Hyderabad,31520.54,23.2,On Leave,PhD,13-05-2025,8.5,karan.thakur1789@company.com
501388,Ashok Sinha,40,Marketing,Delhi,43629.97,6.8,Active,Unknown,16-05-2017,3.5,ashok.sinha1388@company.com
500421,Vikram Thakur,23,Marketing,Chennai,48779.76,22.6,Inactive,Diploma,20-12-2018,4.7,vikram.thakur421@company.com
501525,Rahul Pandey,59,IT,Jaipur,38601.52,6.3,Active,Unknown,20-05-2025,6.8,rahul.pandey1525@company.com
500891,Pooja Nanda,49,Unknown,Mumbai,34616.53,26.8,Inactive,Diploma,05-03-2023,8.4,pooja.nanda891@company.com
502228,Rahul Agarwal,49,Logistics,Unknown,75016.67,4,On Leave,PhD,14-11-2017,2.1,rahul.agarwal2228@company.com
500051,Nikhil Dixit,52,Sales,Chennai,100238.48,30.6,Unknown,Unknown,03-03-2017,5.2,nikhil.dixit51@company.com
502440,Simran Dixit,55,Unknown,Pune,142084.65,21.2,Active,Diploma,20-02-2025,8.9,simran.dixit2440@company.com
500071,Simran Goel,58,Support,Bengaluru,50037.43,0,Active,Masters,09-09-2021,5.5,simran.goel71@company.com
502376,Divya Bose,45,Unknown,Unknown,116105.51,17.6,Active,PhD,03-06-2024,7.4,divya.bose2376@company.com
502024,Nisha Agarwal,56,Marketing,Hyderabad,59260.87,2.7,Unknown,PhD,16-07-2022,6.6,nisha.agarwal2024@company.com
504345,Deepak Mishra,29,Marketing,Chennai,84509.32,26.7,Active,Masters,01-10-2016,5.5,deepak.mishra4345@company.com
504226,Isha Khanna,31,Operations,Lucknow,102380.37,19,Inactive,Masters,20-04-2015,7,isha.khanna4226@company.com
500060,Rohan Sinha,23,IT,Lucknow,135623.07,0.3,Inactive,Masters,07-05-2016,8.1,rohan.sinha60@company.com
502477,Ashok Bose,43,IT,Unknown,66840.27,24.3,Active,Diploma,14-10-2016,6.8,ashok.bose2477@company.com
501151,Nisha Yadav,59,IT,Chennai,104303.22,12.2,On Leave,Masters,25-07-2019,7.9,nisha.yadav1151@company.com
500195,Karan Saxena,40,Sales,Ahmedabad,141284.82,13.5,Active,Masters,18-03-2022,8.8,karan.saxena195@company.com
501124,Gaurav Goel,43,Sales,Unknown,92249.12,5.5,On Leave,PhD,14-02-2015,2.2,gaurav.goel1124@company.com
504968,Nisha Dixit,41,Marketing,Bengaluru,114985.33,6.9,Inactive,PhD,27-04-2015,5.5,nisha.dixit4968@company.com
502982,Ritu Thakur,35,Sales,Jaipur,142056.21,23.2,Active,Unknown,03-12-2018,6.7,ritu.thakur2982@company.com
501881,Simran Thakur,51,Unknown,Chennai,62651.93,5.4,Unknown,PhD,20-02-2018,4.1,simran.thakur1881@company.com
500308,Priya Sinha,31,Marketing,Lucknow,51500.56,23.3,On Leave,Masters,08-09-2020,9.9,priya.sinha308@company.com
500686,Pooja Dixit,42,Sales,Bengaluru,101575.7,6.4,Unknown,Masters,14-09-2022,5.5,pooja.dixit686@company.com
504849,Meena Sinha,51,IT,Hyderabad,140321.11,14.5,Inactive,Masters,24-02-2021,7.6,meena.sinha4849@company.com
502257,Priya Ghosh,33,Unknown,Delhi,104230.9,14.1,Inactive,Masters,02-07-2023,2,priya.ghosh2257@company.com
500645,Karan Pandey,21,IT,Bengaluru,111313.89,3.1,On Leave,Bachelors,26-08-2022,7.1,karan.pandey645@company.com
502470,Priya Thakur,41,Logistics,Lucknow,142030.18,17.6,Inactive,Unknown,16-06-2021,9.2,priya.thakur2470@company.com
502287,Ashok Rastogi,56,IT,Bengaluru,115552.68,11.4,Active,Masters,22-10-2022,2.2,ashok.rastogi2287@company.com
500295,Rahul Saxena,36,IT,Bengaluru,100519.54,11.7,Active,Unknown,10-09-2025,8.4,rahul.saxena295@company.com
503584,Ritu Sinha,57,HR,Pune,138495.61,10.1,Inactive,PhD,19-05-2018,8.7,ritu.sinha3584@company.com
504318,Sanjay Bose,55,HR,Mumbai,113826.51,27.9,Inactive,Bachelors,27-01-2015,4.3,sanjay.bose4318@company.com
500258,Suresh Dixit,27,IT,Unknown,74965.29,22,Active,Masters,15-08-2018,3.9,suresh.dixit258@company.com
501517,Anjali Saxena,31,Unknown,Delhi,28147.69,14.8,Active,Bachelors,14-02-2022,2.5,anjali.saxena1517@company.com
501147,Arjun Saxena,35,HR,Delhi,141162.69,12.1,Inactive,Unknown,24-12-2017,2.6,arjun.saxena1147@company.com
500432,Manish Choudhary,40,Operations,Chennai,129798.06,30.8,Active,Masters,06-03-2019,1.1,manish.choudhary432@company.com
501779,Priya Trivedi,42,Sales,Unknown,29730.26,21.2,Inactive,Diploma,25-05-2015,8.3,Not Provided
502054,Vijay Sinha,26,Sales,Mumbai,139171.91,17.5,Inactive,Masters,22-10-2020,2.2,vijay.sinha2054@company.com
504252,Rahul Saxena,30,Unknown,Delhi,117653.18,26,Unknown,Diploma,02-10-2024,7.6,rahul.saxena4252@company.com
502602,Arjun Mishra,30,Unknown,Delhi,132977.01,26.7,Unknown,Masters,10-12-2024,7.3,arjun.mishra2602@company.com
504023,Meena Rastogi,49,Support,Delhi,109465.36,33,Active,PhD,05-07-2018,6.9,meena.rastogi4023@company.com
504478,Priya Nanda,42,Sales,Delhi,90687.67,22.1,Inactive,PhD,27-07-2020,2.5,priya.nanda4478@company.com
502291,Deepak Bansal,40,Sales,Delhi,32510.28,18,Active,Masters,05-05-2023,1.4,deepak.bansal2291@company.com
503236,Deepak Bansal,51,Sales,Pune,32780.99,12.2,Active,PhD,01-06-2016,3.8,deepak.bansal3236@company.com
502869,Amit Pandey,44,HR,Kolkata,98214.33,4,Inactive,Bachelors,09-05-2025,6,amit.pandey2869@company.com
500554,Isha Dixit,29,Sales,Bengaluru,121612.81,18,Active,Unknown,19-09-2020,5.5,isha.dixit554@company.com
503987,Rahul Rastogi,31,Sales,Mumbai,33828.51,32.3,Inactive,Unknown,08-10-2016,9.9,rahul.rastogi3987@company.com
502017,Rohan Dixit,58,IT,Chennai,116810.61,9.8,Active,Unknown,25-04-2019,3.3,rohan.dixit2017@company.com
504634,Arjun Khanna,53,Sales,Unknown,88955.68,17.6,On Leave,Bachelors,17-06-2020,6.1,arjun.khanna4634@company.com
504644,Vijay Agarwal,30,Sales,Jaipur,22116.56,27,Inactive,Diploma,16-05-2017,6.3,vijay.agarwal4644@company.com
504457,Kavita Trivedi,50,Sales,Chennai,129390.74,21.6,Inactive,Bachelors,14-05-2017,5.5,kavita.trivedi4457@company.com
500865,Manish Malik,31,IT,Mumbai,99030.55,14.9,Inactive,PhD,24-05-2021,5.4,manish.malik865@company.com
500625,Sanjay Bhatia,48,Marketing,Unknown,26890.93,28.7,Active,Masters,05-07-2019,5.5,sanjay.bhatia625@company.com
501664,Vikram Ghosh,37,Marketing,Unknown,121769.36,12.2,Active,Unknown,09-10-2020,4,vikram.ghosh1664@company.com
502821,Ritu Dixit,40,Unknown,Bengaluru,43296.36,9.7,Active,Unknown,02-06-2021,7.3,ritu.dixit2821@company.com
500108,Kavita Thakur,44,IT,Kolkata,30020.35,26,On Leave,PhD,13-11-2019,5.5,kavita.thakur108@company.com
500476,Vijay Choudhary,30,Marketing,Delhi,44545.96,17.4,Inactive,Bachelors,24-07-2018,3.6,vijay.choudhary476@company.com
503861,Simran Choudhary,43,IT,Bengaluru,26902.05,19.9,Inactive,Unknown,02-05-2017,6,simran.choudhary4585@company.com
500058,Divya Ghosh,54,Finance,Unknown,45839.76,18.4,Inactive,Diploma,25-12-2021,5.5,divya.ghosh58@company.com
502124,Suresh Mishra,40,Logistics,Unknown,76569.19,20.1,Inactive,Masters,12-09-2015,4.4,suresh.mishra2124@company.com
501712,Manish Bhatia,29,Finance,Kolkata,126561.23,2.1,Unknown,Unknown,14-03-2019,8.2,manish.bhatia1712@company.com
503554,Arjun Trivedi,22,Marketing,Hyderabad,108573.85,31.9,Inactive,Unknown,16-04-2016,5.5,arjun.trivedi3554@company.com
501952,Priya Ghosh,49,Sales,Mumbai,77452.12,4.6,Active,Unknown,03-10-2025,1.9,priya.ghosh1952@company.com
503556,Pooja Chauhan,40,HR,Delhi,84509.32,32.2,Unknown,Bachelors,24-03-2015,2.8,pooja.chauhan3556@company.com
504635,Vikram Saxena,37,Sales,Delhi,85121.11,7,Inactive,Masters,11-11-2016,8.8,vikram.saxena4635@company.com
504236,Sneha Trivedi,54,Support,Delhi,21192.19,8.1,Active,Bachelors,13-05-2015,9.5,sneha.trivedi4236@company.com
504726,Meena Agarwal,22,Marketing,Bengaluru,94123.94,22.2,Unknown,Bachelors,05-01-2024,8.3,meena.agarwal4726@company.com
502123,Ritu Rastogi,37,Unknown,Delhi,81527.43,11.9,Unknown,PhD,21-08-2020,4,ritu.rastogi2123@company.com
502446,Simran Khanna,56,IT,Pune,46262.43,10.1,On Leave,Unknown,13-05-2019,4.4,simran.khanna2446@company.com
503900,Gaurav Agarwal,52,Sales,Chennai,122220.84,27.9,Active,Bachelors,26-10-2020,5.5,gaurav.agarwal3900@company.com
504142,Karan Rastogi,33,Operations,Unknown,47101.26,34.9,Inactive,Bachelors,01-04-2018,2.2,karan.rastogi4142@company.com
502298,Karan Dixit,56,HR,Hyderabad,37691.12,22.1,Inactive,Diploma,21-12-2018,6.3,karan.dixit2298@company.com
502374,Rohan Bose,49,Sales,Unknown,88425.33,12.6,Inactive,Bachelors,03-04-2017,5.2,rohan.bose2374@company.com
503986,Amit Sinha,32,IT,Unknown,111916.03,3.9,Active,Bachelors,16-01-2017,7.7,amit.sinha3986@company.com
500287,Anjali Malik,53,Unknown,Chennai,83070.85,22,Inactive,Diploma,22-09-2016,4.7,anjali.malik287@company.com
504538,Arjun Ghosh,33,Marketing,Chennai,98626.53,28.7,Unknown,Bachelors,21-10-2015,6.6,arjun.ghosh4538@company.com
500593,Preeti Chauhan,45,Support,Unknown,135368.93,17.6,Inactive,Masters,08-12-2022,5.5,preeti.chauhan593@company.com
504904,Vikram Nanda,38,Unknown,Chennai,100550.23,1.8,Active,Masters,06-06-2021,5.5,vikram.nanda4904@company.com
502779,Manish Khanna,34,Marketing,Lucknow,41124.22,31.1,On Leave,PhD,03-08-2018,5.5,manish.khanna2779@company.com
504241,Ashok Sinha,29,Support,Unknown,84509.32,12.8,Active,Masters,18-12-2022,4.9,ashok.sinha4241@company.com
502750,Rajesh Mishra,35,IT,Unknown,40465.25,17.6,Inactive,PhD,11-04-2022,6.8,rajesh.mishra2750@company.com
503260,Pooja Khanna,48,Operations,Mumbai,72135.9,15.5,Inactive,PhD,18-11-2022,3,pooja.khanna3260@company.com
503504,Pooja Mishra,35,Logistics,Chennai,132671.73,26.9,Inactive,Masters,17-08-2022,5.5,pooja.mishra3504@company.com
502605,Anjali Thakur,51,Support,Bengaluru,146509.05,1.6,Inactive,Bachelors,02-07-2022,8.4,anjali.thakur2605@company.com
501196,Nikhil Nanda,36,Logistics,Pune,42900.88,0.6,Active,Masters,06-02-2015,5.3,nikhil.nanda1196@company.com
504413,Amit Khanna,28,Marketing,Ahmedabad,101204.5,3.9,Active,Unknown,09-11-2018,7.4,amit.khanna4413@company.com
504043,Nikhil Bansal,40,HR,Unknown,54437.38,0,Inactive,Bachelors,24-10-2019,3.8,nikhil.bansal4043@company.com
503826,Rahul Sinha,29,Sales,Pune,131789.99,17.9,On Leave,Masters,25-10-2023,6.2,rahul.sinha3826@company.com
504235,Shreya Yadav,44,Finance,Unknown,77923.78,10.4,Unknown,Masters,24-11-2025,2.5,shreya.yadav4235@company.com
502431,Anjali Saxena,29,Finance,Lucknow,65712.54,17.5,Unknown,Bachelors,17-01-2020,5.5,anjali.saxena2431@company.com
500435,Ashok Sinha,46,Marketing,Pune,94669.16,11.2,Inactive,Diploma,15-02-2023,6,ashok.sinha435@company.com
503934,Suresh Mishra,46,Sales,Bengaluru,100535.45,17.3,Inactive,Masters,24-06-2016,5.5,suresh.mishra3934@company.com
504792,Vijay Thakur,54,Unknown,Bengaluru,146325.15,27.8,Inactive,Diploma,22-06-2017,5,vijay.thakur4792@company.com
503908,Anjali Khanna,46,Operations,Lucknow,100955.01,6.8,Unknown,Bachelors,07-04-2024,4.1,anjali.khanna3908@company.com
504688,Neha Pandey,54,Logistics,Chennai,45569.13,29,Inactive,Bachelors,23-04-2019,9,neha.pandey4688@company.com
501652,Sneha Ghosh,46,Unknown,Chennai,58838.62,17.6,Inactive,Unknown,08-03-2016,4.5,sneha.ghosh1652@company.com
502740,Isha Malik,59,IT,Jaipur,99345.46,2.3,Active,Unknown,25-01-2016,4.8,isha.malik2740@company.com
504662,Vijay Rastogi,51,Logistics,Delhi,56465.59,26.7,Inactive,Unknown,07-07-2024,5,vijay.rastogi4662@company.com
502533,Deepak Dixit,56,IT,Chennai,48720.3,24.6,Inactive,Diploma,15-06-2024,5.4,deepak.dixit2533@company.com
501221,Amit Chauhan,21,IT,Delhi,53606.39,33.4,Unknown,Unknown,11-01-2022,3,amit.chauhan1221@company.com
503902,Nisha Bansal,34,Finance,Mumbai,82621.27,13.9,Active,Unknown,19-08-2020,8.6,nisha.bansal3902@company.com
501564,Preeti Khanna,55,Unknown,Mumbai,81476.56,34.7,Unknown,Masters,21-07-2023,5.3,preeti.khanna1564@company.com
502516,Isha Bansal,54,Marketing,Unknown,30094.96,16.2,Unknown,Unknown,25-08-2021,4.5,isha.bansal2516@company.com
502526,Amit Mishra,46,Marketing,Lucknow,118272.14,13.6,Active,Masters,14-04-2022,9.3,amit.mishra2526@company.com
501250,Isha Yadav,52,Support,Jaipur,29887.54,30.1,Unknown,Masters,21-02-2015,5.1,isha.yadav1250@company.com
500957,Deepak Thakur,33,Sales,Mumbai,75830.3,17.6,On Leave,Bachelors,22-03-2016,2.6,deepak.thakur957@company.com
501962,Meena Thakur,32,Sales,Lucknow,97608.79,10.8,Active,PhD,26-11-2025,3.7,meena.thakur1962@company.com
504800,Swati Thakur,25,Unknown,Mumbai,42403.23,29.9,Active,Masters,01-01-2022,1.8,swati.thakur4800@company.com
503311,Vikram Malik,34,Sales,Ahmedabad,88594.09,13,Active,Bachelors,23-11-2017,5.5,vikram.malik3311@company.com
501396,Rajesh Nanda,53,Logistics,Pune,94587.12,24.6,Inactive,Bachelors,12-08-2025,7.8,rajesh.nanda1396@company.com
500088,Pooja Saxena,41,Marketing,Lucknow,99015.35,16.7,Active,Diploma,18-11-2018,4.9,pooja.saxena88@company.com
501009,Gaurav Malik,53,Support,Ahmedabad,112737.27,28,Inactive,Unknown,10-01-2019,3.4,gaurav.malik1009@company.com
503143,Vijay Thakur,30,Marketing,Delhi,146040,18.1,Unknown,Diploma,21-07-2018,5.5,vijay.thakur3143@company.com
501634,Vijay Dixit,42,IT,Ahmedabad,146941.8,7.9,Active,Bachelors,13-02-2025,1.1,vijay.dixit1634@company.com
500995,Neha Trivedi,50,Marketing,Delhi,34894.62,13.3,Inactive,PhD,09-09-2019,5.5,neha.trivedi995@company.com
502300,Karan Dixit,40,Finance,Bengaluru,31741.24,10.4,Active,Bachelors,16-03-2022,9.1,karan.dixit2300@company.com
500916,Anjali Malik,47,Logistics,Pune,52017.25,30.1,Unknown,Bachelors,18-01-2020,4.9,anjali.malik916@company.com
504285,Priya Goel,59,Logistics,Pune,55673.07,12.6,Active,PhD,03-05-2016,6.8,priya.goel4285@company.com
503232,Nisha Thakur,46,Marketing,Bengaluru,85780.64,29.7,Active,Diploma,16-05-2019,8.9,nisha.thakur3232@company.com
500795,Isha Khanna,31,IT,Mumbai,28831.07,0.1,Active,Unknown,20-03-2025,5.2,isha.khanna795@company.com
500034,Sanjay Yadav,27,IT,Hyderabad,22312.86,29.3,On Leave,Bachelors,08-03-2015,5.5,Not Provided
500988,Ashok Ghosh,52,Finance,Kolkata,67843.7,29.4,Active,Masters,09-05-2019,8.8,ashok.ghosh817@company.com
504796,Pooja Choudhary,37,Support,Chennai,72646.2,33.6,Inactive,Masters,14-11-2019,5.5,pooja.choudhary4796@company.com
502667,Ritu Khanna,48,Sales,Delhi,89265.16,8.7,Active,Bachelors,24-07-2023,1.4,ritu.khanna2667@company.com
501164,Suresh Bansal,59,Sales,Unknown,131541.8,25.3,Inactive,Masters,15-12-2016,9.1,suresh.bansal1164@company.com
502844,Manish Malik,50,Unknown,Mumbai,53307.71,4.1,Unknown,Bachelors,12-09-2017,7.1,manish.malik2844@company.com
503329,Karan Pandey,29,Marketing,Delhi,84509.32,33.2,Active,Masters,19-02-2019,1.4,karan.pandey3329@company.com
503488,Deepak Goel,34,Operations,Chennai,84509.32,8.6,Inactive,Diploma,13-10-2017,2.2,deepak.goel3488@company.com
501546,Preeti Ghosh,41,Operations,Mumbai,106404.22,32.9,Inactive,Unknown,12-04-2016,8.4,preeti.ghosh1546@company.com
501217,Divya Trivedi,34,Marketing,Chennai,89635.34,34,Active,PhD,10-07-2016,5.2,divya.trivedi1217@company.com
501327,Kavita Mishra,26,Support,Chennai,101381.41,21.5,On Leave,Masters,22-12-2015,8.1,kavita.mishra1327@company.com
501891,Isha Agarwal,48,HR,Chennai,53050.67,30.5,Inactive,Unknown,15-07-2016,10,isha.agarwal1891@company.com
501901,Rahul Chauhan,38,Marketing,Delhi,51359.23,1.4,Unknown,Unknown,02-09-2023,8.3,rahul.chauhan1901@company.com
503356,Anjali Khanna,34,Sales,Kolkata,101203.95,19.6,Inactive,Bachelors,16-09-2021,7.3,anjali.khanna3356@company.com
503795,Suresh Khanna,47,Support,Delhi,84509.32,13.9,Inactive,Unknown,12-02-2025,3.3,suresh.khanna3795@company.com
504797,Neha Chauhan,38,Marketing,Bengaluru,58072.8,4.8,On Leave,Bachelors,12-01-2018,3.4,neha.chauhan4797@company.com
501667,Priya Saxena,53,Marketing,Unknown,37706.13,7.8,On Leave,Masters,13-05-2019,1.6,priya.saxena1667@company.com
502251,Rahul Thakur,53,Marketing,Delhi,42800.07,0.6,Inactive,Bachelors,11-06-2018,1.1,rahul.thakur2251@company.com
500879,Neha Saxena,54,Support,Delhi,140417.93,17.6,Inactive,Bachelors,14-09-2015,2.6,neha.saxena879@company.com
503206,Ritu Choudhary,57,Sales,Delhi,84509.32,25.6,Active,Masters,04-11-2022,2.4,ritu.choudhary3206@company.com
501345,Priya Mishra,49,Unknown,Delhi,116821.14,1.4,Inactive,Unknown,22-11-2021,4.7,priya.mishra1345@company.com
504533,Rahul Khanna,34,Unknown,Kolkata,70675.11,17.6,On Leave,Masters,15-03-2025,5.7,rahul.khanna4533@company.com
503190,Anjali Choudhary,57,Finance,Mumbai,84509.32,32.9,Active,Masters,08-01-2023,1.6,anjali.choudhary3190@company.com
503777,Swati Bansal,51,Sales,Pune,79516.95,32.7,Active,Diploma,03-01-2019,7.3,swati.bansal3777@company.com
504088,Neha Dixit,40,IT,Unknown,21743.61,19.7,Active,PhD,11-06-2022,6.8,neha.dixit4088@company.com
504839,Simran Goel,47,Finance,Bengaluru,46849.91,3.6,Unknown,Bachelors,04-05-2019,1.9,simran.goel4839@company.com
502460,Shreya Bhatia,39,HR,Unknown,81445.31,19.8,On Leave,Masters,04-06-2015,7.5,shreya.bhatia2460@company.com
504114,Swati Trivedi,50,IT,Delhi,127213.79,17.2,Active,PhD,18-01-2018,8.9,swati.trivedi4114@company.com
503750,Karan Malik,57,Marketing,Pune,84509.32,14.7,Unknown,PhD,11-02-2023,5.5,karan.malik3750@company.com
503945,Rajesh Khanna,59,Marketing,Delhi,113549.44,7,Unknown,Masters,12-08-2021,5.5,rajesh.khanna3945@company.com
500164,Manish Rastogi,55,Operations,Pune,121346.3,28,Active,Bachelors,06-12-2017,7.6,manish.rastogi164@company.com
501390,Rahul Goel,28,Finance,Unknown,74247.1,16.6,On Leave,Bachelors,12-12-2024,5.5,Not Provided
501415,Rohan Thakur,42,Unknown,Bengaluru,83075.99,17.3,Unknown,Bachelors,18-03-2021,5.5,rohan.thakur1415@company.com
500361,Vikram Goel,32,Operations,Ahmedabad,50486.61,17.6,Active,Unknown,20-01-2023,2.1,vikram.goel361@company.com
502626,Priya Saxena,52,Finance,Pune,96213.15,22.3,Active,PhD,03-08-2017,7.7,priya.saxena2626@company.com
502009,Sneha Rastogi,47,IT,Unknown,80073.15,20.9,Unknown,Masters,09-02-2017,3.2,sneha.rastogi2009@company.com
500140,Suresh Rastogi,40,Unknown,Chennai,84509.32,5.6,Inactive,Masters,16-09-2016,5.5,suresh.rastogi140@company.com
504894,Rajesh Agarwal,52,Operations,Bengaluru,40449.61,2.7,Inactive,Bachelors,27-12-2018,1.9,rajesh.agarwal4894@company.com
503866,Nisha Ghosh,58,Unknown,Lucknow,63621.66,1.1,Unknown,Diploma,12-02-2019,9.8,nisha.ghosh3866@company.com
501038,Pooja Ghosh,53,Marketing,Bengaluru,54870.48,26.5,Active,Unknown,13-11-2016,7.2,pooja.ghosh1038@company.com
501544,Vikram Bhatia,52,Finance,Mumbai,40174.15,28.3,Active,Bachelors,08-12-2023,6.7,vikram.bhatia1544@company.com
502275,Shreya Rastogi,44,Finance,Unknown,147845,2.3,Active,Diploma,09-05-2023,5.8,shreya.rastogi2275@company.com
504918,Karan Yadav,50,Operations,Bengaluru,111249.7,33.6,Active,Unknown,27-09-2018,6.7,karan.yadav4918@company.com
501598,Ritu Yadav,38,HR,Hyderabad,144910.96,6.2,Unknown,Unknown,15-05-2020,6,ritu.yadav1598@company.com
502140,Divya Rastogi,42,Marketing,Jaipur,65913.63,25.8,On Leave,Bachelors,06-07-2020,4.5,divya.rastogi2140@company.com
504063,Arjun Rastogi,29,Sales,Kolkata,53238.47,17.3,Inactive,Bachelors,27-01-2020,4,arjun.rastogi4063@company.com
502346,Nisha Mishra,42,Marketing,Delhi,87944.51,31.3,Inactive,Bachelors,14-08-2019,1.4,nisha.mishra2346@company.com
503919,Amit Nanda,57,Marketing,Bengaluru,84509.32,9.3,Active,Diploma,11-03-2017,6.5,amit.nanda3919@company.com
501822,Preeti Bose,36,Marketing,Hyderabad,42493.02,8.4,Unknown,Bachelors,20-11-2019,5.5,preeti.bose1822@company.com
503630,  Gaurav Bhatia  ,26,Marketing,Hyderabad,31946.57,14,Active,Diploma,16-08-2022,2.5,gaurav.bhatia3630@company.com
504084,Shreya Rastogi,53,Sales,Unknown,25383.41,28.6,Inactive,PhD,07-06-2018,5.5,shreya.rastogi4084@company.com
500394,Ashok Sinha,21,Logistics,Mumbai,33941.22,13.5,Inactive,Bachelors,10-11-2017,5.2,ashok.sinha394@company.com
500737,Arjun Ghosh,26,Marketing,Mumbai,122953.98,21.8,On Leave,Masters,04-12-2022,2.4,arjun.ghosh737@company.com
501713,Ashok Ghosh,59,Marketing,Mumbai,44269.96,21.4,Active,Diploma,17-01-2025,2.7,ashok.ghosh1713@company.com
504369,Karan Bansal,51,Unknown,Lucknow,47918.12,9.2,On Leave,Masters,07-12-2015,5.5,karan.bansal4369@company.com
504429,Vijay Rastogi,22,Unknown,Pune,74603.49,2.4,Unknown,Unknown,19-01-2018,3.6,vijay.rastogi4429@company.com
500661,Deepak Choudhary,51,Unknown,Chennai,37086.1,18.8,On Leave,Masters,02-02-2023,4,deepak.choudhary661@company.com
502510,Arjun Mishra,34,Finance,Lucknow,28293.1,31.4,Inactive,Unknown,07-09-2024,7.8,arjun.mishra2510@company.com
501192,Nisha Yadav,21,Sales,Delhi,101341.76,33.6,Inactive,Bachelors,11-08-2025,9.2,nisha.yadav1192@company.com
500977,Simran Trivedi,24,Operations,Pune,84509.32,32.4,Active,Masters,22-09-2015,7.1,simran.trivedi977@company.com
503708,Isha Bansal,44,Marketing,Unknown,76014.71,13.5,Unknown,Diploma,13-12-2015,6,isha.bansal3708@company.com
502588,Ritu Dixit,40,Marketing,Hyderabad,105641.84,31.3,Inactive,Unknown,18-09-2024,2.1,ritu.dixit2588@company.com
500148,Anjali Choudhary,40,Sales,Hyderabad,112096.41,33.5,Active,Masters,19-06-2023,2.4,anjali.choudhary148@company.com
504586,Manish Thakur,22,Sales,Lucknow,35943.81,19.4,Active,Unknown,10-01-2019,8.4,manish.thakur4586@company.com
500018,Arjun Goel,59,Unknown,Unknown,145295.5,34.1,Inactive,Bachelors,12-02-2019,4.4,arjun.goel18@company.com
501467,Nikhil Saxena,21,Marketing,Kolkata,29444.73,0.8,Unknown,Masters,17-02-2021,8.8,nikhil.saxena1467@company.com
502385,Shreya Choudhary,57,Support,Lucknow,126575.8,19.1,Inactive,Masters,06-06-2019,3.5,shreya.choudhary2385@company.com
500673,Ritu Choudhary,52,Sales,Chennai,68898.11,29.2,Unknown,Bachelors,13-02-2020,3.6,ritu.choudhary673@company.com
504601,Vijay Saxena,53,Logistics,Chennai,83400.39,33.7,Active,Bachelors,24-02-2017,4.1,vijay.saxena4601@company.com
504504,Priya Malik,42,Unknown,Chennai,52963.97,22.7,On Leave,Unknown,07-10-2023,7.8,priya.malik4504@company.com
503417,  Simran Mishra  ,23,IT,Bengaluru,85884.22,30.7,Active,Masters,21-01-2015,7.7,simran.mishra3417@company.com
502368,Arjun Sinha,30,Unknown,Ahmedabad,48807.9,6,Active,Bachelors,18-09-2019,4.4,arjun.sinha2368@company.com
503653,Arjun Choudhary,21,HR,Unknown,44546.45,6.7,Inactive,Diploma,04-09-2018,5.5,arjun.choudhary3653@company.com
500578,Shreya Bansal,40,Unknown,Delhi,66718.56,24.2,Active,PhD,20-02-2017,6.6,shreya.bansal578@company.com
500742,Nikhil Nanda,57,Unknown,Jaipur,28720.23,5.8,Inactive,Bachelors,23-08-2019,5.3,nikhil.nanda742@company.com
502744,Vijay Trivedi,43,Operations,Mumbai,27180.37,10.9,Active,Masters,14-11-2018,5.5,vijay.trivedi2744@company.com
503387,Nikhil Bhatia,29,Marketing,Chennai,53569.82,6.5,Active,PhD,21-08-2021,9.5,nikhil.bhatia3387@company.com
501942,Rajesh Chauhan,27,HR,Unknown,126217.62,2.4,On Leave,PhD,09-01-2025,4,rajesh.chauhan1942@company.com
502831,Nikhil Choudhary,39,IT,Kolkata,74211.98,8.6,Inactive,Masters,21-01-2025,8.3,nikhil.choudhary2831@company.com
501499,Nikhil Bhatia,27,Logistics,Mumbai,42442.7,22.4,Inactive,Unknown,21-01-2016,6.1,nikhil.bhatia1499@company.com
500448,Ashok Choudhary,27,Marketing,Chennai,63319.99,6.3,Inactive,Bachelors,15-04-2018,5.5,ashok.choudhary448@company.com
501015,  Preeti Sinha  ,21,Unknown,Unknown,143295.34,29.1,Active,PhD,21-10-2025,5.5,preeti.sinha1015@company.com
502851,Deepak Thakur,53,Support,Delhi,109508.37,11.8,Unknown,Bachelors,22-03-2019,3.9,deepak.thakur2851@company.com
501071,Priya Khanna,45,IT,Jaipur,128562.16,24.4,Inactive,Unknown,24-10-2022,7.2,priya.khanna1071@company.com
502439,Sneha Chauhan,43,HR,Mumbai,135021.66,26.4,Inactive,Unknown,03-01-2025,1.8,sneha.chauhan2439@company.com
502754,Pooja Trivedi,44,IT,Bengaluru,31899.34,31.3,Inactive,Bachelors,15-04-2022,1.5,pooja.trivedi2754@company.com
502210,Sneha Chauhan,43,Support,Delhi,96687.56,26.3,Unknown,Bachelors,17-06-2018,7.1,sneha.chauhan2210@company.com
504452,Gaurav Bhatia,44,Sales,Mumbai,137882.36,5,Active,Unknown,21-07-2020,2.8,Not Provided
502342,Kavita Dixit,33,Sales,Unknown,95552.4,17.6,Inactive,Bachelors,09-01-2023,5.3,kavita.dixit2342@company.com
501474,Swati Pandey,24,HR,Hyderabad,71835.05,15.7,Inactive,Bachelors,26-01-2017,6.4,swati.pandey1474@company.com
500074,Arjun Bansal,25,Support,Jaipur,89247.7,9.8,Inactive,Unknown,24-08-2022,7.3,arjun.bansal74@company.com
500106,Nikhil Goel,51,Marketing,Chennai,45708.85,32.4,Unknown,Unknown,11-01-2021,4.9,nikhil.goel106@company.com
503163,Sanjay Dixit,28,Unknown,Mumbai,58403.3,2.4,Active,Unknown,03-05-2016,4.7,sanjay.dixit3163@company.com
503469,Suresh Dixit,29,IT,Pune,144628.35,1.6,Inactive,Diploma,08-09-2025,3.9,suresh.dixit3469@company.com
504363,Vikram Rastogi,56,Unknown,Pune,134311.29,3.2,Inactive,Unknown,19-11-2024,4.3,vikram.rastogi4363@company.com
503121,Suresh Bose,37,Marketing,Chennai,85734.55,26.1,Unknown,Diploma,24-01-2025,3.1,suresh.bose3121@company.com
503441,Sanjay Bose,33,Logistics,Kolkata,49340.95,27.1,On Leave,Bachelors,08-04-2015,4.2,sanjay.bose3441@company.com
503144,Karan Pandey,53,HR,Pune,71455.44,27.8,Inactive,Unknown,05-08-2018,1.3,karan.pandey3144@company.com
503684,Nikhil Bansal,39,Operations,Pune,84509.32,31.1,Inactive,PhD,15-01-2015,1,nikhil.bansal3684@company.com
503551,Arjun Bhatia,34,IT,Chennai,92903.09,34.6,On Leave,Diploma,15-03-2021,1.1,arjun.bhatia3551@company.com
502542,Manish Ghosh,36,Operations,Kolkata,84509.32,21.9,Inactive,PhD,24-03-2025,2.6,manish.ghosh2542@company.com
500344,Rohan Dixit,34,IT,Jaipur,124547.91,17.9,Inactive,Bachelors,17-12-2021,2.4,rohan.dixit344@company.com
503233,Neha Goel,58,Support,Chennai,69702.08,34.9,Inactive,Bachelors,02-08-2016,5.4,neha.goel3233@company.com
500824,Neha Mishra,40,IT,Pune,103201.09,28.7,Inactive,Diploma,05-01-2017,1.1,neha.mishra824@company.com
500364,Rajesh Sinha,52,Sales,Ahmedabad,42370.95,27.1,Active,Bachelors,10-09-2016,7.6,rajesh.sinha364@company.com
502724,Meena Pandey,24,HR,Chennai,61455.98,26.4,Active,Unknown,21-02-2018,1.6,meena.pandey2724@company.com
502889,  Divya Agarwal  ,49,Logistics,Delhi,146948.25,31.4,Active,Bachelors,07-11-2024,2.5,divya.agarwal2889@company.com
500209,Nisha Mishra,34,IT,Bengaluru,55752.82,6.8,On Leave,Masters,09-06-2021,1.6,nisha.mishra209@company.com
503407,Rohan Pandey,33,Unknown,Kolkata,120826.34,19.1,Inactive,Masters,05-12-2021,5.6,rohan.pandey3407@company.com
500677,Kavita Bose,25,IT,Bengaluru,129216.02,18.6,Active,Diploma,09-01-2021,1.2,kavita.bose677@company.com
500739,Neha Chauhan,40,Sales,Mumbai,23790.96,11.7,On Leave,Bachelors,10-06-2016,3.6,neha.chauhan739@company.com
504920,Sanjay Yadav,53,Unknown,Chennai,37304.23,9.9,Inactive,Bachelors,11-11-2021,1.9,sanjay.yadav4920@company.com
502987,Sanjay Dixit,50,HR,Hyderabad,84509.32,31.3,Inactive,Unknown,13-08-2020,4.6,sanjay.dixit2987@company.com
500800,Rohan Chauhan,40,Marketing,Mumbai,62651.4,18.1,Active,Masters,15-05-2023,5.5,rohan.chauhan800@company.com
502638,Ritu Mishra,44,IT,Bengaluru,115690.23,8.6,On Leave,Unknown,01-05-2020,9.1,ritu.mishra2638@company.com
504499,Rajesh Malik,21,IT,Unknown,103265.44,29.7,Inactive,Bachelors,11-01-2017,4.5,rajesh.malik4499@company.com
503821,Amit Trivedi,33,Unknown,Unknown,137619.53,31.4,Inactive,Masters,10-12-2015,7.3,amit.trivedi3821@company.com
502686,Isha Bose,21,IT,Delhi,73997.55,2.6,Inactive,Bachelors,03-06-2025,3.5,isha.bose2686@company.com
503793,Gaurav Mishra,47,Marketing,Chennai,84509.32,22.7,Inactive,PhD,19-10-2016,6.1,gaurav.mishra3793@company.com
503805,Sneha Saxena,57,Sales,Pune,79095.4,8.1,Inactive,Bachelors,20-09-2018,8.1,sneha.saxena3805@company.com
504724,Sneha Saxena,42,Unknown,Bengaluru,59053.61,17.6,On Leave,PhD,15-10-2023,9.6,sneha.saxena4724@company.com
504893,Isha Thakur,41,Operations,Unknown,36913.97,16.8,Inactive,Unknown,25-06-2016,6.2,isha.thakur4893@company.com
504004,  Pooja Sinha  ,41,Sales,Unknown,75869.39,26,Inactive,Diploma,20-04-2019,9.2,pooja.sinha4004@company.com
500486,Meena Agarwal,37,Logistics,Bengaluru,97215.42,10.3,Inactive,Masters,03-08-2019,5.5,meena.agarwal486@company.com
504072,Gaurav Saxena,55,Finance,Kolkata,32091.57,14.4,Inactive,Unknown,11-06-2023,2.6,gaurav.saxena4072@company.com
500903,  Pooja Choudhary  ,41,Logistics,Mumbai,116930.16,13.2,Active,Masters,26-06-2023,7.9,pooja.choudhary903@company.com
501679,Preeti Rastogi,40,IT,Ahmedabad,46973.85,15.1,Active,Bachelors,26-05-2019,5.1,preeti.rastogi1679@company.com
500561,Ashok Goel,55,Support,Bengaluru,63788.48,17.6,Inactive,Masters,05-04-2020,6.1,ashok.goel561@company.com
503378,Kavita Choudhary,25,Finance,Unknown,145819.13,24.5,On Leave,Diploma,22-06-2018,9.6,kavita.choudhary3378@company.com
503299,Pooja Khanna,22,Marketing,Mumbai,103021.97,16.6,On Leave,Unknown,08-07-2024,5.4,pooja.khanna4143@company.com
500286,Gaurav Yadav,27,Operations,Mumbai,43571.11,4.2,Inactive,Masters,17-05-2016,6.5,gaurav.yadav286@company.com
502828,Anjali Rastogi,37,HR,Delhi,39595.38,27.6,Active,Masters,27-10-2023,7.2,anjali.rastogi2828@company.com
502308,Shreya Ghosh,52,Logistics,Lucknow,45723.42,1.8,Active,Unknown,14-09-2020,2.8,shreya.ghosh2308@company.com
500988,Nisha Chauhan,38,HR,Pune,70831.5,17.6,On Leave,Unknown,09-02-2023,7.2,nisha.chauhan988@company.com
501801,Karan Mishra,37,Unknown,Unknown,25047,5.5,On Leave,Unknown,11-03-2015,1.2,karan.mishra1801@company.com
501539,Arjun Agarwal,29,IT,Kolkata,78048.94,34.4,Inactive,Bachelors,05-03-2016,6.7,arjun.agarwal1539@company.com
504808,Nikhil Trivedi,31,Operations,Unknown,28791.52,17,On Leave,Masters,12-01-2022,4.5,nikhil.trivedi4808@company.com
503559,Vikram Malik,32,Unknown,Pune,83666.17,29.8,Inactive,Diploma,23-07-2018,5.5,vikram.malik3559@company.com
500178,Meena Bose,37,Logistics,Chennai,133573.03,6,Inactive,Unknown,22-03-2024,1.8,meena.bose178@company.com
503664,Neha Saxena,50,Marketing,Chennai,52175.23,27.1,Active,Bachelors,25-10-2025,3.6,neha.saxena3664@company.com
500725,Isha Ghosh,52,IT,Unknown,92263.12,18.3,Inactive,PhD,11-02-2024,7.4,isha.ghosh725@company.com
504219,Meena Goel,53,Unknown,Lucknow,55101.91,26,On Leave,PhD,22-09-2023,3.5,meena.goel4219@company.com
501697,Isha Mishra,39,Logistics,Bengaluru,88256.2,10.1,Inactive,PhD,05-07-2019,9.2,isha.mishra1697@company.com
504431,Ashok Goel,53,HR,Ahmedabad,114335.51,9.1,On Leave,Unknown,12-06-2024,8,ashok.goel4431@company.com
504434,Rohan Malik,56,Logistics,Pune,78446.89,4.4,On Leave,Unknown,23-12-2019,3.4,rohan.malik4434@company.com
501888,Meena Thakur,55,Unknown,Pune,88038.97,4.2,Unknown,Masters,22-12-2022,5.5,meena.thakur1888@company.com
501105,Anjali Saxena,32,Logistics,Unknown,53312.24,0.7,Active,Bachelors,04-10-2024,3.7,anjali.saxena1105@company.com
501803,Simran Chauhan,40,Marketing,Jaipur,46449.05,5.6,Active,Unknown,03-08-2025,5.2,simran.chauhan1803@company.com
500158,Anjali Sinha,23,Logistics,Delhi,66105.15,15.6,Inactive,Diploma,14-11-2025,7.6,anjali.sinha158@company.com
504218,Anjali Nanda,31,Marketing,Unknown,84509.32,14.6,Active,Bachelors,11-01-2018,7.1,anjali.nanda4218@company.com
502643,Manish Thakur,21,IT,Delhi,99842.19,5.1,On Leave,Unknown,03-02-2020,9.2,manish.thakur2643@company.com
501001,Vijay Bansal,51,Logistics,Unknown,45937.71,18.2,Active,Bachelors,22-09-2016,5.3,vijay.bansal1001@company.com
503772,Arjun Malik,51,HR,Chennai,32629.01,34.6,On Leave,Masters,18-12-2016,7.4,arjun.malik3772@company.com
504942,Rahul Pandey,25,Sales,Delhi,80310.06,19.6,On Leave,Unknown,18-08-2024,8.6,rahul.pandey4942@company.com
502034,Simran Saxena,45,Sales,Pune,79764.4,30.1,Active,Bachelors,27-02-2019,2.3,simran.saxena2034@company.com
503165,Suresh Chauhan,56,Operations,Mumbai,44890.43,23.4,Inactive,Masters,16-12-2020,5.9,suresh.chauhan3165@company.com
502067,Neha Goel,46,IT,Pune,149956.68,29.7,Active,Bachelors,07-07-2021,2.9,neha.goel2067@company.com
503317,Simran Malik,30,IT,Chennai,85663.82,29.8,Active,Diploma,02-10-2015,4.2,simran.malik3317@company.com
500283,Isha Bose,36,Unknown,Lucknow,115746.25,14.4,Active,Bachelors,12-03-2025,9,isha.bose283@company.com
500964,Divya Goel,21,Support,Bengaluru,140746.35,13.2,Unknown,Masters,10-02-2017,8.4,divya.goel964@company.com
502372,Isha Goel,44,Operations,Hyderabad,107513.25,14,Inactive,Masters,06-09-2018,4.5,isha.goel2372@company.com
503093,Isha Rastogi,31,Finance,Unknown,133234.61,3,Inactive,Unknown,04-10-2020,9.9,isha.rastogi3093@company.com
504310,Priya Mishra,49,Unknown,Delhi,70814.54,9.2,Unknown,Bachelors,04-12-2018,9.8,priya.mishra4310@company.com
500036,Sanjay Chauhan,53,HR,Pune,67257.84,15.8,Inactive,Bachelors,16-08-2021,7.2,sanjay.chauhan36@company.com
500143,Sneha Agarwal,40,Finance,Unknown,94818.15,21.2,Active,Bachelors,11-09-2021,7.1,sneha.agarwal143@company.com
503802,Pooja Bansal,25,IT,Delhi,27327.51,31.7,Unknown,Unknown,07-12-2015,3.8,pooja.bansal3802@company.com
503969,Suresh Nanda,43,IT,Hyderabad,92905.31,9.7,Active,Bachelors,12-03-2020,6.9,suresh.nanda3969@company.com
500119,Rajesh Malik,28,Marketing,Bengaluru,49876.28,11.6,Unknown,Masters,18-10-2023,3.5,rajesh.malik119@company.com
503739,Shreya Thakur,52,Marketing,Delhi,47453.6,17.6,Unknown,Bachelors,13-12-2020,2.3,shreya.thakur3739@company.com
502592,Amit Mishra,54,Sales,Bengaluru,142040.25,17.6,Active,Diploma,15-01-2024,4.6,amit.mishra2592@company.com
504828,Kavita Agarwal,58,Logistics,Bengaluru,124768.61,22.2,Inactive,Bachelors,25-03-2024,4.7,kavita.agarwal4828@company.com
500618,Rajesh Chauhan,27,Unknown,Ahmedabad,60903.77,24.7,Inactive,Unknown,07-01-2018,4.8,rajesh.chauhan618@company.com
504352,Sneha Thakur,35,Operations,Kolkata,139542.09,24.8,Active,Masters,24-07-2019,5.5,sneha.thakur4352@company.com
503179,Meena Saxena,43,Marketing,Bengaluru,84509.32,20.1,Inactive,Bachelors,26-11-2021,8.4,meena.saxena3179@company.com
502856,Pooja Choudhary,59,HR,Jaipur,136920.08,24.7,Active,Unknown,12-04-2020,5.5,pooja.choudhary2856@company.com
502988,Isha Nanda,51,Support,Kolkata,73169.81,13.3,Unknown,Diploma,09-11-2023,3.4,isha.nanda2988@company.com
502443,Meena Mishra,30,Marketing,Chennai,22893.35,10.7,Unknown,Bachelors,01-09-2021,7.2,meena.mishra2443@company.com
502139,Sneha Bose,40,Support,Unknown,146520.64,2.5,Inactive,Unknown,27-02-2020,2.9,sneha.bose2139@company.com
502427,Rajesh Mishra,34,Sales,Bengaluru,44780.5,20.9,Inactive,Unknown,16-09-2020,5.5,rajesh.mishra2427@company.com
504491,Rohan Trivedi,59,Sales,Lucknow,66152.96,2.2,Inactive,Diploma,08-09-2018,8.5,rohan.trivedi4491@company.com
503589,Ritu Sinha,57,Marketing,Kolkata,29108.38,21.7,Inactive,Diploma,10-02-2024,6.5,ritu.sinha3589@company.com
504015,Simran Mishra,23,Logistics,Hyderabad,93173.21,33.7,Inactive,Unknown,05-02-2024,5.5,simran.mishra4015@company.com
500317,Divya Bhatia,52,Unknown,Jaipur,115777.26,10.3,Active,Unknown,17-10-2015,4.6,divya.bhatia317@company.com
500493,Divya Trivedi,36,IT,Mumbai,84509.32,27.1,Inactive,Bachelors,24-06-2022,3.2,divya.trivedi493@company.com
501607,Vikram Agarwal,37,Marketing,Chennai,66359.24,24.7,Unknown,Diploma,19-11-2018,8.3,vikram.agarwal1607@company.com
500953,Nikhil Khanna,40,HR,Mumbai,124435.45,31.1,Unknown,Diploma,05-06-2019,4,nikhil.khanna953@company.com
501932,Priya Saxena,52,Marketing,Delhi,61610.07,1,Unknown,Bachelors,12-05-2020,8.5,priya.saxena1932@company.com
504665,Deepak Mishra,55,Marketing,Mumbai,146624.35,9,Active,Bachelors,17-02-2025,8.6,deepak.mishra4665@company.com
501453,Suresh Bose,35,Unknown,Mumbai,34358.6,20.7,Inactive,Masters,27-02-2016,2.5,suresh.bose1453@company.com
502804,Simran Agarwal,48,Logistics,Hyderabad,147695.24,34.7,Inactive,Bachelors,20-08-2021,8.5,simran.agarwal2804@company.com
503484,Kavita Pandey,39,Sales,Pune,84509.32,0.9,Active,PhD,25-09-2021,5.5,kavita.pandey3484@company.com
500248,Sneha Saxena,44,Unknown,Bengaluru,145574.97,12.5,On Leave,Unknown,12-06-2024,8.3,sneha.saxena248@company.com
503570,Karan Ghosh,51,IT,Mumbai,22207.11,32.4,On Leave,Masters,25-05-2025,3,karan.ghosh3570@company.com
500700,Meena Dixit,47,Sales,Jaipur,86366.53,14.4,Inactive,Unknown,09-01-2021,3.1,meena.dixit700@company.com
502033,Sanjay Goel,59,HR,Mumbai,78708.77,0.1,On Leave,Unknown,14-08-2023,5.9,sanjay.goel2033@company.com
502190,Divya Malik,37,Sales,Jaipur,72202.81,19.3,On Leave,Masters,02-07-2017,9.2,divya.malik2190@company.com
503939,Pooja Khanna,52,Marketing,Pune,44142.67,17.6,Inactive,Bachelors,18-10-2016,1.2,pooja.khanna3939@company.com
502688,Vikram Chauhan,40,Unknown,Delhi,84509.32,0.2,Inactive,Masters,22-06-2025,1.7,vikram.chauhan2688@company.com
500790,Anjali Thakur,24,IT,Unknown,53163.1,19.8,Inactive,PhD,01-02-2020,1.2,anjali.thakur790@company.com
502424,Anjali Bhatia,52,Sales,Delhi,117014.26,11.3,Active,Diploma,12-03-2017,6.6,anjali.bhatia2424@company.com
503208,Gaurav Bose,23,Finance,Hyderabad,129471.32,7.3,Inactive,Unknown,14-08-2018,7,gaurav.bose3208@company.com
500379,Nisha Choudhary,38,HR,Mumbai,143707.98,1.3,Active,Masters,09-09-2021,2.4,nisha.choudhary379@company.com
503639,Sneha Bhatia,59,IT,Mumbai,89159.27,26.6,Active,Masters,13-01-2015,8.4,sneha.bhatia3639@company.com
502146,Kavita Saxena,56,Operations,Ahmedabad,106382.12,18.1,Active,Diploma,24-10-2019,6.2,kavita.saxena2146@company.com
502913,Simran Saxena,21,IT,Delhi,84509.32,26.6,Inactive,Unknown,11-08-2023,9.2,simran.saxena2913@company.com
502629,Suresh Khanna,29,Operations,Pune,131013.02,34.3,Unknown,Diploma,15-02-2022,2.1,suresh.khanna2629@company.com
502645,Vijay Bhatia,58,Marketing,Unknown,118798.59,19.8,Unknown,Unknown,12-03-2017,6,vijay.bhatia2645@company.com
504267,Sanjay Nanda,37,Marketing,Delhi,39761.61,9.4,Active,Masters,21-09-2015,6.1,sanjay.nanda4267@company.com
504016,Shreya Sinha,49,Support,Chennai,113271.09,0.2,Unknown,Unknown,04-12-2022,5.5,shreya.sinha4016@company.com
503268,Nisha Pandey,36,Finance,Chennai,33680.83,3.3,On Leave,Bachelors,21-10-2016,1.2,nisha.pandey3268@company.com
504543,Ashok Yadav,46,IT,Unknown,118534.42,10.1,Unknown,Masters,17-05-2015,5.5,ashok.yadav4543@company.com
501116,Vijay Dixit,30,Support,Jaipur,93727.99,31.8,Unknown,Masters,21-07-2017,6.4,vijay.dixit1116@company.com
501642,Simran Yadav,56,Marketing,Chennai,33802.67,2.3,Inactive,Unknown,24-02-2021,8.9,simran.yadav1642@company.com
500715,Nisha Saxena,32,Finance,Kolkata,101918.59,18.7,Unknown,Bachelors,01-03-2025,1.3,nisha.saxena715@company.com
500515,  Preeti Choudhary  ,57,Unknown,Ahmedabad,72740.61,22.3,Active,Bachelors,15-07-2021,1.4,preeti.choudhary515@company.com
502515,Priya Yadav,41,Unknown,Kolkata,68928.12,26.2,On Leave,Masters,13-05-2017,3,priya.yadav2515@company.com
502120,Kavita Goel,46,IT,Delhi,35296.57,35,Active,Bachelors,15-07-2015,5.5,kavita.goel2120@company.com
502905,Preeti Ghosh,54,Unknown,Hyderabad,94829.37,4.7,Active,Unknown,26-11-2023,4.1,preeti.ghosh2905@company.com
502003,Suresh Chauhan,26,Sales,Bengaluru,137568.57,7.1,Inactive,Masters,04-07-2015,5.5,suresh.chauhan2003@company.com
504758,Ashok Sinha,28,Marketing,Chennai,112435.65,4.5,On Leave,Masters,14-12-2019,3,ashok.sinha4758@company.com
504003,  Arjun Chauhan  ,21,Logistics,Ahmedabad,69874.9,1.5,On Leave,Unknown,23-12-2016,5.2,arjun.chauhan4003@company.com
500194,Sanjay Yadav,28,Unknown,Mumbai,80197.82,3.5,Active,Bachelors,19-07-2018,8,sanjay.yadav194@company.com
501030,Ashok Agarwal,57,Operations,Lucknow,46867.91,7,Active,Masters,02-03-2020,5.5,ashok.agarwal1030@company.com
504897,Kavita Choudhary,40,Sales,Bengaluru,116955.25,26.7,Active,Unknown,04-07-2015,1.5,kavita.choudhary4897@company.com
500680,Simran Yadav,24,Unknown,Ahmedabad,54954.91,15.8,Inactive,Diploma,16-01-2017,3.1,simran.yadav680@company.com
501403,Gaurav Thakur,57,Unknown,Chennai,117652.95,15.3,On Leave,Bachelors,25-11-2019,8.7,gaurav.thakur1403@company.com
500226,Divya Ghosh,35,Operations,Bengaluru,79833.99,28.3,Unknown,Diploma,18-03-2023,8,divya.ghosh226@company.com
504161,Ashok Trivedi,21,IT,Ahmedabad,135914.14,5.2,Active,PhD,17-12-2025,7.7,ashok.trivedi4161@company.com
502404,Amit Pandey,33,Sales,Chennai,48824.67,33,Inactive,Bachelors,13-11-2024,5.5,amit.pandey2404@company.com
500775,Nisha Bose,24,Finance,Kolkata,114877.52,34.9,Unknown,Bachelors,16-09-2018,7.2,nisha.bose775@company.com
504281,Suresh Rastogi,56,Marketing,Hyderabad,137885.31,9.4,Active,Bachelors,07-02-2021,1.5,suresh.rastogi4281@company.com
502016,Manish Bansal,37,Sales,Delhi,110665.86,17.6,Unknown,Bachelors,19-11-2021,6.2,manish.bansal2016@company.com
501793,Rohan Pandey,32,Unknown,Jaipur,84509.32,12.7,Active,Bachelors,01-11-2019,5.5,rohan.pandey1793@company.com
500944,Divya Goel,46,IT,Pune,52796.72,6.7,Inactive,Masters,22-02-2022,7.1,divya.goel944@company.com
503720,Rohan Thakur,58,HR,Bengaluru,37415.4,3.5,Inactive,Unknown,09-04-2024,4.4,rohan.thakur3720@company.com
502770,Simran Thakur,28,HR,Unknown,62994.28,17.6,Active,Masters,25-03-2024,4.1,simran.thakur2770@company.com
500169,Swati Ghosh,40,Unknown,Delhi,141852.74,14.2,Inactive,Bachelors,22-01-2023,5.7,swati.ghosh169@company.com
503597,Amit Pandey,21,Operations,Kolkata,84509.32,10.3,Active,Unknown,08-03-2015,9.8,amit.pandey3597@company.com
504295,Meena Saxena,57,IT,Hyderabad,103984.26,31.5,Inactive,Masters,12-11-2015,9.1,meena.saxena4295@company.com
504994,Simran Goel,54,Sales,Unknown,79677.47,34.8,Inactive,Bachelors,11-03-2017,4.3,simran.goel4994@company.com
500845,Rajesh Malik,38,Unknown,Lucknow,58105.3,1.3,Active,PhD,03-06-2020,5.3,rajesh.malik845@company.com
501066,Meena Chauhan,46,Support,Kolkata,124955.34,22.2,On Leave,Masters,22-08-2025,1.7,meena.chauhan1066@company.com
504469,Nisha Pandey,34,Logistics,Bengaluru,39113.99,17.6,Inactive,Bachelors,27-01-2022,7.5,nisha.pandey4469@company.com
501575,Simran Yadav,53,Sales,Lucknow,67260.42,7.1,Inactive,Diploma,21-09-2024,5.3,Not Provided
504280,Vikram Ghosh,33,IT,Unknown,84509.32,30.8,On Leave,Diploma,03-11-2017,4.4,vikram.ghosh4280@company.com
504652,Swati Rastogi,24,Logistics,Unknown,131784,21.6,Inactive,Unknown,01-05-2019,2.5,swati.rastogi4652@company.com
501365,Sneha Nanda,58,Support,Jaipur,148810.94,4,Unknown,Bachelors,05-12-2016,6.5,sneha.nanda1365@company.com
504468,Sneha Dixit,21,HR,Delhi,49781.82,16.9,On Leave,Bachelors,21-07-2017,9.8,sneha.dixit4468@company.com
500699,Rohan Bhatia,47,Unknown,Delhi,27811.38,8,Active,Masters,20-09-2024,3.9,rohan.bhatia699@company.com
502178,Sneha Bose,29,Support,Pune,84509.32,23.7,Unknown,Unknown,06-08-2025,3.1,sneha.bose2178@company.com
503629,Deepak Pandey,22,Operations,Delhi,118282.85,24.6,On Leave,Bachelors,09-06-2025,3.3,deepak.pandey3629@company.com
504266,Swati Goel,45,Finance,Lucknow,58976.69,31.6,Inactive,Unknown,03-08-2025,9.1,swati.goel4266@company.com
501143,Anjali Bhatia,23,Operations,Unknown,101059.98,21.3,Active,Masters,19-04-2018,1.5,anjali.bhatia1143@company.com
504250,Sanjay Trivedi,31,Sales,Bengaluru,140660.39,17.6,Inactive,Diploma,11-11-2021,9.2,sanjay.trivedi4250@company.com
501267,Sanjay Yadav,21,Finance,Mumbai,25642.94,17.6,Active,Masters,23-03-2022,1.9,sanjay.yadav1267@company.com
501135,Vijay Pandey,32,Sales,Bengaluru,115674.46,33.1,Active,Masters,04-07-2024,2.9,vijay.pandey1135@company.com
501569,Ashok Yadav,54,Operations,Delhi,145673.01,17.6,Active,PhD,23-12-2016,1,ashok.yadav1569@company.com
504820,Anjali Thakur,58,IT,Unknown,110825.63,2.7,Active,Masters,17-10-2015,7.6,anjali.thakur4820@company.com
504225,Sneha Chauhan,54,Marketing,Delhi,91725.54,27.2,On Leave,Masters,13-12-2025,6.5,sneha.chauhan4225@company.com
501482,Simran Rastogi,40,Unknown,Unknown,118377.58,31.1,On Leave,PhD,06-07-2024,1.9,simran.rastogi1482@company.com
500225,Amit Bose,56,Operations,Kolkata,89533.76,29,Unknown,Unknown,03-08-2015,10,amit.bose225@company.com
501120,Vijay Sinha,49,Sales,Jaipur,91195.05,5.5,Unknown,Unknown,22-04-2022,5.7,vijay.sinha1120@company.com
500598,Karan Rastogi,47,Sales,Unknown,22692.3,27.3,On Leave,Bachelors,08-01-2021,7.4,karan.rastogi598@company.com
504167,  Vijay Khanna  ,46,IT,Chennai,39102.01,16.1,Unknown,PhD,02-03-2019,3.4,vijay.khanna4167@company.com
504002,Suresh Ghosh,27,Marketing,Unknown,129814.59,23.6,Inactive,PhD,27-11-2017,7.1,suresh.ghosh4002@company.com
501210,Rajesh Mishra,55,Marketing,Ahmedabad,145722.16,27.8,Inactive,Bachelors,08-05-2025,9.3,rajesh.mishra1210@company.com
504670,Rajesh Mishra,26,IT,Chennai,108412.76,12,Active,Masters,19-04-2024,9,rajesh.mishra4670@company.com
501193,Ashok Yadav,35,Support,Mumbai,114062.88,13.4,Inactive,Bachelors,13-08-2025,7.9,ashok.yadav1193@company.com
500874,Priya Yadav,21,Sales,Mumbai,125276.33,21.4,On Leave,Bachelors,16-03-2021,4,priya.yadav874@company.com
502494,Sanjay Ghosh,49,HR,Hyderabad,84509.32,17.2,Unknown,PhD,09-11-2023,8.8,sanjay.ghosh2494@company.com
501042,Suresh Saxena,50,Unknown,Kolkata,64207.51,4.1,Unknown,Bachelors,10-01-2022,9.4,suresh.saxena1042@company.com
504405,Rohan Rastogi,29,Logistics,Chennai,37062.4,15.2,On Leave,Bachelors,05-06-2023,5.5,rohan.rastogi4405@company.com
503702,Meena Malik,50,Unknown,Hyderabad,33925.51,16,On Leave,Masters,04-02-2019,1,meena.malik3702@company.com
504939,Anjali Chauhan,55,Sales,Ahmedabad,133138.04,34.9,Inactive,Bachelors,23-12-2025,7,anjali.chauhan4939@company.com
504489,Suresh Rastogi,52,Unknown,Jaipur,50643.44,9.1,Inactive,PhD,03-11-2016,8.7,suresh.rastogi4489@company.com
503314,Amit Bansal,34,Marketing,Unknown,81285.39,34.9,Inactive,Unknown,11-10-2024,5.5,amit.bansal3314@company.com
504775,Gaurav Bose,55,Support,Hyderabad,47986.62,18.6,Unknown,Masters,26-09-2015,5.5,gaurav.bose4775@company.com
502892,Ashok Pandey,29,Operations,Unknown,84509.32,17.6,Unknown,Masters,14-03-2021,7.7,ashok.pandey2892@company.com
501459,Vijay Yadav,47,Marketing,Ahmedabad,84509.32,20.1,Inactive,PhD,14-05-2023,9.5,vijay.yadav1459@company.com
504834,Priya Mishra,43,HR,Unknown,84509.32,30.4,Inactive,Masters,07-12-2023,5.5,priya.mishra4834@company.com
501059,Sneha Bose,27,Marketing,Unknown,73085.88,11,On Leave,Diploma,05-09-2021,4.3,sneha.bose1059@company.com
501303,Rajesh Chauhan,28,Unknown,Hyderabad,84509.32,5.4,Active,Bachelors,21-12-2018,6.7,rajesh.chauhan1303@company.com
503587,Pooja Sinha,41,Marketing,Bengaluru,33167.71,33.5,Inactive,PhD,20-07-2025,5.5,pooja.sinha3587@company.com
504600,Ritu Bhatia,42,Unknown,Kolkata,84782.74,16.4,Active,Bachelors,19-12-2023,5.5,ritu.bhatia4600@company.com
500321,Rohan Bose,21,Operations,Chennai,90002.81,16.6,Unknown,Diploma,12-03-2025,8.6,rohan.bose321@company.com
501115,  Nisha Goel  ,59,Operations,Chennai,146898.69,2.9,Active,Unknown,05-04-2025,9,nisha.goel1115@company.com
501022,Kavita Mishra,47,IT,Bengaluru,72471.67,17.1,Inactive,Masters,19-10-2015,4.4,kavita.mishra1022@company.com
501917,Anjali Khanna,36,Unknown,Delhi,52566.81,17,Active,Bachelors,20-06-2024,9.2,anjali.khanna1917@company.com
501558,Kavita Khanna,53,Marketing,Chennai,85058.06,6,Active,Masters,16-02-2021,9,kavita.khanna1558@company.com
500634,Shreya Bose,47,Unknown,Delhi,85936.63,2.7,Inactive,Diploma,07-12-2017,7.8,shreya.bose634@company.com
502240,Vikram Yadav,35,Unknown,Unknown,84509.32,9.9,On Leave,Unknown,10-10-2016,4.7,vikram.yadav2240@company.com
501155,Simran Khanna,29,Unknown,Delhi,134368.76,21.1,On Leave,Masters,08-11-2024,6,simran.khanna1155@company.com
500631,Simran Malik,57,HR,Unknown,26042.03,24.1,Unknown,Unknown,01-09-2021,8.6,simran.malik631@company.com
503295,Isha Pandey,40,Support,Mumbai,65230.06,17.6,Active,Masters,08-04-2022,6.4,isha.pandey3295@company.com
500237,Kavita Chauhan,55,Sales,Delhi,91019.96,25.9,Inactive,Masters,11-06-2016,7.4,kavita.chauhan237@company.com
504917,Neha Dixit,52,Unknown,Unknown,140033.56,14.2,Active,Bachelors,13-05-2018,2.4,neha.dixit4917@company.com
501620,Ritu Mishra,49,IT,Unknown,110560.07,24.4,On Leave,Bachelors,14-12-2025,5.5,ritu.mishra1620@company.com
504189,Swati Rastogi,26,Marketing,Chennai,92607.87,1.3,On Leave,PhD,13-01-2020,9.9,swati.rastogi4189@company.com
504343,Gaurav Trivedi,46,HR,Bengaluru,117085.34,29,Inactive,Bachelors,24-03-2017,7.5,gaurav.trivedi4343@company.com
504713,Deepak Agarwal,43,IT,Mumbai,78633.05,6,Active,Masters,27-10-2025,1.4,deepak.agarwal4713@company.com
500846,Rahul Yadav,48,Logistics,Delhi,39236.12,18.8,Active,Masters,05-09-2019,3.4,rahul.yadav846@company.com
502735,Vikram Pandey,46,Marketing,Chennai,140108.12,9.5,Unknown,Unknown,26-10-2023,7.8,vikram.pandey2735@company.com
500656,Ashok Bhatia,39,IT,Ahmedabad,49820.99,7,Active,Unknown,12-03-2025,5.5,ashok.bhatia656@company.com
502415,Rohan Goel,52,Finance,Bengaluru,109108.31,7.5,Inactive,Masters,04-08-2024,7.2,rohan.goel2415@company.com
501675,Vikram Bhatia,53,Support,Kolkata,46053.09,11.6,Active,Unknown,20-09-2015,1.3,vikram.bhatia1675@company.com
500430,Sanjay Mishra,38,Support,Delhi,75927.91,12,Active,Unknown,02-10-2021,8,sanjay.mishra430@company.com
503180,Vijay Chauhan,56,IT,Delhi,51228.65,8,Active,Unknown,14-05-2022,5.5,vijay.chauhan3180@company.com
501904,Swati Nanda,39,Unknown,Unknown,62520.75,24.5,Unknown,Unknown,18-05-2025,7.1,swati.nanda1904@company.com
502614,Shreya Ghosh,53,IT,Chennai,110564.94,31.5,Active,Masters,22-12-2018,5.1,shreya.ghosh2614@company.com
500068,Swati Saxena,24,Marketing,Delhi,33495.97,12.8,Unknown,Bachelors,08-06-2020,6.6,swati.saxena68@company.com
500139,Swati Thakur,21,Operations,Mumbai,141190.81,18.3,Unknown,PhD,19-08-2021,3.4,swati.thakur139@company.com
500150,Swati Sinha,56,Unknown,Mumbai,42638.29,31.6,On Leave,Bachelors,26-09-2019,3,swati.sinha150@company.com
503351,  Deepak Choudhary  ,51,HR,Jaipur,68426.31,2.3,Unknown,Unknown,14-11-2020,4,deepak.choudhary3351@company.com
500871,Kavita Bansal,49,HR,Jaipur,43583.46,23.1,Inactive,Unknown,15-09-2017,2.9,kavita.bansal871@company.com
501456,Preeti Chauhan,24,Operations,Unknown,28735.62,22.8,Inactive,Diploma,07-06-2016,4,preeti.chauhan1456@company.com
500242,Shreya Ghosh,21,Sales,Chennai,64300.92,21.8,Inactive,PhD,14-11-2016,7.4,shreya.ghosh242@company.com
500884,Priya Saxena,43,Marketing,Delhi,100243.1,16.5,Active,Bachelors,19-11-2018,8.9,priya.saxena884@company.com
500976,Meena Thakur,35,Sales,Mumbai,84509.32,11.9,Unknown,Bachelors,19-04-2017,1.6,meena.thakur976@company.com
503735,Amit Yadav,55,Sales,Bengaluru,128322.85,33.7,Inactive,PhD,03-08-2022,5.9,amit.yadav3735@company.com
504034,Pooja Khanna,32,Sales,Pune,107724.86,21.4,Active,Bachelors,23-09-2022,8.2,pooja.khanna4034@company.com
503638,Arjun Chauhan,54,IT,Bengaluru,25386.82,4.7,Active,Masters,01-04-2019,3.9,arjun.chauhan3638@company.com
504528,Simran Chauhan,39,Support,Chennai,28238.59,11.1,Inactive,Bachelors,08-02-2017,9.5,simran.chauhan4528@company.com
503369,Sanjay Dixit,49,IT,Jaipur,94576.2,12.1,Inactive,Diploma,23-08-2025,1.1,sanjay.dixit3369@company.com
504393,Ashok Bhatia,21,IT,Chennai,145099.87,32.3,On Leave,Bachelors,09-02-2016,9.7,ashok.bhatia4393@company.com
500372,Vikram Sinha,43,Unknown,Kolkata,119261.02,12.4,Unknown,Masters,21-07-2022,2.8,vikram.sinha372@company.com
502580,Nisha Bose,50,IT,Kolkata,84509.32,1.4,Inactive,Diploma,12-07-2015,7.6,nisha.bose2580@company.com
500199,Suresh Mishra,25,Unknown,Pune,46231.95,16.5,Active,Masters,14-12-2020,6.1,suresh.mishra199@company.com
504256,Gaurav Dixit,41,Unknown,Bengaluru,145780.43,6.9,Active,Unknown,04-02-2016,7.7,gaurav.dixit4256@company.com
504421,Gaurav Chauhan,24,Logistics,Unknown,134449.55,33.7,Inactive,Masters,18-10-2017,9.3,gaurav.chauhan4421@company.com
503817,Arjun Choudhary,48,Sales,Unknown,106557.01,34,Unknown,Bachelors,04-11-2017,3.3,arjun.choudhary3817@company.com
503977,Karan Trivedi,31,Finance,Delhi,126655.12,21.9,Active,Bachelors,23-08-2023,6.6,karan.trivedi3977@company.com
502058,Karan Yadav,57,Unknown,Unknown,95723.29,12.9,Inactive,Diploma,16-04-2020,2.1,karan.yadav2058@company.com
503762,  Gaurav Rastogi  ,31,Sales,Kolkata,78388.27,12.6,Inactive,Diploma,10-07-2025,1.1,gaurav.rastogi3762@company.com
501813,Manish Khanna,44,Marketing,Delhi,31240.51,25.2,Active,Unknown,18-05-2019,4.4,manish.khanna1813@company.com
501554,Neha Malik,23,Marketing,Unknown,75542,26.1,Inactive,Unknown,13-05-2024,9,neha.malik1554@company.com
501163,Simran Bansal,42,HR,Delhi,20781.59,14.9,Active,Masters,18-03-2021,8.2,simran.bansal1163@company.com
503873,Rahul Trivedi,41,Support,Mumbai,77729.41,17.6,Inactive,Masters,04-04-2017,7.3,rahul.trivedi3873@company.com
503097,Sanjay Bansal,40,Marketing,Pune,90465.98,33.1,Active,Bachelors,10-06-2024,5.8,sanjay.bansal3097@company.com
500823,Gaurav Saxena,42,Marketing,Mumbai,104946.71,10.4,Active,PhD,16-05-2015,8.1,gaurav.saxena823@company.com
502062,Amit Mishra,40,Marketing,Hyderabad,116633.52,2.4,Active,Diploma,03-11-2022,2.6,amit.mishra2062@company.com
500294,Sanjay Agarwal,45,IT,Chennai,124550.15,22.1,On Leave,Masters,11-05-2022,8.5,sanjay.agarwal294@company.com
502264,Vikram Pandey,54,Operations,Bengaluru,57800.1,5.1,Inactive,Diploma,06-01-2022,8.3,vikram.pandey2264@company.com
500761,Sanjay Bhatia,31,Finance,Delhi,92973.2,20.4,Active,Bachelors,08-02-2020,5.9,sanjay.bhatia761@company.com
501791,Manish Saxena,25,Unknown,Chennai,53625.62,17.6,On Leave,Unknown,11-01-2020,2.9,manish.saxena1791@company.com
502502,Ashok Choudhary,39,Finance,Unknown,133877.16,1.3,Active,PhD,27-10-2015,5.7,ashok.choudhary2502@company.com
500499,  Karan Khanna  ,36,Sales,Unknown,79335.27,24.1,Active,Diploma,24-11-2019,4.6,karan.khanna499@company.com
502485,Ritu Pandey,50,Unknown,Unknown,27602.91,21.9,On Leave,Unknown,15-01-2020,2.5,ritu.pandey2485@company.com
500605,Karan Yadav,26,Operations,Chennai,29638.17,2.4,Inactive,Masters,11-07-2022,8.1,karan.yadav605@company.com
501762,Suresh Nanda,45,HR,Delhi,24188.84,29.3,Active,PhD,25-03-2022,7.1,suresh.nanda1762@company.com
503979,Rahul Bhatia,46,Logistics,Unknown,84509.32,23.3,Inactive,Masters,03-01-2025,4.5,rahul.bhatia3979@company.com
500351,Isha Nanda,56,Operations,Unknown,73182.41,3.7,On Leave,Bachelors,24-06-2024,7.2,isha.nanda351@company.com
503590,Sneha Agarwal,57,Marketing,Mumbai,48097.51,33.6,Unknown,Bachelors,17-11-2015,6.9,sneha.agarwal3590@company.com
500305,Rahul Ghosh,25,Marketing,Lucknow,43320.11,32.6,Active,Diploma,21-04-2017,5.5,rahul.ghosh305@company.com
504503,Meena Malik,30,Marketing,Unknown,78986.73,17.6,Inactive,Unknown,10-06-2025,4,meena.malik4503@company.com
500025,Vikram Sinha,56,IT,Mumbai,128104.1,7.1,Inactive,Masters,12-02-2017,5.6,Not Provided
500580,Priya Dixit,50,Support,Bengaluru,75213.08,20.3,Unknown,Unknown,01-02-2018,5.1,priya.dixit580@company.com
501136,Divya Choudhary,35,Unknown,Chennai,49341.49,17.6,Inactive,Diploma,07-04-2024,7.9,divya.choudhary1136@company.com
500447,Sneha Dixit,23,Operations,Pune,66627.69,29.6,Active,Unknown,17-12-2016,5.9,sneha.dixit447@company.com
503300,  Rahul Pandey  ,34,Operations,Mumbai,113804.86,20.9,Inactive,PhD,21-07-2025,5.4,rahul.pandey3300@company.com
501320,Vikram Yadav,35,Unknown,Ahmedabad,104470.04,33.1,Inactive,Bachelors,09-12-2016,8.2,vikram.yadav1320@company.com
503733,  Meena Trivedi  ,45,IT,Pune,77202.49,7.3,Unknown,Unknown,01-08-2018,7.1,meena.trivedi3733@company.com
504701,Nikhil Bansal,43,Unknown,Bengaluru,21291.85,8.1,Inactive,Unknown,04-10-2017,4.5,Not Provided
503191,Gaurav Sinha,41,Operations,Hyderabad,135513.99,17.7,Active,Masters,27-11-2018,3.9,gaurav.sinha3191@company.com
502071,Priya Mishra,39,Logistics,Hyderabad,36406.58,15,Active,Unknown,02-08-2017,3.4,priya.mishra2071@company.com
501814,Divya Choudhary,34,Unknown,Delhi,23949.03,9.3,Active,Bachelors,13-09-2015,9.2,divya.choudhary1814@company.com
500822,Gaurav Malik,23,Marketing,Unknown,123898.49,16.2,On Leave,PhD,02-06-2016,3.2,gaurav.malik822@company.com
504278,Rohan Saxena,42,IT,Unknown,130366.71,20.8,Inactive,Masters,14-04-2023,8.1,rohan.saxena4278@company.com
504337,Anjali Nanda,57,Support,Bengaluru,95810.67,2.4,Inactive,Unknown,10-10-2017,1.1,anjali.nanda4337@company.com
500989,Divya Bose,57,Unknown,Unknown,107031.24,23.7,Active,Bachelors,04-10-2018,1.8,divya.bose989@company.com
501545,Sneha Khanna,37,Finance,Pune,106031.23,1.2,Inactive,Unknown,25-12-2023,5.7,sneha.khanna1545@company.com
500819,Simran Dixit,40,Marketing,Mumbai,81378.78,1.9,Unknown,PhD,10-09-2025,5.5,simran.dixit819@company.com
502361,Deepak Malik,58,HR,Delhi,115007.7,31.6,Inactive,Masters,08-11-2021,5.5,deepak.malik2361@company.com
501504,Ashok Goel,47,Sales,Delhi,143171.66,2.9,Inactive,Masters,08-11-2021,1.8,ashok.goel1504@company.com
502649,Ashok Saxena,56,Sales,Bengaluru,23175.99,19.5,Active,Unknown,12-03-2017,5.4,ashok.saxena2649@company.com
502590,Nisha Thakur,36,Sales,Ahmedabad,121488.98,34.5,Inactive,Diploma,04-11-2015,8.7,nisha.thakur2590@company.com
501852,Divya Sinha,25,Unknown,Chennai,40539.59,21.8,Active,Unknown,08-05-2019,7.8,divya.sinha1852@company.com
503028,Sanjay Khanna,58,HR,Unknown,102466.9,17.6,On Leave,Bachelors,22-09-2025,2.8,sanjay.khanna3028@company.com
504691,Rajesh Saxena,29,Support,Mumbai,49139.12,17.4,Active,Unknown,21-02-2020,6.9,rajesh.saxena4691@company.com
504560,Preeti Malik,47,Marketing,Lucknow,22034.05,5.7,Unknown,Unknown,18-07-2022,8.4,preeti.malik4560@company.com
501863,Kavita Choudhary,40,Marketing,Kolkata,70829.2,15.2,Inactive,Bachelors,20-12-2020,6.7,kavita.choudhary1863@company.com
503699,Rahul Sinha,45,Operations,Jaipur,103590.57,1.3,Unknown,Diploma,11-04-2020,4,rahul.sinha3699@company.com
501348,Rajesh Ghosh,38,Unknown,Pune,54183.16,5.3,Active,Diploma,03-03-2023,1.2,rajesh.ghosh1348@company.com
503853,Vijay Sinha,30,Sales,Unknown,80046.37,17.5,Active,Unknown,18-05-2022,6.4,vijay.sinha3853@company.com
503679,Kavita Saxena,42,Sales,Lucknow,27600.26,17.6,Active,Bachelors,08-10-2024,5.5,kavita.saxena3679@company.com
503368,Isha Trivedi,42,Unknown,Bengaluru,117152.62,0.2,Unknown,Diploma,13-08-2016,4.4,isha.trivedi3368@company.com
500009,Vikram Yadav,40,IT,Unknown,49111.76,20.1,Unknown,Diploma,03-03-2025,1.6,vikram.yadav9@company.com
501302,Amit Trivedi,23,Unknown,Chennai,40302.03,24.6,Unknown,Bachelors,09-10-2017,3.8,amit.trivedi1302@company.com
504415,Rahul Malik,48,Finance,Lucknow,42538.49,24.3,On Leave,Unknown,11-11-2019,3.8,rahul.malik4415@company.com
502069,Nikhil Bose,43,Unknown,Bengaluru,56471.58,0,Inactive,Bachelors,27-04-2018,7.9,nikhil.bose2069@company.com
502995,Meena Ghosh,45,IT,Pune,109358.7,2,Active,Bachelors,21-06-2020,5.4,meena.ghosh2995@company.com
501711,Nisha Nanda,44,IT,Delhi,32338.28,16.7,On Leave,Masters,10-06-2023,3.7,nisha.nanda1711@company.com
504125,Nisha Agarwal,34,IT,Jaipur,104882.13,19.6,Inactive,Bachelors,24-09-2019,2.7,nisha.agarwal4125@company.com
503728,Sanjay Pandey,59,IT,Kolkata,49076.7,6.9,Inactive,Masters,10-05-2017,8.2,sanjay.pandey3728@company.com
500323,Ritu Ghosh,39,IT,Bengaluru,52680.95,33.5,Inactive,Bachelors,09-07-2018,7.4,ritu.ghosh323@company.com
503172,Simran Trivedi,37,IT,Ahmedabad,66995.92,18.3,Active,Bachelors,13-07-2018,1.6,simran.trivedi3172@company.com
503088,Pooja Ghosh,46,Sales,Mumbai,112584.01,6.8,Inactive,Bachelors,24-12-2021,3.5,pooja.ghosh3088@company.com
502019,Kavita Mishra,54,IT,Hyderabad,71766.83,17.6,Inactive,Diploma,14-10-2023,1.5,kavita.mishra2019@company.com
502442,Amit Bhatia,48,Sales,Unknown,61207.61,24.5,Inactive,Unknown,18-10-2019,2.4,amit.bhatia2442@company.com
504255,Kavita Thakur,39,Marketing,Bengaluru,136379.97,28.8,Inactive,Diploma,03-07-2019,4.4,kavita.thakur4255@company.com
501973,Karan Mishra,27,Support,Delhi,81745.53,16.6,Inactive,Unknown,06-02-2016,7.9,karan.mishra1973@company.com
503676,Rahul Khanna,23,HR,Chennai,132233.57,24.8,On Leave,Diploma,07-02-2015,5.5,rahul.khanna3676@company.com
504986,Simran Trivedi,32,Finance,Hyderabad,105733.82,23.9,On Leave,Bachelors,10-05-2018,8.6,simran.trivedi4986@company.com
503773,Divya Sinha,58,Support,Unknown,29963.85,19,Active,Bachelors,27-10-2024,8.9,divya.sinha3773@company.com
503690,Rohan Pandey,45,Support,Mumbai,126764.34,11.3,Unknown,Unknown,23-11-2021,7,rohan.pandey3690@company.com
503623,Swati Pandey,52,HR,Pune,98106.69,24.2,Unknown,Diploma,14-12-2015,1.2,swati.pandey3623@company.com
503132,Isha Bhatia,32,HR,Bengaluru,84162.2,29.3,Inactive,Masters,23-02-2025,5.4,isha.bhatia3132@company.com
504686,Deepak Bose,43,HR,Jaipur,117120.75,32.9,Active,Bachelors,09-05-2017,5.1,deepak.bose4686@company.com
501774,Pooja Sinha,48,Sales,Bengaluru,62262.57,17.6,Inactive,Bachelors,03-08-2023,5.5,pooja.sinha1774@company.com
500098,Divya Chauhan,35,Unknown,Ahmedabad,69126.7,33.4,Unknown,Masters,01-08-2015,3.7,divya.chauhan98@company.com
501132,Shreya Saxena,28,Sales,Pune,29659.52,35,Unknown,Bachelors,22-12-2017,2.2,shreya.saxena1132@company.com
502538,Neha Bhatia,46,Marketing,Unknown,118158.07,32.6,Inactive,Diploma,16-11-2019,1.7,neha.bhatia2538@company.com
504877,Divya Dixit,21,Unknown,Bengaluru,102021.33,31.1,On Leave,Diploma,24-03-2020,5.5,divya.dixit4877@company.com
504831,Amit Choudhary,39,IT,Unknown,81191.33,18.4,On Leave,Masters,16-01-2015,8.4,amit.choudhary4831@company.com
503293,Kavita Bhatia,53,HR,Chennai,90201.38,28.4,Active,Masters,15-09-2018,8.1,kavita.bhatia3293@company.com
502674,Rahul Khanna,28,Operations,Bengaluru,84509.32,24.3,On Leave,Unknown,03-06-2023,4.5,rahul.khanna2674@company.com
504082,Rahul Thakur,52,Finance,Ahmedabad,117614.22,1.5,Inactive,Bachelors,02-08-2024,1.3,rahul.thakur4082@company.com
501758,Preeti Saxena,27,Marketing,Unknown,94802.97,4.4,Unknown,Diploma,17-09-2021,2.7,preeti.saxena1758@company.com
500553,Priya Khanna,27,IT,Bengaluru,98423.64,9.7,Active,Masters,04-02-2024,2.5,priya.khanna553@company.com
504710,Nisha Pandey,26,IT,Mumbai,84509.32,5,Unknown,PhD,10-01-2024,5.5,nisha.pandey4710@company.com
500941,Anjali Nanda,41,IT,Pune,99170.49,17.2,Active,Masters,18-12-2019,8.1,anjali.nanda941@company.com
503453,Karan Choudhary,40,Sales,Unknown,51309.6,24.9,Unknown,Unknown,24-05-2025,1.2,karan.choudhary3453@company.com
501602,Manish Malik,45,Unknown,Bengaluru,120062.19,29.7,On Leave,Bachelors,11-12-2025,1.7,manish.malik1602@company.com
500919,Sneha Trivedi,36,Finance,Bengaluru,143361.92,31.9,Inactive,Bachelors,23-10-2025,1.4,sneha.trivedi919@company.com
500731,Sanjay Malik,51,Sales,Unknown,26003.89,25.7,Active,PhD,07-07-2020,5.2,sanjay.malik731@company.com
502818,Vijay Nanda,58,Support,Delhi,81994.54,13.1,On Leave,Unknown,20-02-2017,1.9,vijay.nanda2818@company.com
500807,Nikhil Yadav,53,Logistics,Unknown,51860.82,8.4,Active,Unknown,01-10-2015,5.7,nikhil.yadav807@company.com
504156,Deepak Bhatia,53,Marketing,Bengaluru,29460.02,22.4,Active,PhD,08-04-2024,6.7,deepak.bhatia4156@company.com
502492,Amit Nanda,41,Support,Mumbai,107414.02,5.2,Active,Unknown,10-10-2016,4.6,amit.nanda2492@company.com
503103,Arjun Chauhan,57,Finance,Unknown,94196.39,34.6,On Leave,Unknown,02-01-2021,2,arjun.chauhan3103@company.com
500942,Suresh Sinha,42,IT,Ahmedabad,22182.54,17.3,Active,Masters,23-10-2021,5.5,suresh.sinha942@company.com
502835,Nikhil Bansal,28,Unknown,Unknown,55071.74,13.8,On Leave,Diploma,20-11-2021,2.4,nikhil.bansal2835@company.com
504964,Preeti Chauhan,40,Marketing,Mumbai,26890.94,6.4,On Leave,Unknown,09-09-2023,5.7,preeti.chauhan4964@company.com
503560,Karan Khanna,47,Sales,Jaipur,58658.02,16.7,Active,Diploma,03-03-2020,6.4,karan.khanna3560@company.com
501455,Karan Nanda,24,Sales,Mumbai,71525.43,2.8,On Leave,Unknown,05-09-2019,6.4,karan.nanda1455@company.com
502836,Ashok Sinha,59,Logistics,Ahmedabad,62188.8,7.2,On Leave,Bachelors,06-06-2017,5.5,ashok.sinha2836@company.com
504196,Karan Bhatia,54,Finance,Chennai,61756.44,33.9,Inactive,Bachelors,21-03-2019,9.8,karan.bhatia4196@company.com
502805,Karan Bhatia,27,IT,Delhi,90830.95,8.8,Unknown,Bachelors,26-08-2018,4.8,karan.bhatia2805@company.com
503500,Rahul Agarwal,44,Operations,Chennai,83307.99,21,Active,Diploma,26-12-2021,9,rahul.agarwal3500@company.com
501840,Rohan Agarwal,43,Unknown,Bengaluru,85535.07,30,Unknown,Unknown,22-02-2021,1.3,rohan.agarwal1840@company.com
502640,Simran Bose,24,IT,Jaipur,97607.95,5.6,Inactive,Unknown,26-03-2020,5.8,simran.bose2640@company.com
500849,Ritu Thakur,31,Operations,Unknown,24600.45,2.9,Active,Diploma,14-03-2020,2.1,ritu.thakur849@company.com
501006,Deepak Bose,21,Operations,Hyderabad,60685.02,1.5,On Leave,Masters,10-09-2018,2.2,deepak.bose1006@company.com
502882,Rajesh Choudhary,51,IT,Kolkata,89661.93,17.8,Inactive,Unknown,21-07-2016,7.9,rajesh.choudhary2882@company.com
501433,Ashok Sinha,25,Sales,Unknown,80741.86,17.6,Inactive,PhD,20-08-2019,1.9,ashok.sinha1433@company.com
500679,Nisha Ghosh,37,IT,Unknown,73174.1,23,Active,Diploma,18-08-2023,7.6,nisha.ghosh679@company.com
500630,Priya Thakur,40,Operations,Mumbai,74113.79,0.8,Unknown,Bachelors,05-01-2022,3.7,priya.thakur630@company.com
502539,Sneha Mishra,36,IT,Chennai,43328.88,20.2,Inactive,Masters,17-11-2015,7.1,sneha.mishra2539@company.com
500163,Meena Mishra,56,Unknown,Kolkata,98977.43,6.2,Active,Bachelors,18-09-2024,8.8,meena.mishra163@company.com
500951,  Pooja Yadav  ,38,Unknown,Unknown,119674.77,10.9,On Leave,Bachelors,22-03-2019,2.7,pooja.yadav951@company.com
503353,Vijay Khanna,25,Operations,Delhi,144329.86,10.4,Active,Masters,05-05-2020,4.8,vijay.khanna3353@company.com
500910,Swati Choudhary,56,HR,Pune,84509.32,20.8,Unknown,Unknown,01-07-2021,1.8,swati.choudhary910@company.com
502890,Shreya Bansal,32,Logistics,Chennai,108764.51,17.6,Inactive,Unknown,19-03-2025,3,shreya.bansal2890@company.com
500709,Pooja Agarwal,27,Unknown,Mumbai,79464.7,25.8,Unknown,Diploma,23-02-2017,6.8,pooja.agarwal709@company.com
500450,Deepak Chauhan,59,Logistics,Bengaluru,79428.7,6.6,Inactive,Diploma,27-06-2023,9.6,deepak.chauhan450@company.com
501442,Nisha Sinha,38,HR,Chennai,88594.09,1.4,Inactive,PhD,11-08-2017,8,nisha.sinha1442@company.com
503760,Karan Saxena,38,Sales,Unknown,87024.13,28.7,On Leave,Unknown,26-12-2025,5.5,karan.saxena3760@company.com
501867,Swati Pandey,53,Logistics,Unknown,35975.28,34.4,Inactive,Masters,05-02-2025,9.5,Not Provided
504018,Nikhil Khanna,40,Sales,Bengaluru,123099.1,9.3,Inactive,Bachelors,02-01-2016,1.9,nikhil.khanna4018@company.com
503231,  Gaurav Sinha  ,34,Unknown,Chennai,57626.77,3.9,Active,Unknown,15-08-2015,9.6,gaurav.sinha3231@company.com
503575,Ashok Khanna,52,IT,Kolkata,97779.87,2.1,Active,Masters,15-11-2022,4.4,ashok.khanna3575@company.com
502223,  Rahul Goel  ,51,Marketing,Chennai,71171.44,3.3,Active,Bachelors,24-10-2020,9.1,rahul.goel2223@company.com
502847,Rahul Choudhary,24,Operations,Bengaluru,77080.28,3.2,On Leave,Unknown,16-09-2017,6.9,rahul.choudhary2847@company.com
503277,Ritu Khanna,23,Sales,Ahmedabad,84509.32,30.7,Active,Masters,14-11-2023,3.4,ritu.khanna3277@company.com
500457,Divya Bhatia,21,Sales,Lucknow,35393.22,1.3,Inactive,Bachelors,24-04-2015,7.2,divya.bhatia457@company.com
502013,  Priya Bansal  ,47,IT,Kolkata,87915.4,9.1,Active,Unknown,01-10-2020,9.9,priya.bansal2013@company.com
503466,Preeti Sinha,40,Finance,Mumbai,54433.61,17.7,Unknown,Unknown,04-10-2025,6.6,preeti.sinha3466@company.com
504836,Amit Pandey,53,Unknown,Mumbai,95132.16,33.8,Unknown,Masters,03-02-2021,8.7,amit.pandey4836@company.com
501073,Rohan Mishra,27,Sales,Pune,47191,29.4,Active,Bachelors,11-03-2022,6.9,rohan.mishra1073@company.com
504408,Isha Yadav,43,Sales,Unknown,112535.62,15.7,Unknown,Masters,06-06-2018,4.2,isha.yadav4408@company.com
504173,Divya Pandey,47,IT,Mumbai,49238.84,11.1,Active,Unknown,20-12-2024,9.8,divya.pandey4173@company.com
504237,Arjun Goel,48,Marketing,Pune,93193.08,16.2,Inactive,Bachelors,26-09-2025,8,arjun.goel4237@company.com
500927,Anjali Trivedi,32,Support,Hyderabad,146172.12,13.6,On Leave,Masters,18-09-2021,2.5,anjali.trivedi927@company.com
504581,Sneha Trivedi,49,IT,Delhi,80066.55,26.4,Unknown,Unknown,16-09-2017,4.1,sneha.trivedi4581@company.com
501086,Rahul Pandey,51,Support,Delhi,106838.93,26.5,Inactive,Diploma,15-08-2020,5.5,rahul.pandey1086@company.com
503753,Kavita Ghosh,44,Unknown,Pune,92251.37,2.7,On Leave,Bachelors,17-06-2025,8.3,kavita.ghosh3753@company.com
501236,Isha Dixit,39,Marketing,Kolkata,76258.26,8.5,Inactive,Unknown,05-11-2017,4.9,isha.dixit1236@company.com
504183,Suresh Nanda,40,HR,Kolkata,131728.17,33.3,Inactive,Masters,09-07-2024,8.8,suresh.nanda4183@company.com
502557,Amit Ghosh,47,Marketing,Bengaluru,22843.24,28,Inactive,Unknown,12-06-2025,3.1,amit.ghosh2557@company.com
504868,Suresh Trivedi,29,IT,Kolkata,56823.1,12.9,Active,PhD,05-11-2016,4.9,suresh.trivedi4868@company.com
502265,Rahul Bhatia,33,IT,Chennai,36712.75,15.8,Active,Masters,12-01-2018,7.6,rahul.bhatia2265@company.com
503765,Arjun Malik,40,Marketing,Hyderabad,61497.64,10.5,On Leave,Bachelors,03-09-2016,9.2,arjun.malik3765@company.com
500422,Sanjay Goel,54,Logistics,Bengaluru,148450.45,12.6,Unknown,PhD,25-04-2019,9.6,sanjay.goel422@company.com
500529,Isha Mishra,57,Marketing,Delhi,46515.21,21.4,Unknown,Diploma,18-09-2022,5.2,isha.mishra529@company.com
500156,Preeti Nanda,50,Unknown,Chennai,37954.05,25.6,Inactive,Masters,01-12-2020,4.5,preeti.nanda156@company.com
503261,Meena Chauhan,50,HR,Hyderabad,84509.32,29.1,On Leave,Bachelors,09-05-2024,5.5,meena.chauhan3261@company.com
500047,Rohan Pandey,48,IT,Delhi,28727.98,4.6,Inactive,Bachelors,07-10-2018,3,rohan.pandey47@company.com
504077,Simran Khanna,31,Logistics,Bengaluru,76710.25,7,Active,Unknown,26-06-2016,3.5,simran.khanna4077@company.com
503447,Rajesh Ghosh,30,Sales,Mumbai,66905.76,33.1,Inactive,Unknown,15-08-2019,7.7,rajesh.ghosh3447@company.com
502053,Pooja Rastogi,39,Marketing,Unknown,68973.54,23.3,Unknown,Masters,04-09-2023,2.2,pooja.rastogi2053@company.com
500357,Preeti Nanda,37,IT,Bengaluru,99230.66,22.6,Active,Unknown,07-02-2015,5.5,preeti.nanda357@company.com
502170,Rohan Nanda,48,Sales,Chennai,79037.07,20.8,On Leave,PhD,04-10-2025,9.7,rohan.nanda2170@company.com
501107,  Swati Nanda  ,37,IT,Mumbai,137899.19,29,Active,PhD,17-05-2017,9.7,swati.nanda1107@company.com
502992,Preeti Thakur,22,IT,Bengaluru,23223.66,34.2,Inactive,PhD,10-12-2024,5.5,preeti.thakur2992@company.com
502044,Divya Rastogi,40,Marketing,Mumbai,58690.45,20.6,Inactive,Masters,18-10-2019,1.8,divya.rastogi2044@company.com
504681,Deepak Sinha,59,HR,Chennai,108749.46,32.2,Unknown,PhD,20-05-2021,1.8,deepak.sinha4681@company.com
502978,Rahul Saxena,34,Unknown,Chennai,89151.72,3.3,On Leave,Unknown,14-09-2020,3.1,rahul.saxena2978@company.com
504735,Anjali Bhatia,40,HR,Delhi,143009.9,31.8,Inactive,Diploma,16-11-2025,5.5,anjali.bhatia4735@company.com
500979,Suresh Rastogi,21,Logistics,Unknown,78022.1,15.2,On Leave,PhD,06-04-2018,6.9,suresh.rastogi979@company.com
503758,Divya Bhatia,40,Marketing,Unknown,72752.73,19.5,On Leave,Bachelors,14-01-2017,6.9,divya.bhatia3758@company.com
502464,Meena Khanna,58,Marketing,Jaipur,80362.57,1.4,Active,PhD,20-10-2017,4,meena.khanna2464@company.com
501190,Nikhil Saxena,49,Unknown,Mumbai,42326.8,8.1,Unknown,Unknown,12-08-2022,5.2,nikhil.saxena1190@company.com
504438,Meena Yadav,52,HR,Hyderabad,149156.05,3,Inactive,Bachelors,14-06-2023,5.4,meena.yadav4438@company.com
502104,Suresh Yadav,39,Support,Jaipur,98320.5,17.6,Inactive,Unknown,09-09-2024,1.8,suresh.yadav2104@company.com
502935,Swati Bose,40,Logistics,Delhi,89352.49,5,Inactive,Masters,23-07-2018,2.5,swati.bose2935@company.com
500402,Rajesh Saxena,57,Unknown,Kolkata,62517.59,11.5,On Leave,Bachelors,16-10-2019,1.6,rajesh.saxena402@company.com
500494,Ashok Malik,51,Unknown,Unknown,143533.03,28.8,Inactive,Bachelors,24-07-2016,5.2,ashok.malik494@company.com
502606,Kavita Nanda,31,Marketing,Jaipur,37853.95,22.1,On Leave,Masters,26-01-2016,6.4,kavita.nanda2606@company.com
503200,Preeti Chauhan,44,Sales,Unknown,141434.43,19.5,Inactive,Diploma,12-01-2017,5.4,preeti.chauhan3200@company.com
501122,Divya Bose,28,Marketing,Bengaluru,97874.4,23.1,Active,Bachelors,21-10-2018,6.9,Not Provided
502459,Gaurav Agarwal,49,Unknown,Chennai,62071.83,17.6,Inactive,Unknown,12-06-2022,7.6,Not Provided
500692,Nisha Malik,38,Marketing,Delhi,43041.14,16.7,Inactive,Bachelors,03-11-2019,2.8,nisha.malik692@company.com
501548,Karan Nanda,28,Sales,Bengaluru,71186.85,7,Inactive,Bachelors,22-07-2024,1.3,karan.nanda1548@company.com
502064,Divya Chauhan,47,IT,Chennai,110057.86,12.8,Unknown,Diploma,09-01-2022,8.6,divya.chauhan2064@company.com
500246,Meena Pandey,40,HR,Chennai,142914.92,3.9,Inactive,Unknown,27-05-2017,5.4,meena.pandey246@company.com
501091,  Ritu Dixit  ,40,Unknown,Pune,133899.77,32.2,Inactive,Masters,01-11-2018,2.5,ritu.dixit1091@company.com
502894,Deepak Sinha,29,Unknown,Unknown,91693.95,2.2,Active,Masters,12-02-2022,4.7,deepak.sinha2894@company.com
503745,Divya Saxena,58,IT,Lucknow,71854.89,20.9,Unknown,PhD,19-01-2015,3.4,divya.saxena3745@company.com
502552,  Rohan Nanda  ,40,Marketing,Bengaluru,85442.94,19.5,Unknown,PhD,20-01-2019,7.2,rohan.nanda2552@company.com
504321,Meena Nanda,23,IT,Ahmedabad,84509.32,13.1,Active,Unknown,16-12-2023,8.8,meena.nanda4321@company.com
504959,Vijay Yadav,28,Marketing,Unknown,65028.17,23.1,Unknown,Unknown,07-12-2020,8,vijay.yadav4959@company.com
501597,Preeti Khanna,32,Unknown,Hyderabad,103110.49,31.2,Inactive,Bachelors,19-10-2018,3,preeti.khanna1597@company.com
504684,Ashok Agarwal,52,Operations,Unknown,148151.7,18.3,Inactive,PhD,08-02-2018,5.5,ashok.agarwal4684@company.com
500271,  Suresh Chauhan  ,23,IT,Bengaluru,28557.82,1.4,On Leave,Unknown,18-10-2016,5.5,suresh.chauhan271@company.com
500155,Karan Rastogi,38,HR,Unknown,60452.1,16.8,On Leave,Masters,24-11-2016,5.5,karan.rastogi155@company.com
502584,Nisha Dixit,48,Unknown,Delhi,98266.75,25.9,Unknown,Masters,19-05-2020,3,nisha.dixit2584@company.com
500763,Isha Sinha,51,Marketing,Jaipur,110207.73,19.5,Unknown,Bachelors,20-03-2023,7.5,isha.sinha763@company.com
504906,Preeti Malik,38,Finance,Hyderabad,79695.95,22.6,Active,Bachelors,25-04-2024,4.3,preeti.malik4906@company.com
504227,Simran Dixit,32,Unknown,Hyderabad,113830.54,11.7,Active,PhD,15-11-2022,2.9,simran.dixit4227@company.com
503571,Ashok Goel,42,Marketing,Delhi,102647.92,29.7,Active,Diploma,07-04-2021,9.1,ashok.goel3571@company.com
504453,Simran Ghosh,35,Unknown,Chennai,63615.23,17.6,Inactive,Diploma,24-09-2024,7.5,simran.ghosh4453@company.com
502665,Priya Malik,22,Unknown,Ahmedabad,86370.93,29.6,Active,Unknown,07-09-2015,5.2,priya.malik2665@company.com
503829,Suresh Bose,52,Marketing,Unknown,42452.68,6.8,Inactive,PhD,10-04-2018,1.1,suresh.bose3829@company.com
500109,  Neha Dixit  ,43,Operations,Jaipur,100584.36,30.7,Active,Masters,16-11-2022,5.8,neha.dixit109@company.com
504331,Isha Agarwal,37,IT,Chennai,26096.56,34.7,Active,Bachelors,21-06-2020,2.4,isha.agarwal4331@company.com
501100,Isha Pandey,41,Marketing,Delhi,64703.38,34.2,Active,Diploma,20-07-2015,2.9,isha.pandey1100@company.com
500152,Nikhil Pandey,50,HR,Mumbai,58292.35,23.4,Inactive,PhD,08-02-2020,9.7,nikhil.pandey152@company.com
503023,Deepak Dixit,50,Sales,Chennai,107268.41,28.9,Active,Unknown,11-08-2025,9.1,deepak.dixit3023@company.com
500204,Shreya Thakur,27,Operations,Unknown,103261.88,12.6,Unknown,PhD,16-04-2024,6.4,shreya.thakur204@company.com
503052,Simran Khanna,43,HR,Chennai,63504.85,9,Unknown,Bachelors,07-05-2023,9.1,simran.khanna3052@company.com
500789,Nikhil Ghosh,52,Unknown,Bengaluru,85482.33,13.6,Inactive,Unknown,11-09-2023,8.8,nikhil.ghosh789@company.com
504974,  Gaurav Yadav  ,24,IT,Bengaluru,141967.31,21.4,Active,Masters,06-09-2020,1.2,gaurav.yadav4974@company.com
502465,Ashok Khanna,55,Unknown,Hyderabad,107442.24,33.7,Unknown,Bachelors,25-10-2023,9.6,ashok.khanna2465@company.com
500640,Rahul Nanda,33,Unknown,Bengaluru,29208.9,13.7,Active,PhD,27-04-2015,3.9,rahul.nanda640@company.com
501266,Divya Pandey,28,Finance,Kolkata,139823.79,11.8,Unknown,Bachelors,13-11-2021,2.3,divya.pandey1266@company.com
503090,Simran Mishra,51,Unknown,Mumbai,38838.66,30,Inactive,Masters,22-08-2020,8.8,simran.mishra3090@company.com
503275,Arjun Sinha,55,Marketing,Lucknow,43871.14,9.9,On Leave,Diploma,14-11-2020,3.6,arjun.sinha3275@company.com
504474,Isha Bhatia,54,IT,Delhi,118208.96,31.5,Inactive,Unknown,26-07-2024,6,isha.bhatia4474@company.com
501083,  Deepak Agarwal  ,56,Operations,Delhi,52300.11,28.4,Active,Bachelors,20-05-2017,8.4,deepak.agarwal1083@company.com
501104,Anjali Malik,39,Sales,Ahmedabad,128827.59,12.2,Inactive,Masters,05-02-2017,2.5,anjali.malik1104@company.com
504594,Gaurav Yadav,30,Logistics,Unknown,23651.43,23.4,On Leave,PhD,04-11-2024,5.4,gaurav.yadav4594@company.com
503851,Amit Dixit,57,Logistics,Kolkata,33110.2,22.4,Active,Diploma,05-08-2019,9.5,amit.dixit3851@company.com
504475,Rahul Malik,26,IT,Chennai,89409.1,26.1,Active,Diploma,26-08-2021,9.3,rahul.malik4475@company.com
501873,Gaurav Yadav,26,Logistics,Chennai,126806.26,20.4,Active,Unknown,24-01-2020,2.8,gaurav.yadav1873@company.com
501615,Manish Dixit,59,IT,Unknown,84509.32,17.8,Active,Masters,15-06-2024,9.4,manish.dixit1615@company.com
504025,Manish Goel,42,Support,Bengaluru,42792.93,1.2,Unknown,Masters,21-08-2025,9.6,manish.goel4025@company.com
502101,Meena Dixit,31,Marketing,Mumbai,78507.06,3.7,Inactive,Diploma,20-09-2024,5.2,meena.dixit2101@company.com
502957,Gaurav Bhatia,44,Marketing,Delhi,103705.24,10.3,Active,Masters,08-06-2020,7.5,gaurav.bhatia2957@company.com
503175,Karan Goel,56,Unknown,Chennai,51996.48,0.3,On Leave,Unknown,26-04-2016,5.5,karan.goel3175@company.com
503951,Anjali Rastogi,38,Operations,Lucknow,28994.28,17.7,Active,Masters,10-04-2024,9.8,anjali.rastogi3951@company.com
500665,Nikhil Khanna,52,Support,Unknown,124530.91,5.1,Active,PhD,06-10-2025,1.1,nikhil.khanna665@company.com
501463,Rohan Pandey,46,Sales,Chennai,125944.48,27.7,On Leave,Bachelors,26-10-2023,7.1,rohan.pandey1463@company.com
503723,Simran Chauhan,24,Marketing,Unknown,87934.34,3.8,Inactive,Masters,16-03-2024,8.2,simran.chauhan3723@company.com
500075,Preeti Dixit,21,Finance,Chennai,27830.07,23,Inactive,Masters,02-04-2017,9.1,preeti.dixit75@company.com
503936,Divya Nanda,29,IT,Chennai,89503.28,26.7,Inactive,Bachelors,06-12-2023,4.2,divya.nanda3936@company.com
504842,Suresh Goel,38,Sales,Bengaluru,50502.66,16.2,Active,Unknown,26-10-2023,8.4,suresh.goel4842@company.com
500915,Anjali Saxena,31,Unknown,Delhi,115196.47,18.7,Inactive,Masters,27-09-2016,1,anjali.saxena915@company.com
502004,Kavita Trivedi,33,Support,Ahmedabad,115360.61,16.1,Inactive,Masters,27-11-2021,4.7,kavita.trivedi2004@company.com
503246,Gaurav Trivedi,56,Sales,Unknown,125471.34,20.2,On Leave,Unknown,17-07-2017,5.5,gaurav.trivedi3246@company.com
502319,Sanjay Choudhary,58,Support,Unknown,65980.76,25.8,Active,Diploma,02-09-2022,4.8,sanjay.choudhary2319@company.com
501488,Meena Rastogi,49,IT,Chennai,37832.74,17.6,Inactive,Unknown,14-08-2025,6.9,meena.rastogi1488@company.com
502850,Nisha Rastogi,38,Sales,Unknown,124577.45,1.1,On Leave,Bachelors,27-02-2015,5.2,nisha.rastogi2850@company.com
500950,Kavita Rastogi,45,Support,Kolkata,27154.75,19.9,Active,Masters,20-05-2018,2.6,kavita.rastogi950@company.com
501644,Swati Malik,48,HR,Pune,77597.67,22.1,Inactive,PhD,15-01-2016,1.6,swati.malik1644@company.com
503657,  Isha Chauhan  ,47,Unknown,Ahmedabad,42238.29,21.2,Inactive,Bachelors,12-02-2020,5.5,isha.chauhan3657@company.com
500506,Nisha Yadav,43,Support,Hyderabad,49158.89,32.3,Active,PhD,12-11-2018,4.7,nisha.yadav506@company.com
502907,Priya Trivedi,46,Sales,Delhi,136791.87,26.7,Active,Bachelors,01-01-2016,1.7,priya.trivedi2907@company.com
504174,Ashok Agarwal,36,Marketing,Delhi,32050.76,7.1,Active,Bachelors,17-09-2015,2.6,ashok.agarwal4174@company.com
503106,Deepak Bhatia,25,Support,Hyderabad,140043.43,1.5,Inactive,Masters,03-12-2016,4.4,deepak.bhatia3106@company.com
502555,Manish Yadav,56,IT,Delhi,88383.29,17.6,Inactive,Bachelors,27-04-2020,5.5,manish.yadav2555@company.com
500327,Preeti Choudhary,42,Marketing,Delhi,58871.82,9.5,Active,Bachelors,19-01-2022,4.5,preeti.choudhary327@company.com
504595,Deepak Mishra,33,Operations,Mumbai,50958.21,6.1,Active,Bachelors,04-10-2017,5.5,deepak.mishra4595@company.com
500442,Nikhil Saxena,53,Marketing,Chennai,36295.27,28.1,Unknown,PhD,26-01-2017,2.6,nikhil.saxena442@company.com
504194,Pooja Dixit,46,Logistics,Unknown,31423.61,17.6,Active,PhD,20-12-2023,7,pooja.dixit4194@company.com
500691,Shreya Trivedi,46,Operations,Lucknow,25651.55,30,Active,Masters,12-06-2025,6.2,shreya.trivedi691@company.com
500861,Meena Choudhary,21,Operations,Unknown,127042.91,23,Inactive,Unknown,13-09-2023,1.2,meena.choudhary861@company.com
503886,Neha Chauhan,48,Support,Hyderabad,79726.09,17.6,Inactive,Bachelors,12-04-2017,7.7,neha.chauhan3886@company.com
501555,Pooja Trivedi,33,Support,Chennai,47988.24,3.3,Active,PhD,24-02-2024,8.9,pooja.trivedi1555@company.com
501392,Nisha Rastogi,50,Marketing,Mumbai,34466.37,4,On Leave,Bachelors,09-03-2017,3.8,nisha.rastogi1392@company.com
502870,Kavita Bose,39,Support,Mumbai,110220.71,33.6,Inactive,Diploma,05-03-2015,2.8,kavita.bose2870@company.com
503017,Ritu Bhatia,34,Finance,Hyderabad,138262.83,17.6,On Leave,Bachelors,11-06-2022,2.3,ritu.bhatia3017@company.com
504041,Nikhil Mishra,35,IT,Mumbai,84509.32,11.8,Active,Bachelors,24-10-2016,6.2,nikhil.mishra4041@company.com
500975,Ritu Sinha,53,Marketing,Unknown,78626.64,25.1,Active,PhD,21-09-2015,5.5,ritu.sinha975@company.com
503997,Deepak Bose,47,IT,Ahmedabad,80796.83,5.7,Inactive,Bachelors,19-02-2022,5.5,deepak.bose3997@company.com
501590,Vijay Trivedi,27,Sales,Delhi,58166.36,15.3,Active,Unknown,13-12-2015,9.3,Not Provided
501145,Isha Nanda,25,Unknown,Kolkata,41699.44,25.1,Inactive,Masters,16-09-2017,8.2,isha.nanda1145@company.com
501255,Rajesh Rastogi,46,Finance,Delhi,91459.76,21.4,Inactive,Unknown,03-02-2016,3.3,rajesh.rastogi1255@company.com
500503,Ashok Choudhary,40,Unknown,Chennai,31212.84,7.9,Active,Bachelors,20-09-2025,8.1,ashok.choudhary503@company.com
501372,Arjun Bose,35,Operations,Delhi,101911.31,3.2,On Leave,Diploma,26-04-2020,9.8,arjun.bose1372@company.com
501227,Ashok Saxena,39,Logistics,Mumbai,112123.01,8.5,Active,Bachelors,06-06-2019,6.2,ashok.saxena1227@company.com
501296,Anjali Ghosh,45,Sales,Mumbai,129379.34,17.1,Inactive,Unknown,27-06-2018,6.1,anjali.ghosh1296@company.com
503855,Pooja Ghosh,47,Logistics,Unknown,139696.07,1.4,Unknown,Masters,24-10-2017,2.7,pooja.ghosh3855@company.com
500180,Vijay Bose,25,Unknown,Unknown,77774.48,28.6,Inactive,PhD,03-05-2018,9.5,vijay.bose180@company.com
503363,Shreya Choudhary,38,Support,Chennai,120563.29,5.3,Inactive,Unknown,03-10-2016,5.5,shreya.choudhary3363@company.com
501316,Nisha Mishra,47,IT,Bengaluru,144203.87,8.1,Active,Masters,08-07-2022,2.4,nisha.mishra1316@company.com
501452,Simran Trivedi,22,Unknown,Bengaluru,42574.64,17.6,Inactive,Unknown,12-10-2017,3.1,simran.trivedi1452@company.com
502168,Vijay Pandey,47,Support,Ahmedabad,125125.85,29.2,Unknown,Masters,10-05-2021,7,vijay.pandey2168@company.com
503850,Deepak Khanna,22,IT,Unknown,133766.8,27.4,Active,Bachelors,13-06-2022,3.6,deepak.khanna3850@company.com
502734,Gaurav Chauhan,54,IT,Pune,23175.98,9,Inactive,Diploma,01-01-2022,5.8,gaurav.chauhan2734@company.com
500358,Rohan Agarwal,26,Marketing,Chennai,128099.42,8.8,Inactive,Unknown,23-09-2015,2.1,rohan.agarwal358@company.com
501065,Ashok Ghosh,55,Finance,Mumbai,112324.18,34.1,Unknown,Masters,17-09-2024,1.2,ashok.ghosh1065@company.com
504972,Divya Nanda,30,Unknown,Jaipur,35185.82,30.6,Inactive,Bachelors,19-07-2021,6.6,divya.nanda4972@company.com
501511,Deepak Malik,36,IT,Bengaluru,41167.75,11.1,Active,Unknown,17-08-2019,2.9,deepak.malik1511@company.com
501249,Gaurav Agarwal,37,Finance,Pune,103074.48,7.9,Inactive,Masters,22-07-2020,5.5,gaurav.agarwal1249@company.com
502746,Nisha Goel,25,HR,Ahmedabad,39310.95,18.4,Unknown,Bachelors,04-05-2023,3.7,nisha.goel2746@company.com
504385,  Karan Malik  ,40,IT,Delhi,118268.64,16.8,Unknown,Unknown,17-03-2018,2.3,karan.malik4385@company.com
503874,Sneha Bose,23,Marketing,Delhi,106468.63,5.9,Active,Bachelors,07-02-2016,4.9,sneha.bose3874@company.com
503790,Preeti Yadav,36,HR,Lucknow,59105.99,14.5,Inactive,Bachelors,19-10-2025,2.3,preeti.yadav3790@company.com
501401,Neha Agarwal,38,IT,Delhi,141208.76,22.6,Inactive,Masters,03-12-2018,5.5,neha.agarwal1401@company.com
503831,Rohan Bose,50,Marketing,Unknown,84509.32,26.3,Active,Unknown,17-07-2024,2.8,rohan.bose3831@company.com
500841,Vikram Bose,27,Sales,Hyderabad,50414.41,15.3,Inactive,Unknown,12-08-2018,7,vikram.bose841@company.com
504341,Gaurav Yadav,51,Sales,Hyderabad,130964.95,7.5,On Leave,PhD,04-02-2023,5.5,gaurav.yadav4341@company.com
503337,Gaurav Bhatia,24,Marketing,Jaipur,100836.93,33,Unknown,PhD,10-03-2023,5.5,gaurav.bhatia3337@company.com
503125,Sanjay Khanna,51,Sales,Hyderabad,149729.89,5.1,On Leave,Masters,04-06-2023,9.2,sanjay.khanna3125@company.com
501995,Ashok Rastogi,57,Unknown,Chennai,113815.74,12,Active,Masters,25-01-2025,1.8,ashok.rastogi1995@company.com
504021,  Anjali Malik  ,39,Sales,Kolkata,114133.05,19.7,Unknown,Masters,15-03-2015,4.3,anjali.malik4021@company.com
501707,Suresh Ghosh,24,IT,Jaipur,46896.43,17.6,On Leave,Masters,11-11-2022,10,suresh.ghosh1707@company.com
502716,Rajesh Rastogi,52,Unknown,Delhi,67350.58,3.1,Inactive,Bachelors,21-05-2024,6.3,rajesh.rastogi2716@company.com
501593,Amit Goel,30,IT,Chennai,138394.12,17.1,On Leave,Bachelors,02-12-2019,4.1,amit.goel1593@company.com
503879,  Suresh Bose  ,34,Marketing,Chennai,69525.49,14.1,Unknown,Unknown,15-10-2019,2,suresh.bose3879@company.com
504202,Rajesh Choudhary,34,Marketing,Mumbai,146952.49,17.8,Inactive,Unknown,20-05-2015,5.7,rajesh.choudhary4202@company.com
502521,Amit Choudhary,58,Marketing,Chennai,86259.93,14.8,Unknown,Diploma,01-06-2016,9.4,amit.choudhary2521@company.com
501766,Amit Mishra,21,Unknown,Lucknow,31573.12,10.1,Active,Masters,03-09-2016,9.2,amit.mishra1766@company.com
503305,Rajesh Malik,44,Marketing,Chennai,136167.22,1.7,Unknown,Masters,06-05-2021,5.5,rajesh.malik3305@company.com
504980,Vijay Dixit,32,Marketing,Delhi,114974.01,6.8,Inactive,Masters,27-09-2017,2.3,vijay.dixit4980@company.com
502528,Priya Bansal,40,Operations,Chennai,31641.38,0,Active,Diploma,22-05-2020,7.6,priya.bansal2528@company.com
501411,Isha Khanna,29,IT,Bengaluru,71320.34,31.9,Inactive,Unknown,26-09-2018,5.5,isha.khanna1411@company.com
502541,Vijay Trivedi,51,Marketing,Chennai,148074.91,13.9,Active,PhD,03-09-2022,3.7,vijay.trivedi2541@company.com
504087,Ashok Saxena,24,Sales,Unknown,142942.58,16.7,Inactive,PhD,14-10-2016,9,ashok.saxena4087@company.com
501405,Arjun Bansal,28,Support,Kolkata,122022.06,23.9,Inactive,Bachelors,21-08-2025,9.5,arjun.bansal1405@company.com
504122,Swati Yadav,42,HR,Unknown,92913.13,15.2,Inactive,Masters,15-07-2023,5.5,swati.yadav4122@company.com
500770,Suresh Goel,33,Finance,Unknown,140392.01,2.5,Inactive,Masters,19-06-2024,5.5,suresh.goel770@company.com
502959,Swati Pandey,33,Finance,Pune,56295.52,5,Unknown,Masters,08-05-2015,1.5,swati.pandey2959@company.com
503859,Vikram Saxena,30,Logistics,Pune,42915.51,9.5,Inactive,Masters,11-09-2024,8.9,vikram.saxena3859@company.com
502150,Sneha Goel,24,Marketing,Chennai,128699.42,11.8,Active,Bachelors,18-01-2019,5.5,sneha.goel2150@company.com
504505,Manish Dixit,48,Unknown,Mumbai,64285.34,21,Active,PhD,15-03-2017,9.3,manish.dixit4505@company.com
501902,Vijay Rastogi,50,IT,Lucknow,28039.86,27.9,Active,Bachelors,08-09-2017,4.7,vijay.rastogi1902@company.com
503287,Isha Thakur,27,Support,Bengaluru,37557.12,30.7,Inactive,Masters,11-12-2022,7.8,isha.thakur3287@company.com
500585,Amit Ghosh,36,Logistics,Jaipur,74935.97,14.8,Active,Masters,24-07-2020,6.2,amit.ghosh585@company.com
501426,Sneha Bansal,50,Logistics,Mumbai,89030.64,24.5,Unknown,Bachelors,17-06-2022,2.1,sneha.bansal1426@company.com
503779,Kavita Thakur,51,Operations,Lucknow,20068.91,11.9,Active,Diploma,27-05-2016,5.5,Not Provided
504679,Deepak Saxena,35,Unknown,Bengaluru,108200.86,20,Active,Masters,06-12-2019,6.8,deepak.saxena4679@company.com
502753,Priya Dixit,53,Marketing,Bengaluru,74727.35,22.2,Active,Masters,20-01-2023,2.2,priya.dixit2753@company.com
501526,Amit Bose,48,Unknown,Mumbai,122276.13,17.6,Unknown,Unknown,07-09-2023,6.8,amit.bose1526@company.com
503981,Divya Khanna,29,Logistics,Mumbai,20286.83,10.3,Inactive,Masters,09-08-2020,8,divya.khanna3981@company.com
501987,Anjali Thakur,29,HR,Hyderabad,109101.38,20,Inactive,Bachelors,01-05-2023,5.3,anjali.thakur1987@company.com
500732,Ashok Yadav,36,Support,Kolkata,84509.32,23.9,Active,Bachelors,07-01-2025,9.8,ashok.yadav732@company.com
501171,Amit Malik,33,Unknown,Bengaluru,138889.73,17.2,On Leave,Bachelors,20-09-2018,4.3,amit.malik1171@company.com
503382,Preeti Ghosh,31,Marketing,Bengaluru,110522.88,13.9,Inactive,Masters,06-12-2022,1.2,preeti.ghosh3382@company.com
503089,Preeti Pandey,25,Unknown,Chennai,95350.54,17.6,Inactive,Unknown,14-01-2022,2.1,preeti.pandey3089@company.com
501010,Vikram Yadav,31,Sales,Mumbai,120991.92,7.2,Active,Masters,19-10-2017,3.2,vikram.yadav1010@company.com
503067,Sneha Thakur,40,Support,Pune,124902.69,25.2,Active,Masters,24-02-2021,5.5,sneha.thakur3067@company.com
501661,Suresh Dixit,34,HR,Bengaluru,42575.75,3,Active,Masters,21-10-2021,5.5,suresh.dixit1661@company.com
503586,Nikhil Chauhan,21,Unknown,Kolkata,139827.36,8,Active,Unknown,25-08-2022,5.5,nikhil.chauhan3586@company.com
500475,  Rahul Sinha  ,45,IT,Mumbai,133150.75,17.6,Unknown,Bachelors,17-06-2024,2.1,rahul.sinha475@company.com
501304,Nikhil Sinha,30,Marketing,Jaipur,40160.87,19.9,Active,Unknown,08-07-2019,6.3,nikhil.sinha1304@company.com
502215,Divya Thakur,56,Marketing,Chennai,20210.95,22.3,Inactive,Unknown,09-05-2022,7,divya.thakur2215@company.com
502934,Sanjay Nanda,38,HR,Hyderabad,109094.3,22.6,Inactive,PhD,19-12-2018,4.7,sanjay.nanda2934@company.com
502980,Vikram Ghosh,45,IT,Chennai,26317.67,5.4,On Leave,Bachelors,17-02-2016,2.9,vikram.ghosh2980@company.com
504009,Priya Khanna,22,Operations,Jaipur,73318.1,16.4,Inactive,Bachelors,25-09-2015,6.5,priya.khanna4009@company.com
504105,Arjun Malik,40,Sales,Kolkata,49352.19,9.9,Active,Unknown,19-04-2016,5.5,arjun.malik4105@company.com
503661,Swati Choudhary,21,Operations,Chennai,35701.96,12.2,Active,Masters,16-08-2024,8.2,swati.choudhary3661@company.com
501881,Ashok Yadav,23,Marketing,Jaipur,95339.1,32.8,On Leave,Bachelors,02-01-2017,2,ashok.yadav4956@company.com
504495,Neha Malik,28,Operations,Unknown,111397.05,24.4,Inactive,Masters,15-06-2023,7.6,neha.malik4495@company.com
504038,Meena Nanda,31,Unknown,Jaipur,101246.53,3.5,Inactive,Bachelors,07-02-2015,5.5,meena.nanda4038@company.com
503711,  Vikram Sinha  ,43,IT,Bengaluru,84749.92,34.9,Inactive,Unknown,20-07-2021,7.8,vikram.sinha3711@company.com
503301,  Pooja Dixit  ,45,Finance,Jaipur,122033.14,5.4,Unknown,Unknown,21-12-2015,1.5,pooja.dixit3301@company.com
500502,Ashok Khanna,46,IT,Jaipur,39722.16,20,Unknown,Masters,12-03-2022,9.7,ashok.khanna502@company.com
500485,Rahul Choudhary,52,Operations,Bengaluru,106411.38,18.9,Inactive,Masters,17-02-2022,10,rahul.choudhary485@company.com
504176,Isha Pandey,54,Marketing,Chennai,38959.42,17.6,Active,Unknown,04-08-2024,1.9,isha.pandey4176@company.com
502426,Sneha Agarwal,40,Unknown,Hyderabad,91627.83,17.6,Inactive,Unknown,26-09-2021,5.6,sneha.agarwal2426@company.com
500105,Amit Agarwal,43,HR,Chennai,123343.21,8.2,Active,Bachelors,18-04-2022,2.9,amit.agarwal105@company.com
500907,Kavita Bose,53,Support,Unknown,143093.93,26.8,Unknown,Diploma,13-06-2025,5.3,kavita.bose907@company.com
504064,Vijay Nanda,43,Marketing,Delhi,35295.4,12.9,Inactive,PhD,18-04-2018,2.6,vijay.nanda4064@company.com
503481,Nikhil Agarwal,57,Unknown,Unknown,40604.03,11.5,Unknown,PhD,23-04-2020,1.2,nikhil.agarwal3481@company.com
502921,Divya Pandey,55,Sales,Unknown,103557.82,23.4,Inactive,Bachelors,22-10-2025,7.6,divya.pandey2921@company.com
502422,Suresh Chauhan,50,Unknown,Ahmedabad,134418.32,13.1,Active,Bachelors,19-09-2016,2.8,suresh.chauhan2422@company.com
502650,Kavita Goel,39,Marketing,Hyderabad,90653.13,4.7,Active,Diploma,05-08-2015,2.4,kavita.goel2650@company.com
504883,Arjun Bose,28,IT,Mumbai,56322.76,15.2,Inactive,Unknown,10-05-2017,2.8,arjun.bose4883@company.com
501997,Sneha Trivedi,53,Support,Mumbai,52422.42,22.5,Inactive,Masters,11-03-2018,9.2,sneha.trivedi1997@company.com
500220,Preeti Khanna,38,Support,Mumbai,61140,19.9,Active,PhD,10-08-2015,8.4,preeti.khanna220@company.com
501912,Nikhil Bansal,50,IT,Bengaluru,35177.47,16,Inactive,Bachelors,07-02-2017,8.7,nikhil.bansal1912@company.com
500479,Gaurav Goel,29,Sales,Unknown,84509.32,28.1,Inactive,Unknown,18-06-2018,7.8,gaurav.goel479@company.com
502341,Isha Mishra,38,Support,Unknown,39792.19,8,Inactive,Bachelors,22-09-2022,5.4,isha.mishra2341@company.com
501857,Simran Goel,39,Unknown,Unknown,26111.72,17.3,Inactive,Unknown,05-03-2018,8.2,simran.goel1857@company.com
501186,Arjun Saxena,59,Operations,Delhi,60812.44,6,Active,Masters,21-03-2020,7.3,arjun.saxena1186@company.com
504813,Gaurav Saxena,31,Unknown,Delhi,78799.72,33.6,Inactive,PhD,12-02-2019,9,gaurav.saxena4813@company.com
504892,  Shreya Saxena  ,23,Operations,Pune,94184.97,30.8,Active,Unknown,24-09-2015,6,shreya.saxena4892@company.com
504932,Rajesh Goel,35,Sales,Mumbai,95462.27,14.5,Inactive,Bachelors,07-07-2022,1.3,rajesh.goel4932@company.com
501909,Ritu Thakur,37,Support,Unknown,139821.19,20.9,Inactive,Unknown,20-07-2018,5.1,ritu.thakur1909@company.com
504608,Preeti Mishra,42,IT,Chennai,125670.08,31.4,Active,Bachelors,18-11-2017,8.2,preeti.mishra4608@company.com
503812,Rahul Ghosh,51,Marketing,Hyderabad,114867.25,32.1,Inactive,Diploma,26-08-2024,1,rahul.ghosh3812@company.com
503269,Arjun Trivedi,54,Marketing,Unknown,86433.26,26.8,Active,Unknown,04-03-2015,2.4,arjun.trivedi3269@company.com
502393,Arjun Choudhary,42,IT,Bengaluru,75884.45,18.6,Active,Unknown,21-07-2023,1,arjun.choudhary2393@company.com
501021,Simran Sinha,43,IT,Chennai,74428.16,6.9,Inactive,Unknown,22-02-2025,8.1,simran.sinha1021@company.com
501612,Nisha Dixit,26,Logistics,Chennai,111634.39,22.5,Active,Masters,10-05-2016,7.4,nisha.dixit1612@company.com
502200,Rohan Malik,29,Marketing,Unknown,76683.37,5.9,Inactive,Diploma,20-10-2019,3.7,rohan.malik2200@company.com
504188,Meena Malik,57,HR,Delhi,111056.36,26.8,Inactive,Bachelors,11-05-2020,2.4,meena.malik4188@company.com
502157,Suresh Trivedi,57,HR,Bengaluru,106619.69,29.4,Inactive,Masters,26-05-2015,2.4,suresh.trivedi2157@company.com
504138,  Arjun Mishra  ,40,IT,Kolkata,84509.32,30.6,Inactive,Masters,20-04-2022,5.5,arjun.mishra4138@company.com
503456,Manish Malik,49,Finance,Kolkata,115848.46,17.6,On Leave,Diploma,21-02-2016,8.7,manish.malik3456@company.com
502928,Anjali Rastogi,40,Marketing,Delhi,144914.58,18.9,Inactive,Masters,03-03-2020,5.3,anjali.rastogi2928@company.com
501760,Sanjay Bansal,57,Marketing,Bengaluru,42582.43,17.6,On Leave,Masters,11-01-2018,6.9,sanjay.bansal1760@company.com
504859,Manish Thakur,43,Marketing,Jaipur,126079.9,24.9,Active,Masters,08-12-2022,3.1,manish.thakur4859@company.com
501812,Sanjay Pandey,51,Unknown,Lucknow,58455.07,5,Active,Bachelors,25-04-2023,8.6,sanjay.pandey1812@company.com
501223,Preeti Thakur,42,Unknown,Ahmedabad,34801.41,17.5,Active,Diploma,05-06-2024,5.8,preeti.thakur1223@company.com
504845,Pooja Bhatia,40,Marketing,Unknown,64816.45,10.7,On Leave,Masters,26-05-2025,7,pooja.bhatia4845@company.com
503072,Rahul Nanda,37,Sales,Lucknow,107979.35,24.9,Active,Unknown,11-10-2020,2.7,rahul.nanda3072@company.com
500939,Nikhil Yadav,22,Unknown,Mumbai,100866.61,20.3,Inactive,Unknown,05-09-2024,9.5,nikhil.yadav939@company.com
500281,Meena Thakur,22,Logistics,Kolkata,96203.42,28.9,Active,Masters,15-12-2017,1.3,meena.thakur281@company.com
503503,Swati Bansal,32,HR,Pune,45886.14,1.5,Unknown,Unknown,20-03-2020,8.4,swati.bansal3503@company.com
504706,Manish Nanda,21,IT,Mumbai,135553.61,27.3,Inactive,Masters,16-06-2016,4.4,manish.nanda4706@company.com
504663,Kavita Choudhary,53,HR,Unknown,50968.48,6.5,Active,Unknown,03-08-2023,2.9,kavita.choudhary4663@company.com
500172,Manish Chauhan,43,Unknown,Unknown,83613.27,10.3,On Leave,Unknown,02-08-2022,3,manish.chauhan172@company.com
502316,Gaurav Mishra,36,Marketing,Hyderabad,85555.17,22.2,On Leave,Bachelors,21-09-2020,5.5,gaurav.mishra2316@company.com
504046,Nikhil Thakur,55,IT,Ahmedabad,71339.65,28,Unknown,Unknown,25-07-2021,1.6,nikhil.thakur4046@company.com
500232,Isha Bansal,30,Unknown,Ahmedabad,84111.04,25.7,Active,Bachelors,03-10-2020,5.5,isha.bansal232@company.com
500838,Arjun Malik,46,Logistics,Unknown,58786.86,9,Active,Bachelors,08-12-2020,9.5,arjun.malik838@company.com
503872,Manish Bhatia,55,Operations,Kolkata,42658.11,1.1,Active,Bachelors,27-09-2023,5.5,manish.bhatia3872@company.com
504467,Gaurav Bose,40,Support,Bengaluru,139945.88,13.4,Active,PhD,12-02-2021,1.4,gaurav.bose4467@company.com
503897,Ashok Pandey,44,HR,Unknown,132628.38,7.2,Inactive,Masters,27-12-2024,1.2,ashok.pandey3897@company.com
501567,Ashok Goel,57,HR,Ahmedabad,102935.97,28.9,Active,Masters,06-05-2019,3.6,ashok.goel1567@company.com
503510,Vikram Sinha,46,Support,Chennai,84509.32,30.7,Inactive,PhD,05-12-2025,5.2,vikram.sinha3510@company.com
500251,Kavita Chauhan,57,Sales,Delhi,69685.22,26.6,Inactive,Masters,08-03-2024,4,kavita.chauhan251@company.com
500484,Priya Dixit,58,Marketing,Unknown,29728.96,20.7,Active,Unknown,13-12-2024,4.5,priya.dixit484@company.com
502434,Ashok Bhatia,57,Finance,Chennai,115406.56,26.2,Active,Masters,27-01-2016,4,ashok.bhatia2434@company.com
500253,Priya Goel,36,Sales,Delhi,48651.01,1.1,Unknown,Unknown,11-01-2024,5.4,priya.goel253@company.com
502904,Meena Dixit,23,IT,Unknown,84509.32,22.5,On Leave,Unknown,04-02-2016,5.4,meena.dixit2904@company.com
503811,Rajesh Ghosh,40,Marketing,Jaipur,129969.39,17.6,On Leave,Unknown,27-03-2015,8.1,rajesh.ghosh3811@company.com
502658,Pooja Bansal,27,Sales,Kolkata,43742.79,6.8,Active,Unknown,01-07-2021,1.4,pooja.bansal2658@company.com
503029,Pooja Rastogi,33,IT,Mumbai,118908.16,24,On Leave,Masters,01-04-2019,6.1,pooja.rastogi3029@company.com
504108,Ashok Rastogi,48,Unknown,Lucknow,40317.53,17.6,Inactive,Masters,21-05-2025,8.5,ashok.rastogi4108@company.com
503266,Arjun Khanna,56,Logistics,Mumbai,72214.16,0.1,Active,Bachelors,03-01-2020,5.6,arjun.khanna3266@company.com
504815,Sneha Agarwal,57,Finance,Delhi,62820.19,24.9,On Leave,Diploma,17-04-2020,2.8,sneha.agarwal4815@company.com
500033,Kavita Yadav,48,Operations,Ahmedabad,143275.42,28.4,Active,Bachelors,07-10-2020,5.6,kavita.yadav33@company.com
504647,Pooja Agarwal,42,Support,Unknown,51220.26,13.8,Inactive,Masters,12-12-2015,6.2,pooja.agarwal4647@company.com
504102,Simran Agarwal,47,HR,Delhi,139149.79,5.5,Unknown,Unknown,25-05-2020,6.9,simran.agarwal4102@company.com
501854,Kavita Dixit,22,Finance,Bengaluru,34217.18,25.9,On Leave,Masters,02-12-2024,2.8,kavita.dixit1854@company.com
501204,Sanjay Malik,27,IT,Unknown,104510.4,25.1,On Leave,Masters,09-08-2022,4.6,sanjay.malik1204@company.com
502578,Preeti Mishra,41,Finance,Hyderabad,141627.8,0.4,Unknown,Masters,04-02-2016,5.5,preeti.mishra2578@company.com
502939,Pooja Agarwal,30,Unknown,Ahmedabad,34340.95,13.3,Active,Unknown,18-11-2022,7.2,pooja.agarwal2939@company.com
500024,Vikram Ghosh,29,Marketing,Delhi,106708,10.6,Inactive,PhD,09-08-2015,9.3,vikram.ghosh24@company.com
501400,Swati Rastogi,31,Finance,Hyderabad,50299.56,1.3,Active,Masters,16-08-2015,1.7,swati.rastogi1400@company.com
504303,Swati Mishra,55,Unknown,Pune,97629.37,7.1,Active,Masters,14-09-2015,4.1,swati.mishra4303@company.com
502387,Ritu Rastogi,25,Unknown,Delhi,66647.85,5.3,On Leave,Bachelors,20-10-2024,5.5,ritu.rastogi2387@company.com
500663,Rahul Agarwal,26,Marketing,Hyderabad,36008.28,7,On Leave,Unknown,07-10-2018,2.6,rahul.agarwal663@company.com
500371,Rahul Bansal,58,Unknown,Pune,58954.85,19.8,On Leave,Bachelors,04-03-2020,5,rahul.bansal371@company.com
500062,Rahul Dixit,33,Finance,Unknown,146183.87,13.5,Inactive,Unknown,08-12-2025,3.9,rahul.dixit62@company.com
504384,Pooja Choudhary,36,Logistics,Bengaluru,129032.62,23.9,Active,Bachelors,02-03-2015,7.9,pooja.choudhary4384@company.com
501019,Nikhil Rastogi,26,IT,Kolkata,117003.98,30.1,Inactive,Masters,12-07-2022,2.4,nikhil.rastogi1019@company.com
504866,Neha Ghosh,49,IT,Unknown,95740.23,20.8,Inactive,Masters,10-09-2018,5.5,neha.ghosh4866@company.com
502687,Karan Dixit,42,Sales,Mumbai,58299.37,24.8,Inactive,Bachelors,07-09-2016,8.2,karan.dixit2687@company.com
504483,Amit Ghosh,54,Operations,Unknown,88452.38,21.7,Unknown,Bachelors,13-09-2023,3.4,amit.ghosh4483@company.com
501185,Suresh Thakur,26,Support,Bengaluru,81554.97,20.9,Active,PhD,18-03-2025,6.8,suresh.thakur1185@company.com
501183,Deepak Thakur,40,Logistics,Chennai,52662.59,26.9,Active,Bachelors,01-03-2024,2.7,deepak.thakur1183@company.com
501592,Rohan Mishra,25,Unknown,Kolkata,134357.44,19.8,Active,Unknown,22-12-2025,9.8,rohan.mishra1592@company.com
504115,Priya Sinha,43,Operations,Unknown,86085.26,6,Inactive,Bachelors,21-12-2025,4.6,priya.sinha4115@company.com
501406,Preeti Mishra,58,Sales,Bengaluru,68353.84,3.6,Active,Bachelors,12-10-2024,2.8,preeti.mishra1406@company.com
504929,Vijay Thakur,54,Support,Chennai,57125.08,18.5,Inactive,Bachelors,11-02-2016,8.5,vijay.thakur4929@company.com
502258,Priya Dixit,53,Sales,Delhi,90968.81,6.1,Unknown,Masters,19-09-2019,7.2,priya.dixit2258@company.com
502855,Karan Dixit,56,Sales,Mumbai,121383.83,13,Inactive,Unknown,02-02-2016,7.3,karan.dixit2855@company.com
502337,Kavita Malik,44,Operations,Hyderabad,61460.24,12.3,Inactive,Bachelors,13-01-2019,5.5,kavita.malik2337@company.com
503943,Manish Pandey,58,IT,Ahmedabad,69273.95,11.6,Active,Masters,05-01-2025,4.5,manish.pandey3943@company.com
503225,Suresh Chauhan,21,Sales,Unknown,84509.32,11.3,On Leave,PhD,17-02-2016,4.8,suresh.chauhan3225@company.com
500277,Nisha Chauhan,33,IT,Unknown,126997.14,13.1,Active,Unknown,16-03-2015,6.4,nisha.chauhan277@company.com
504578,Sneha Dixit,45,Logistics,Delhi,130373.24,26.7,Active,Masters,05-11-2024,5.5,sneha.dixit4578@company.com
504975,Anjali Chauhan,40,Finance,Mumbai,46369.47,29.4,Inactive,Masters,16-03-2019,1.5,anjali.chauhan4975@company.com
502923,Meena Bansal,45,Sales,Ahmedabad,137609.95,19.4,Active,Masters,06-06-2017,3.3,meena.bansal2923@company.com
503123,Pooja Dixit,41,Operations,Unknown,78788.75,14.5,Unknown,Unknown,18-04-2024,3.9,pooja.dixit3123@company.com
504101,Amit Khanna,54,Finance,Chennai,133040.82,23.2,On Leave,Masters,23-04-2018,8.6,amit.khanna4101@company.com
500456,  Karan Khanna  ,45,IT,Pune,73588.77,12.4,On Leave,Unknown,08-08-2021,4.3,karan.khanna456@company.com
503181,Rajesh Khanna,46,Marketing,Kolkata,84509.32,16.9,Unknown,Unknown,07-01-2015,6.9,rajesh.khanna3181@company.com
501254,Isha Bose,50,HR,Unknown,96490.4,20.5,Unknown,Bachelors,03-07-2016,6.4,isha.bose1254@company.com
501436,Priya Trivedi,34,Unknown,Delhi,130074.49,1.2,Inactive,Diploma,21-06-2024,4.3,priya.trivedi1436@company.com
502373,  Ritu Yadav  ,31,Unknown,Mumbai,115562.47,6.4,Unknown,Unknown,10-03-2017,9.7,ritu.yadav2373@company.com
502798,Ashok Ghosh,54,Unknown,Hyderabad,142314.64,27.2,Inactive,Bachelors,25-11-2018,5.3,ashok.ghosh2798@company.com
502486,Divya Pandey,58,Unknown,Hyderabad,89802.16,10.3,Unknown,Masters,01-04-2019,2,divya.pandey2486@company.com
504537,Karan Saxena,44,Sales,Lucknow,90032.63,3.2,Inactive,Unknown,02-09-2019,6.8,karan.saxena4537@company.com
501809,Rahul Dixit,51,Logistics,Delhi,143035.62,1.2,Unknown,Unknown,11-08-2020,2.8,rahul.dixit1809@company.com
504714,Amit Trivedi,47,Unknown,Lucknow,30529.06,16.6,On Leave,Unknown,05-11-2020,9.7,amit.trivedi4714@company.com
503989,Rahul Ghosh,44,IT,Bengaluru,52834.8,8.5,Active,PhD,14-11-2015,5.5,rahul.ghosh3989@company.com
502288,Meena Bhatia,27,Sales,Kolkata,83136.59,12.3,Inactive,Unknown,12-10-2020,3.5,Not Provided
502035,Arjun Saxena,35,IT,Chennai,100007.54,22.9,Active,Masters,22-12-2022,1.7,arjun.saxena2035@company.com
501473,Shreya Chauhan,46,Support,Jaipur,35468.5,10.9,Inactive,Unknown,27-06-2022,2.8,shreya.chauhan1473@company.com
504880,Rohan Khanna,44,IT,Unknown,69306.4,16.1,On Leave,Unknown,25-10-2025,5.5,rohan.khanna4880@company.com
502055,Preeti Goel,27,Marketing,Delhi,133439.47,26.9,Active,PhD,04-10-2021,5.7,preeti.goel2055@company.com
500716,Priya Thakur,50,Unknown,Kolkata,76736.42,25.1,On Leave,PhD,23-10-2024,1.3,priya.thakur716@company.com
502358,Ashok Goel,23,Finance,Delhi,84509.32,7.3,Inactive,Bachelors,08-05-2020,8.8,ashok.goel2358@company.com
503433,  Pooja Chauhan  ,39,Support,Mumbai,52298.67,34,Unknown,PhD,14-12-2016,6.1,pooja.chauhan3433@company.com
500141,Nikhil Malik,50,Marketing,Delhi,28751.38,33.9,Unknown,Masters,15-09-2016,8.4,nikhil.malik141@company.com
500125,Amit Dixit,58,IT,Unknown,59078.53,20.8,Unknown,Diploma,26-11-2015,3.8,amit.dixit125@company.com
504616,  Amit Goel  ,22,Unknown,Hyderabad,111343.86,17.2,Inactive,Unknown,16-07-2022,6.5,amit.goel4616@company.com
503911,Rajesh Bansal,43,Unknown,Unknown,56666.73,0.5,Inactive,PhD,25-07-2015,5.5,rajesh.bansal3911@company.com
500192,Vijay Yadav,43,Marketing,Unknown,141102.72,18.9,Active,Masters,20-03-2024,1.6,vijay.yadav192@company.com
502282,Gaurav Thakur,22,Logistics,Mumbai,25891.59,20.6,Unknown,Diploma,27-02-2020,4,gaurav.thakur2282@company.com
504168,Shreya Bansal,48,Support,Bengaluru,144734.77,16.4,Inactive,Unknown,22-03-2024,4.2,shreya.bansal4168@company.com
500587,Gaurav Pandey,37,Sales,Jaipur,88166.97,2.4,Active,PhD,03-04-2020,1.1,gaurav.pandey587@company.com
500629,Manish Chauhan,38,Unknown,Mumbai,78073.57,13.6,Inactive,Diploma,23-07-2023,9.6,manish.chauhan629@company.com
501476,Rajesh Bansal,35,IT,Chennai,146912.44,12.3,On Leave,Bachelors,27-03-2019,7.7,rajesh.bansal1476@company.com
501710,Ritu Pandey,40,HR,Bengaluru,149736.22,11.4,Active,Unknown,20-11-2024,2.9,ritu.pandey1710@company.com
504851,Vikram Yadav,29,IT,Bengaluru,64102.2,17.6,Inactive,Masters,20-02-2023,9,vikram.yadav4851@company.com
501933,Anjali Goel,50,Support,Pune,83930.12,18.5,On Leave,Masters,21-12-2016,4.9,anjali.goel1933@company.com
501322,Sanjay Chauhan,40,Unknown,Chennai,84509.32,17.6,On Leave,Bachelors,11-03-2020,1.2,sanjay.chauhan1322@company.com
504258,Isha Saxena,49,Sales,Ahmedabad,68394.55,18.9,Active,Masters,26-10-2021,5.5,isha.saxena4258@company.com
501126,Karan Ghosh,31,Finance,Unknown,86004.97,31.8,Active,Masters,05-11-2025,5.5,karan.ghosh1126@company.com
502708,Neha Sinha,34,Unknown,Delhi,145041.59,24.8,Inactive,Unknown,08-01-2017,9.1,neha.sinha2708@company.com
502717,Shreya Bansal,59,Logistics,Unknown,36936.81,12.3,On Leave,PhD,11-06-2024,5.7,shreya.bansal2717@company.com
501874,Gaurav Mishra,42,Marketing,Bengaluru,109559.51,23.1,Active,Bachelors,17-10-2022,1,gaurav.mishra1874@company.com
503245,Ashok Agarwal,57,Marketing,Delhi,118689.06,33.8,On Leave,Bachelors,16-12-2015,3,ashok.agarwal3245@company.com
502677,Priya Mishra,40,Sales,Delhi,65524.53,8.4,On Leave,PhD,22-06-2021,1.7,priya.mishra2677@company.com
503113,Karan Yadav,56,Support,Bengaluru,129752.4,5.6,Inactive,Diploma,05-02-2021,5.5,karan.yadav3113@company.com
503223,Rahul Bhatia,37,HR,Unknown,133983.59,18.1,Active,Masters,08-01-2016,3.7,rahul.bhatia3223@company.com
501505,Vikram Pandey,36,IT,Jaipur,144118.76,12.8,On Leave,Unknown,16-12-2025,5.5,vikram.pandey1505@company.com
502193,Gaurav Trivedi,43,IT,Mumbai,89034.8,26.2,Active,Unknown,23-04-2022,5.5,gaurav.trivedi2193@company.com
500064,Preeti Nanda,51,Sales,Hyderabad,91824.8,5.7,Active,Unknown,19-06-2017,4.2,preeti.nanda64@company.com
500970,Deepak Bose,56,Operations,Jaipur,119986.27,24.7,Active,Unknown,16-06-2017,8.7,deepak.bose970@company.com
502063,Gaurav Goel,40,Sales,Bengaluru,33722.83,12.9,Inactive,Unknown,08-03-2019,9,gaurav.goel2063@company.com
503302,Simran Rastogi,54,Unknown,Pune,84509.32,14.7,Unknown,PhD,17-08-2021,3.1,simran.rastogi3302@company.com
502534,Ritu Dixit,45,Finance,Hyderabad,103011.5,19.1,Unknown,Bachelors,09-09-2020,8.2,ritu.dixit2534@company.com
503920,Rajesh Nanda,48,Logistics,Bengaluru,139839.19,32.8,Inactive,Masters,13-09-2025,5,rajesh.nanda3920@company.com
502198,Sneha Saxena,52,Sales,Delhi,63611.67,18.2,Active,Diploma,13-11-2021,5.3,sneha.saxena2198@company.com
504602,Sneha Chauhan,44,Support,Chennai,108769.34,11.8,Inactive,Bachelors,15-07-2016,9.2,sneha.chauhan4602@company.com
501198,Nikhil Dixit,56,Unknown,Bengaluru,113892.22,30.8,Inactive,Unknown,14-09-2018,5.9,nikhil.dixit1198@company.com
500409,Anjali Yadav,40,Sales,Delhi,125363.06,17.4,Inactive,Bachelors,25-02-2021,5.5,anjali.yadav409@company.com
504969,Priya Trivedi,24,Sales,Bengaluru,111174.11,13.2,Inactive,PhD,25-11-2015,3.1,priya.trivedi4969@company.com
503605,Pooja Ghosh,56,Sales,Jaipur,120656.07,32,Inactive,Unknown,23-04-2025,5.5,pooja.ghosh3605@company.com
504141,Priya Bose,45,Logistics,Delhi,24864.85,10.5,Unknown,Bachelors,13-03-2025,5.5,priya.bose4141@company.com
500001,Neha Chauhan,25,HR,Delhi,95030.37,9.3,Active,Diploma,01-06-2023,2.6,neha.chauhan1@company.com
501750,Priya Bansal,22,Sales,Bengaluru,103021.78,17.6,On Leave,Masters,18-04-2024,8.8,priya.bansal1750@company.com
501195,Neha Nanda,40,IT,Delhi,47522.85,15.9,Inactive,Bachelors,03-04-2018,3,neha.nanda1195@company.com
501957,Gaurav Rastogi,51,Logistics,Chennai,127675.22,34.3,Active,Masters,13-04-2018,1.6,gaurav.rastogi1957@company.com
503075,Gaurav Nanda,57,Logistics,Chennai,46730.59,17.6,Active,Unknown,01-11-2018,3.4,gaurav.nanda3075@company.com
500066,Gaurav Agarwal,59,Support,Ahmedabad,149784.29,1.1,On Leave,Bachelors,15-06-2020,2.9,gaurav.agarwal66@company.com
503858,Shreya Nanda,49,HR,Kolkata,58310.7,32.7,Active,Unknown,04-10-2022,4.2,shreya.nanda3858@company.com
504822,Pooja Rastogi,53,Support,Unknown,37977.45,5,Active,Bachelors,26-11-2018,6.4,pooja.rastogi4822@company.com
501230,Rajesh Agarwal,21,Operations,Bengaluru,22762.96,18.3,On Leave,PhD,09-08-2016,2.7,rajesh.agarwal1230@company.com
503034,Nisha Mishra,21,Logistics,Kolkata,129481.12,12.8,Unknown,Bachelors,20-03-2024,5.3,nisha.mishra3034@company.com
502322,Vikram Agarwal,59,HR,Pune,54346.68,21.8,Inactive,Bachelors,26-02-2024,1.7,vikram.agarwal2322@company.com
501959,Amit Pandey,31,Unknown,Chennai,141429.67,22.6,Active,Masters,11-10-2018,9.2,amit.pandey1959@company.com
500556,Vikram Goel,51,Unknown,Unknown,32938.92,13.9,Unknown,Masters,07-05-2024,6.8,vikram.goel556@company.com
504359,Preeti Pandey,27,Finance,Ahmedabad,70978,22.6,On Leave,Diploma,19-09-2017,5.9,preeti.pandey4359@company.com
500511,Karan Khanna,55,IT,Delhi,23371.29,31.5,Active,Diploma,15-10-2018,9,karan.khanna511@company.com
503397,Swati Nanda,57,Logistics,Mumbai,140401.56,2.5,On Leave,Bachelors,02-01-2025,6.1,swati.nanda3397@company.com
504789,Pooja Agarwal,35,IT,Mumbai,69565.86,18.9,Active,Masters,10-06-2019,5.3,pooja.agarwal4789@company.com
504066,Vikram Bose,31,Logistics,Ahmedabad,63543.21,17.8,On Leave,Diploma,25-01-2015,6.5,vikram.bose4066@company.com
501483,Arjun Mishra,32,IT,Mumbai,134538.82,22.7,Active,Bachelors,05-01-2023,5.5,arjun.mishra1483@company.com
504134,Rahul Trivedi,32,Unknown,Chennai,54646.33,13.9,Inactive,Masters,21-12-2019,9.7,rahul.trivedi4134@company.com
503893,Ashok Saxena,47,Finance,Unknown,136830.04,22.5,On Leave,Masters,09-08-2019,2.4,ashok.saxena3893@company.com
504664,  Sanjay Mishra  ,26,Operations,Delhi,45289.41,14.1,Inactive,PhD,26-02-2019,4.4,sanjay.mishra4664@company.com
500815,Ritu Yadav,22,IT,Delhi,134715.6,32.7,On Leave,Bachelors,12-11-2015,6.2,ritu.yadav815@company.com
501894,Vikram Agarwal,28,Logistics,Kolkata,123315.97,32.3,On Leave,Masters,18-06-2022,5.5,vikram.agarwal1894@company.com
502103,Rohan Trivedi,39,IT,Kolkata,127379.66,20.5,Inactive,Bachelors,26-08-2020,5.5,rohan.trivedi2103@company.com
502504,Ashok Bansal,58,Unknown,Delhi,136003.24,33,Inactive,Unknown,18-04-2019,5.5,ashok.bansal2504@company.com
500052,Priya Sinha,35,Marketing,Unknown,111476.3,25,On Leave,Bachelors,05-06-2021,6.5,priya.sinha52@company.com
504760,Vikram Yadav,54,Logistics,Mumbai,133019.45,15.3,On Leave,Masters,05-04-2021,6.8,vikram.yadav4760@company.com
500624,  Anjali Sinha  ,38,Support,Lucknow,106463.23,34.8,On Leave,PhD,26-02-2023,5.5,anjali.sinha624@company.com
502406,Ashok Khanna,47,Finance,Bengaluru,40711.28,34.2,Inactive,Bachelors,22-07-2015,7.3,ashok.khanna2406@company.com
503419,Gaurav Ghosh,49,Unknown,Delhi,24236.94,10.6,Unknown,Masters,12-03-2025,5.5,gaurav.ghosh3419@company.com
502179,Karan Agarwal,26,Marketing,Bengaluru,127441.96,32.1,Active,Bachelors,21-07-2016,7,karan.agarwal2179@company.com
502786,Nikhil Bansal,44,Marketing,Pune,141283.8,31.4,Inactive,Masters,09-05-2024,9.7,nikhil.bansal2786@company.com
502277,Anjali Nanda,56,Support,Jaipur,31114.95,21.2,Active,Unknown,27-01-2021,4.2,anjali.nanda2277@company.com
502142,Pooja Bhatia,49,HR,Unknown,58950,17.6,Active,Unknown,10-03-2022,9.2,pooja.bhatia2142@company.com
502976,Kavita Sinha,53,Support,Jaipur,133365.98,24.6,Inactive,Diploma,22-09-2016,5.1,kavita.sinha2976@company.com
504780,Rohan Choudhary,45,HR,Lucknow,26103.04,12.3,Active,Unknown,09-12-2022,7.4,rohan.choudhary4780@company.com
501855,Ashok Pandey,22,IT,Hyderabad,101106.67,3.5,Inactive,Masters,08-07-2018,5.7,ashok.pandey1855@company.com
504785,Swati Thakur,37,Logistics,Lucknow,56026.38,34.2,Inactive,Unknown,17-01-2017,7.8,swati.thakur4785@company.com
503594,Isha Bose,34,Logistics,Hyderabad,84509.32,29.3,Inactive,Bachelors,21-06-2019,7.4,isha.bose3594@company.com
504963,Nisha Ghosh,27,Logistics,Delhi,36339.28,5.5,Inactive,Masters,13-04-2020,5.6,nisha.ghosh4963@company.com
501318,Simran Saxena,25,Logistics,Bengaluru,107422.41,9.3,Active,Bachelors,11-09-2019,10,simran.saxena1318@company.com
504375,Rajesh Sinha,31,Logistics,Hyderabad,74312.21,0.5,Inactive,Masters,05-04-2020,2,rajesh.sinha4375@company.com
503451,Priya Ghosh,28,IT,Delhi,63139.99,0.1,Active,Diploma,24-02-2016,7.1,priya.ghosh3451@company.com
502436,Sanjay Trivedi,26,HR,Delhi,33600.76,8.5,Inactive,Diploma,16-09-2018,5.5,sanjay.trivedi2436@company.com
504867,Neha Agarwal,58,Support,Mumbai,72115.82,17.6,Inactive,Unknown,10-11-2023,4.8,neha.agarwal4867@company.com
504825,Nikhil Bansal,49,Unknown,Delhi,33604.87,19.1,Active,Masters,05-01-2017,7.2,nikhil.bansal4825@company.com
503427,Nisha Trivedi,49,Unknown,Ahmedabad,71316.89,4.1,Active,Masters,24-04-2019,5.7,nisha.trivedi3427@company.com
501118,Neha Nanda,29,Sales,Mumbai,113989.61,2.2,Active,Unknown,26-08-2020,2.8,neha.nanda1118@company.com
500489,Gaurav Bose,26,Sales,Pune,41545.28,21.9,Unknown,PhD,25-02-2023,7.4,gaurav.bose489@company.com
501336,Vikram Bansal,38,IT,Pune,22270.26,12.4,On Leave,Unknown,09-07-2018,7.8,vikram.bansal1336@company.com
500962,Vijay Malik,47,Sales,Chennai,36762.16,19.2,Inactive,Bachelors,12-01-2020,2.3,vijay.malik962@company.com
502506,Anjali Bose,29,IT,Kolkata,94614.87,34.2,On Leave,Bachelors,26-02-2025,5.5,anjali.bose2506@company.com
502585,Simran Sinha,31,Finance,Bengaluru,52596.27,14.7,Inactive,Masters,12-12-2023,2.9,simran.sinha2585@company.com
503535,Simran Rastogi,46,Logistics,Kolkata,131847.63,17.6,On Leave,Masters,02-10-2023,2.4,simran.rastogi3535@company.com
502983,Manish Trivedi,23,Sales,Bengaluru,37904.68,24.3,Inactive,PhD,16-11-2015,3.3,manish.trivedi2983@company.com
502949,Preeti Saxena,59,Sales,Unknown,105685.94,29.2,Active,Bachelors,20-09-2020,4.3,preeti.saxena2949@company.com
500210,Simran Malik,38,HR,Unknown,57120.95,27.9,Unknown,PhD,22-06-2018,9.9,simran.malik210@company.com
500639,Preeti Chauhan,39,IT,Delhi,141552.36,17.6,Unknown,Unknown,17-06-2018,5.5,preeti.chauhan639@company.com
501338,Shreya Bhatia,58,IT,Delhi,119241.23,1.4,Inactive,Masters,09-03-2024,3.5,Not Provided
504096,Ritu Khanna,27,Sales,Chennai,79235.62,28.5,On Leave,Unknown,06-05-2021,4.9,Not Provided
504314,Ritu Dixit,32,Sales,Ahmedabad,84509.32,2.5,Active,Bachelors,07-08-2024,7.1,ritu.dixit4314@company.com
503100,Amit Khanna,50,Logistics,Unknown,84509.32,26.6,Unknown,Masters,26-11-2019,3.8,amit.khanna3100@company.com
500832,Deepak Nanda,22,Unknown,Mumbai,70172.86,7.5,On Leave,Unknown,08-04-2023,3.7,deepak.nanda832@company.com
503729,Swati Pandey,31,Unknown,Chennai,93577.86,8.7,Inactive,Masters,12-03-2020,3.9,swati.pandey3729@company.com
503340,Simran Bhatia,24,Sales,Chennai,71915.56,10.3,Active,PhD,04-02-2022,5.5,simran.bhatia3340@company.com
503207,Gaurav Saxena,57,Marketing,Lucknow,100670.89,27.7,Active,Unknown,08-06-2023,3.1,gaurav.saxena3207@company.com
503541,Meena Ghosh,37,HR,Lucknow,85356.86,12.1,Inactive,Masters,05-01-2021,6.2,meena.ghosh3541@company.com
501152,Isha Khanna,42,IT,Bengaluru,75366.06,9.7,Inactive,Masters,21-03-2016,4.6,isha.khanna1152@company.com
500353,Ritu Goel,30,Operations,Unknown,25494.25,18.6,On Leave,PhD,18-10-2025,5.5,ritu.goel353@company.com
504148,Rajesh Saxena,27,Logistics,Kolkata,40103.95,30.3,On Leave,Unknown,07-01-2022,5.5,rajesh.saxena4148@company.com
502848,Vikram Yadav,56,Support,Bengaluru,24513.32,25,Inactive,Bachelors,23-10-2019,4.2,vikram.yadav2848@company.com
502490,Rahul Ghosh,29,Marketing,Ahmedabad,101881.1,22.2,Active,Masters,26-06-2021,9.8,rahul.ghosh2490@company.com
503543,Isha Thakur,42,Logistics,Kolkata,111622.77,32.5,Inactive,Unknown,12-12-2018,5.5,isha.thakur3543@company.com
502303,Rajesh Yadav,28,IT,Unknown,76111.68,17.6,Inactive,Bachelors,02-04-2017,5.5,rajesh.yadav2303@company.com
504625,Arjun Dixit,43,Sales,Mumbai,52078.71,2.2,Inactive,Bachelors,15-04-2016,1.7,arjun.dixit4625@company.com
501500,Neha Agarwal,23,Unknown,Kolkata,107024.02,7.3,Unknown,Masters,08-08-2020,4.8,neha.agarwal1500@company.com
501927,Rahul Saxena,55,Sales,Ahmedabad,80858.03,15.2,Inactive,Masters,17-04-2018,8.3,rahul.saxena1927@company.com
501510,Meena Khanna,33,Sales,Pune,129079.71,12.3,Inactive,Diploma,25-06-2015,9.4,meena.khanna1510@company.com
500666,Karan Pandey,38,Unknown,Jaipur,84574.03,31.7,On Leave,Bachelors,09-04-2017,9.4,karan.pandey666@company.com
500273,Vijay Ghosh,38,Logistics,Lucknow,77047.46,14.3,Unknown,PhD,10-01-2016,6.9,vijay.ghosh273@company.com
502958,Kavita Bose,40,Operations,Hyderabad,69705.59,10.5,On Leave,PhD,19-07-2017,8,kavita.bose2958@company.com
503491,Deepak Sinha,34,IT,Bengaluru,62162.86,17.6,Unknown,Masters,09-12-2022,7.9,deepak.sinha3491@company.com
501606,Anjali Bhatia,55,Unknown,Hyderabad,45014.51,4.4,Inactive,Unknown,13-10-2025,8.3,anjali.bhatia1606@company.com
504244,Divya Khanna,38,Marketing,Mumbai,112611.23,15,Inactive,Unknown,18-08-2016,6.8,divya.khanna4244@company.com
500764,Rohan Chauhan,40,Operations,Unknown,51789.14,9.8,Inactive,Unknown,09-01-2016,6.6,rohan.chauhan764@company.com
500659,Neha Ghosh,25,Marketing,Ahmedabad,55746.32,16.4,Active,Bachelors,10-02-2025,7.4,neha.ghosh659@company.com
504593,Preeti Bhatia,47,IT,Hyderabad,145338.02,18.9,Unknown,PhD,21-01-2024,5.5,preeti.bhatia4593@company.com
504360,Suresh Yadav,59,Unknown,Unknown,43964.91,13,Inactive,PhD,10-09-2020,3.6,suresh.yadav4360@company.com
503155,Isha Choudhary,33,Logistics,Chennai,104098.15,11.4,Inactive,Bachelors,21-11-2019,10,isha.choudhary3155@company.com
503385,Pooja Trivedi,30,Marketing,Delhi,23460.37,31,Inactive,Diploma,01-10-2022,5.5,pooja.trivedi3385@company.com
501947,Divya Pandey,30,Marketing,Pune,95910.32,17.6,Inactive,Masters,11-09-2016,6.2,divya.pandey1947@company.com
503626,Kavita Chauhan,51,Sales,Delhi,27301.67,32.9,Unknown,Unknown,22-12-2020,3.6,kavita.chauhan3626@company.com
503508,Anjali Bansal,54,Logistics,Chennai,64515.17,10.9,Unknown,PhD,15-01-2019,7.2,anjali.bansal3508@company.com
500369,Neha Trivedi,40,Finance,Unknown,137256.87,1.7,Inactive,Bachelors,24-04-2025,3.3,Not Provided
500257,Preeti Chauhan,46,Marketing,Kolkata,126689.35,34.7,On Leave,Diploma,24-08-2020,5.4,preeti.chauhan257@company.com
502079,Isha Bansal,40,Operations,Unknown,79362.72,32.4,Unknown,Unknown,18-09-2019,1.1,isha.bansal2079@company.com
504419,Suresh Yadav,56,Finance,Hyderabad,84509.32,33.8,Active,Bachelors,20-10-2025,8,suresh.yadav4419@company.com
500584,Gaurav Bhatia,22,Unknown,Lucknow,121553.04,11.5,Active,Masters,22-03-2025,8.1,gaurav.bhatia584@company.com
500020,Preeti Choudhary,41,Unknown,Hyderabad,118879.75,13.8,Inactive,Unknown,24-11-2017,8.6,preeti.choudhary20@company.com
504909,Rajesh Nanda,41,IT,Delhi,141140.05,31,Active,Bachelors,20-02-2015,5.7,rajesh.nanda4909@company.com
503068,Sanjay Choudhary,33,IT,Pune,39451.34,9.1,Unknown,Diploma,19-06-2020,7.2,sanjay.choudhary3068@company.com
500908,Ritu Rastogi,31,Unknown,Bengaluru,23643.84,13.7,Active,Masters,13-01-2025,9.4,ritu.rastogi908@company.com
501285,Priya Malik,35,IT,Jaipur,142801.76,31,On Leave,Diploma,01-02-2021,1.5,priya.malik1285@company.com
503054,Karan Mishra,44,Sales,Bengaluru,29173.9,1.4,Unknown,Unknown,22-02-2019,5.5,karan.mishra3054@company.com
503355,Suresh Nanda,27,Sales,Pune,53352.28,9.7,Unknown,Masters,15-02-2017,8,suresh.nanda3355@company.com
503429,Swati Sinha,37,Unknown,Chennai,83936.67,20.8,On Leave,Bachelors,05-11-2017,6.4,swati.sinha3429@company.com
503110,Kavita Khanna,33,Marketing,Unknown,31253.88,17.6,On Leave,Masters,16-06-2022,6.5,kavita.khanna3110@company.com
502642,Deepak Choudhary,43,Support,Mumbai,136474.49,13.6,Inactive,Unknown,15-07-2023,4.2,deepak.choudhary2642@company.com
503226,Isha Bose,54,IT,Mumbai,72874.76,6.4,Active,Unknown,26-10-2017,9.6,isha.bose3226@company.com
502764,Neha Bhatia,45,IT,Unknown,67324.75,8.4,Inactive,Unknown,13-05-2017,4.7,neha.bhatia2764@company.com
502255,Neha Trivedi,30,Unknown,Unknown,67844.5,19.2,Inactive,Diploma,22-09-2019,8.6,neha.trivedi2255@company.com
501800,Ashok Pandey,59,Logistics,Delhi,62550.73,12.2,Inactive,Unknown,09-05-2024,2.9,ashok.pandey1800@company.com
504631,Suresh Agarwal,21,IT,Delhi,69417.36,27,Inactive,Bachelors,17-02-2021,9.8,suresh.agarwal4631@company.com
502613,Swati Pandey,40,Sales,Hyderabad,138259.55,9.5,Active,Bachelors,17-12-2023,5.7,swati.pandey2613@company.com
501848,Sneha Agarwal,21,Unknown,Unknown,130401.28,26.8,Inactive,Masters,19-06-2015,7.7,sneha.agarwal1848@company.com
503221,Swati Dixit,49,Sales,Unknown,59887.31,7.3,Inactive,PhD,23-03-2019,1.5,swati.dixit3221@company.com
502212,Vijay Agarwal,35,Sales,Unknown,27177.54,11.5,Unknown,Masters,02-07-2025,5.5,vijay.agarwal2212@company.com
504905,Preeti Nanda,33,Finance,Mumbai,133970.89,10,Unknown,Masters,24-10-2017,7.5,preeti.nanda4905@company.com
504155,Priya Bose,40,Finance,Unknown,44830.25,26,Active,Bachelors,21-06-2019,5.1,priya.bose4155@company.com
503595,Swati Agarwal,30,Sales,Mumbai,50389.59,31.7,Inactive,PhD,14-09-2019,1.6,swati.agarwal3595@company.com
500557,Priya Thakur,52,Operations,Pune,141672.39,27.5,Unknown,Unknown,01-07-2021,8.1,priya.thakur557@company.com
502962,Rahul Choudhary,21,Unknown,Pune,56761.98,18.5,Inactive,PhD,14-06-2022,5.5,rahul.choudhary2962@company.com
504550,Meena Agarwal,47,Sales,Unknown,91861.12,23.2,Active,Diploma,19-07-2017,9.7,meena.agarwal4550@company.com
501853,Arjun Trivedi,55,Support,Mumbai,122625.22,33.5,Inactive,Unknown,05-10-2016,6.4,arjun.trivedi1853@company.com
500803,Swati Bhatia,21,Marketing,Unknown,119203.41,9.9,Active,Masters,02-05-2024,8.8,swati.bhatia803@company.com
500042,Nisha Bhatia,34,Unknown,Delhi,84509.32,20.7,Inactive,Unknown,17-02-2023,1.2,nisha.bhatia42@company.com
504039,Deepak Nanda,38,Unknown,Jaipur,35674.78,17.6,Active,Unknown,08-01-2024,9.1,deepak.nanda4039@company.com
503666,Vijay Trivedi,52,Marketing,Kolkata,54593.81,33.8,Active,Diploma,12-10-2021,5.1,vijay.trivedi3666@company.com
504812,  Simran Thakur  ,29,Unknown,Delhi,68516.51,14.1,Inactive,Bachelors,20-02-2021,7.7,simran.thakur4812@company.com
502812,Pooja Yadav,38,Marketing,Bengaluru,84509.32,0.2,On Leave,Masters,09-12-2019,5.3,pooja.yadav2812@company.com
500551,Priya Dixit,51,Logistics,Delhi,25194.39,12.7,Unknown,Bachelors,21-01-2018,1,priya.dixit551@company.com
504197,Sneha Mishra,22,IT,Bengaluru,139722.04,6.5,Active,Masters,27-08-2015,9.5,sneha.mishra4197@company.com
500926,Nisha Khanna,43,Sales,Mumbai,66748.33,24.3,Inactive,PhD,06-07-2021,5.5,nisha.khanna926@company.com
504032,Swati Saxena,26,Finance,Unknown,148316.59,9.5,Unknown,Unknown,07-06-2023,4.2,swati.saxena4032@company.com
504721,Rohan Bansal,50,Unknown,Lucknow,129749.91,34.8,Active,Masters,02-02-2024,5.5,rohan.bansal4721@company.com
502519,Manish Sinha,39,Sales,Ahmedabad,44314.48,16.1,Unknown,Unknown,10-09-2023,5.5,manish.sinha2519@company.com
502327,Arjun Agarwal,35,Support,Delhi,62203.07,30,On Leave,Diploma,17-02-2018,8.5,arjun.agarwal2327@company.com
504135,Shreya Agarwal,22,Marketing,Delhi,66908.28,17.6,Active,Unknown,10-10-2022,5.9,shreya.agarwal4135@company.com
502886,Vijay Rastogi,21,Logistics,Unknown,131641.4,22.2,Inactive,Unknown,11-02-2021,6.1,vijay.rastogi2886@company.com
501434,Arjun Bhatia,40,Operations,Ahmedabad,120110.82,11.4,Inactive,Unknown,09-06-2015,9,arjun.bhatia1434@company.com
503040,Vijay Bhatia,23,IT,Bengaluru,57556.73,22.7,Inactive,Unknown,02-03-2015,7.3,vijay.bhatia3040@company.com
500676,Simran Sinha,53,Support,Kolkata,122001.75,23.4,Inactive,Bachelors,10-08-2024,3.5,simran.sinha676@company.com
504598,Priya Agarwal,36,Marketing,Unknown,23444.12,6.8,Active,Bachelors,13-09-2015,4.4,priya.agarwal4598@company.com
503099,Anjali Malik,26,Marketing,Kolkata,49884.03,15.2,Inactive,Diploma,07-08-2018,9.5,anjali.malik3099@company.com
502680,Ashok Khanna,24,Marketing,Lucknow,24755.93,10.1,Inactive,Diploma,08-08-2023,7.8,ashok.khanna2680@company.com
501170,Sanjay Dixit,42,Marketing,Unknown,108187.43,27.5,Active,Bachelors,16-12-2018,2.7,sanjay.dixit1170@company.com
502375,Sneha Malik,47,Unknown,Hyderabad,23659.36,5.8,Inactive,Bachelors,13-03-2024,7.1,sneha.malik2375@company.com
504407,Kavita Malik,34,Marketing,Delhi,34834.38,17.4,Active,Diploma,21-05-2017,6.1,kavita.malik4407@company.com
501138,Ashok Khanna,54,Sales,Unknown,90360.7,3.2,On Leave,Unknown,10-05-2016,8.4,ashok.khanna1138@company.com
501936,Kavita Goel,48,IT,Unknown,83813.16,19.4,Active,Unknown,26-12-2017,1.5,kavita.goel1936@company.com
503941,Rajesh Trivedi,40,Logistics,Delhi,132526.19,22.4,On Leave,Unknown,12-01-2019,9.1,rajesh.trivedi3941@company.com
500221,Manish Rastogi,40,Logistics,Bengaluru,127224.47,8.5,On Leave,Masters,22-05-2024,3.8,manish.rastogi221@company.com
504479,Manish Ghosh,53,Sales,Bengaluru,111679.04,3.1,On Leave,Bachelors,17-01-2025,2.7,Not Provided
500583,Neha Malik,29,IT,Lucknow,117321.51,24.1,Inactive,Masters,04-09-2023,6.3,neha.malik583@company.com
500610,Vijay Saxena,30,IT,Bengaluru,93296.99,2.3,Inactive,Masters,07-04-2022,8.8,vijay.saxena610@company.com
501536,Gaurav Bansal,47,Logistics,Pune,73821.45,7.9,Active,PhD,08-10-2023,8.2,gaurav.bansal1536@company.com
501101,Isha Sinha,30,Unknown,Delhi,82486.5,24.5,Unknown,PhD,10-12-2025,9.5,isha.sinha1101@company.com
504217,Pooja Dixit,43,Marketing,Mumbai,84509.32,9.8,Unknown,Diploma,20-04-2018,5.5,pooja.dixit4217@company.com
500730,Ashok Thakur,38,HR,Mumbai,109421.68,0.5,Inactive,PhD,22-08-2020,7.2,ashok.thakur730@company.com
503852,Rajesh Khanna,40,Finance,Bengaluru,146000.39,0.1,Active,Bachelors,08-12-2022,5.5,rajesh.khanna3852@company.com
502682,Ashok Khanna,53,Unknown,Kolkata,105492.31,18.6,Unknown,Bachelors,23-02-2020,6.2,ashok.khanna2682@company.com
502737,Sneha Mishra,52,Sales,Bengaluru,34465.47,24.5,Active,Bachelors,05-12-2020,5.5,sneha.mishra2737@company.com
503929,Rohan Malik,39,HR,Kolkata,130832.47,2.7,On Leave,Unknown,19-04-2016,5.1,rohan.malik3929@company.com
501335,Deepak Malik,51,Marketing,Ahmedabad,82130.4,34,Active,Masters,19-06-2020,5.1,Not Provided
503459,Gaurav Trivedi,38,Finance,Kolkata,143055.28,32.8,Inactive,Unknown,01-03-2018,1.2,gaurav.trivedi3459@company.com
502147,Deepak Bhatia,32,Logistics,Jaipur,84509.32,29.2,Inactive,Bachelors,12-06-2021,5.5,deepak.bhatia2147@company.com
501794,Anjali Ghosh,48,Logistics,Delhi,47877.66,26.9,On Leave,Bachelors,20-05-2022,9.9,anjali.ghosh1794@company.com
502309,Manish Choudhary,46,Marketing,Mumbai,84509.32,17.2,Inactive,Bachelors,23-05-2025,4.8,manish.choudhary2309@company.com
501788,Shreya Chauhan,50,Support,Delhi,41370.02,24.3,Unknown,PhD,13-01-2016,3.9,shreya.chauhan1788@company.com
502480,Sanjay Mishra,41,Sales,Pune,84509.32,8.9,Inactive,PhD,05-02-2016,7.3,sanjay.mishra2480@company.com
504683,Rohan Bhatia,34,Operations,Unknown,28072.13,10.6,Inactive,Unknown,24-03-2015,5.5,rohan.bhatia4683@company.com
503222,  Priya Thakur  ,28,Marketing,Unknown,84509.32,3.6,On Leave,Unknown,13-03-2022,6,priya.thakur3222@company.com
504728,Nikhil Mishra,56,Sales,Ahmedabad,84509.32,17.6,Inactive,Diploma,05-06-2016,9.3,nikhil.mishra4728@company.com
502152,Ashok Bose,42,Support,Bengaluru,98754.15,17.6,Inactive,PhD,02-12-2015,2.6,ashok.bose2152@company.com
503373,Pooja Saxena,26,Marketing,Hyderabad,68572.06,21.3,Unknown,Diploma,02-10-2019,9.9,pooja.saxena3373@company.com
503839,Ashok Mishra,34,Sales,Ahmedabad,142090.38,19.8,Inactive,Unknown,07-02-2021,3.1,ashok.mishra3839@company.com
503366,Rahul Choudhary,38,IT,Pune,57242.05,19.7,Active,Unknown,21-01-2023,5.5,rahul.choudhary3366@company.com
503658,Karan Bhatia,46,Marketing,Ahmedabad,77842.1,2.9,On Leave,Masters,24-01-2021,6.2,karan.bhatia3658@company.com
504282,Arjun Bose,40,Finance,Jaipur,108965.62,32.6,Active,Unknown,07-10-2023,8.2,arjun.bose4282@company.com
502760,Rohan Choudhary,39,Operations,Bengaluru,142031.66,30.4,Unknown,Masters,02-04-2019,5.8,rohan.choudhary2760@company.com
501859,  Priya Pandey  ,47,Operations,Kolkata,92909.86,34.3,On Leave,Bachelors,01-11-2015,5.6,priya.pandey1859@company.com
503041,Nikhil Rastogi,35,Operations,Hyderabad,110402.34,25.8,Inactive,Diploma,20-02-2019,3.5,nikhil.rastogi3041@company.com
504603,Preeti Sinha,43,Marketing,Mumbai,27101.45,15.4,Active,Bachelors,18-08-2016,8,preeti.sinha4603@company.com
502402,Vijay Mishra,32,IT,Pune,127680.71,20,On Leave,Unknown,01-03-2017,4.1,vijay.mishra2402@company.com
502561,Sanjay Bose,21,IT,Delhi,37122.63,0.8,Unknown,Masters,15-02-2016,2.7,sanjay.bose2561@company.com
503563,Simran Yadav,23,Marketing,Unknown,36597.39,32.5,On Leave,Bachelors,22-08-2015,5.9,simran.yadav3563@company.com
503112,Sanjay Bansal,58,IT,Pune,114528.21,31.3,On Leave,Masters,17-11-2017,1.9,sanjay.bansal3112@company.com
504638,Anjali Saxena,45,Sales,Pune,115394.61,22.2,Active,Bachelors,11-10-2025,3.1,anjali.saxena4638@company.com
501480,Rohan Ghosh,34,Sales,Kolkata,44533.5,27.8,On Leave,Bachelors,27-03-2016,5.3,rohan.ghosh1480@company.com
500414,Swati Chauhan,37,Finance,Chennai,122058.76,29.3,Active,Unknown,22-12-2019,2.9,swati.chauhan414@company.com
503798,Rajesh Bhatia,28,Finance,Mumbai,38055.26,12.5,On Leave,PhD,22-08-2024,9.9,rajesh.bhatia3798@company.com
502706,Rahul Ghosh,32,Unknown,Lucknow,56711.86,12.3,Inactive,Bachelors,23-10-2021,2.6,rahul.ghosh2706@company.com
504908,Shreya Mishra,55,HR,Unknown,65393.74,2.5,On Leave,Diploma,18-06-2018,7.7,shreya.mishra4908@company.com
501992,Karan Bose,32,Operations,Unknown,128754.23,0.6,Inactive,Bachelors,15-03-2016,2.7,karan.bose1992@company.com
500269,Nikhil Ghosh,34,Marketing,Jaipur,72084.54,5,Active,Unknown,21-06-2024,8.4,nikhil.ghosh269@company.com
502661,Ritu Thakur,38,Unknown,Unknown,95146.14,22.6,Unknown,Bachelors,19-09-2025,4,ritu.thakur2661@company.com
503325,Arjun Rastogi,40,Sales,Mumbai,85477.04,24.1,Inactive,Unknown,24-02-2024,7.6,arjun.rastogi3325@company.com
502879,Ritu Ghosh,46,IT,Bengaluru,126951.15,1.7,On Leave,Masters,12-11-2023,3.4,ritu.ghosh2879@company.com
500398,Vijay Pandey,28,Unknown,Delhi,91618.28,10.8,Inactive,Bachelors,03-09-2016,2.7,vijay.pandey398@company.com
501738,Shreya Nanda,49,IT,Mumbai,84305.93,25.1,On Leave,Bachelors,10-10-2023,7.2,shreya.nanda1738@company.com
501324,Simran Agarwal,31,Sales,Bengaluru,127036.78,30.8,Active,Bachelors,19-06-2017,2.1,simran.agarwal1324@company.com
502456,Divya Saxena,40,Operations,Hyderabad,67752.55,22.1,Inactive,Bachelors,15-03-2015,7.4,divya.saxena2456@company.com
501799,Karan Bose,24,IT,Mumbai,131303.22,1,Inactive,PhD,13-09-2022,7.3,karan.bose1799@company.com
504231,Ashok Mishra,44,Unknown,Hyderabad,127259.47,23.9,Unknown,Bachelors,18-05-2022,9.6,ashok.mishra4231@company.com
503471,Isha Mishra,55,IT,Delhi,84509.32,17.1,Active,Bachelors,11-10-2016,3.1,isha.mishra3471@company.com
501084,Anjali Ghosh,31,Unknown,Lucknow,118182.67,26.3,Active,Masters,09-03-2017,7.4,anjali.ghosh1084@company.com
502664,Neha Thakur,46,IT,Lucknow,88919.46,28.8,Unknown,PhD,09-07-2019,1.2,neha.thakur2664@company.com
502692,Gaurav Yadav,34,IT,Lucknow,114882.69,4.6,Inactive,Bachelors,16-03-2023,9.2,gaurav.yadav2692@company.com
501748,Sneha Mishra,44,HR,Bengaluru,34658.35,1.4,Active,Diploma,10-12-2020,5.7,sneha.mishra1748@company.com
503013,Nisha Mishra,31,Sales,Bengaluru,53693.74,22.3,Active,Unknown,14-04-2024,8.4,nisha.mishra3013@company.com
501693,Simran Thakur,22,HR,Bengaluru,57971.44,20.6,Inactive,Bachelors,04-09-2015,7.1,simran.thakur1693@company.com
503279,Preeti Saxena,51,Marketing,Hyderabad,112805.09,17.5,Active,Bachelors,22-01-2015,5.5,preeti.saxena3279@company.com
503251,Deepak Khanna,40,Operations,Unknown,123275.6,23.4,Active,Unknown,17-02-2021,4.9,deepak.khanna3251@company.com
504466,Kavita Agarwal,54,HR,Unknown,108804.81,16.3,On Leave,Bachelors,16-12-2016,3.1,kavita.agarwal4466@company.com
501269,Nikhil Agarwal,38,Marketing,Lucknow,53458.23,0.4,On Leave,Masters,17-03-2020,1.2,nikhil.agarwal1269@company.com
504177,Rahul Bose,21,Sales,Chennai,58992.55,22.9,On Leave,PhD,27-08-2018,6.3,rahul.bose4177@company.com
501257,Sanjay Yadav,30,HR,Delhi,49920.51,14.9,Unknown,Bachelors,05-06-2016,5.5,sanjay.yadav1257@company.com
500490,Isha Trivedi,32,Support,Ahmedabad,107430.28,18.5,On Leave,Diploma,23-05-2016,5.5,isha.trivedi490@company.com
501308,Anjali Chauhan,23,Finance,Chennai,55527.93,27.7,Inactive,Masters,04-10-2015,5.4,anjali.chauhan1308@company.com
504935,Ritu Choudhary,46,Sales,Unknown,144542.45,31.4,Inactive,Diploma,07-08-2025,6.9,ritu.choudhary4935@company.com
503928,Ritu Khanna,45,Logistics,Jaipur,49902.47,2.8,Active,Unknown,09-08-2025,3.7,ritu.khanna3928@company.com
502344,Isha Agarwal,33,Finance,Hyderabad,87076.42,13.9,Unknown,Bachelors,20-01-2025,4.8,isha.agarwal2344@company.com
502726,Deepak Thakur,39,Sales,Chennai,148440.78,18.3,On Leave,Bachelors,25-12-2017,3.7,deepak.thakur2726@company.com
503346,Manish Thakur,57,Support,Pune,20591.25,18,Active,PhD,21-06-2025,3.3,manish.thakur3346@company.com
502116,Shreya Yadav,40,Sales,Unknown,136615.3,16.8,Unknown,Masters,03-12-2019,1.9,shreya.yadav2116@company.com
502107,Vijay Rastogi,59,Finance,Bengaluru,20911.38,32.4,Inactive,Diploma,14-10-2019,5.2,vijay.rastogi2107@company.com
502318,Rahul Dixit,52,Sales,Unknown,22339.74,6.6,Unknown,PhD,27-08-2015,4.3,rahul.dixit2318@company.com
504309,Arjun Sinha,58,Finance,Kolkata,92625.66,30.4,Active,Masters,09-08-2020,8.9,arjun.sinha4309@company.com
500214,Arjun Bhatia,32,Unknown,Delhi,53757.54,28.4,Inactive,Masters,08-09-2017,8.9,arjun.bhatia214@company.com
504083,Sanjay Trivedi,31,Sales,Delhi,79113.87,8.8,Active,Diploma,25-07-2019,1.9,sanjay.trivedi4083@company.com
503194,Pooja Khanna,31,Operations,Unknown,145647.37,0.9,On Leave,Unknown,01-01-2025,7.8,pooja.khanna3194@company.com
503948,Sneha Bose,37,Marketing,Bengaluru,79247.11,3.8,Unknown,Bachelors,10-10-2021,8.4,sneha.bose3948@company.com
501262,Manish Agarwal,59,Marketing,Ahmedabad,84509.32,1,Active,Bachelors,13-03-2015,1.9,manish.agarwal1262@company.com
501478,Preeti Trivedi,48,Finance,Pune,69446.33,29.9,Inactive,Diploma,14-02-2025,7,preeti.trivedi1478@company.com
504205,Rohan Sinha,47,Support,Delhi,43994.47,27.8,Unknown,Unknown,08-03-2023,2.1,rohan.sinha4205@company.com
500081,Ashok Bose,30,Support,Unknown,21535.45,20.1,Unknown,Masters,18-01-2020,5.5,ashok.bose81@company.com
500847,Vijay Choudhary,34,Sales,Lucknow,124308.81,7.8,Active,Bachelors,01-07-2020,3.5,vijay.choudhary847@company.com
503131,Karan Ghosh,33,IT,Mumbai,89396.75,10.9,Inactive,Bachelors,19-06-2024,6.1,karan.ghosh3131@company.com
500601,Rahul Pandey,52,Finance,Lucknow,119372.87,0.6,Inactive,Diploma,04-03-2018,4.5,rahul.pandey601@company.com
503478,Ritu Goel,40,Operations,Chennai,90127.32,15.9,Inactive,Masters,10-04-2017,6.1,ritu.goel3478@company.com
503959,Isha Bhatia,32,Unknown,Mumbai,120651.24,21,Inactive,Masters,08-03-2023,1.3,isha.bhatia3959@company.com
504054,Priya Ghosh,56,Support,Hyderabad,79974.82,13.6,On Leave,Masters,02-07-2022,2.6,priya.ghosh4054@company.com
503026,Vijay Nanda,26,Marketing,Mumbai,92616.08,30.8,Inactive,Diploma,15-09-2016,8.9,vijay.nanda3026@company.com
503336,Meena Saxena,33,Marketing,Delhi,146012.36,10,On Leave,Masters,06-10-2023,6.1,meena.saxena3336@company.com
504127,Suresh Agarwal,59,HR,Lucknow,43938.86,22.7,Inactive,PhD,08-07-2016,7.8,suresh.agarwal4127@company.com
501023,Ashok Goel,23,Logistics,Unknown,25938.75,16.4,Inactive,Masters,07-05-2018,5,ashok.goel1023@company.com
504238,Priya Sinha,35,IT,Bengaluru,84509.32,6.2,On Leave,Bachelors,18-07-2022,6,priya.sinha4238@company.com
504149,Deepak Malik,50,Support,Chennai,137982.49,13.3,Inactive,Bachelors,24-04-2024,8.2,deepak.malik4149@company.com
501292,Deepak Agarwal,27,Unknown,Jaipur,99933.9,17.6,Unknown,Diploma,23-07-2019,5.5,deepak.agarwal1292@company.com
502449,Rohan Nanda,51,Marketing,Ahmedabad,84509.32,30.1,Unknown,Unknown,27-02-2021,7.6,rohan.nanda2449@company.com
503148,Simran Mishra,59,Sales,Ahmedabad,139841.52,20.6,Active,Masters,05-04-2019,3.6,simran.mishra3148@company.com
503365,Rajesh Khanna,44,Logistics,Unknown,77267.82,25.7,Inactive,PhD,06-04-2023,1.8,rajesh.khanna3365@company.com
501565,Divya Ghosh,34,Support,Lucknow,94349.21,0.5,Inactive,Masters,19-04-2025,6,divya.ghosh1565@company.com
504501,Meena Choudhary,22,Finance,Ahmedabad,84509.32,22,Active,Bachelors,18-05-2017,9.5,meena.choudhary4501@company.com
502985,Swati Yadav,45,Support,Bengaluru,80365.69,2.5,On Leave,Unknown,17-03-2015,8.8,swati.yadav2985@company.com
500411,Vikram Bansal,45,Finance,Delhi,77033.54,21.2,On Leave,Diploma,18-12-2018,5.5,vikram.bansal411@company.com
502887,Deepak Chauhan,57,IT,Unknown,99585.5,21.5,Active,Masters,08-01-2025,10,deepak.chauhan2887@company.com
504606,  Neha Thakur  ,39,Unknown,Unknown,90412.93,15.7,Unknown,Diploma,26-11-2024,6.7,neha.thakur4606@company.com
500077,Kavita Bhatia,22,Unknown,Mumbai,25750.13,31.3,Active,Bachelors,08-11-2016,7.9,kavita.bhatia77@company.com
504765,Pooja Yadav,40,HR,Chennai,72414.47,10.6,Active,Bachelors,03-11-2017,5.5,pooja.yadav4765@company.com
502822,Divya Agarwal,40,Marketing,Bengaluru,50258.83,21,Inactive,Diploma,25-05-2021,8,divya.agarwal2822@company.com
504322,Arjun Bhatia,35,Support,Chennai,23028.83,32,On Leave,Diploma,20-02-2023,6.8,arjun.bhatia4322@company.com
500282,Amit Thakur,34,IT,Delhi,128631.94,19.2,On Leave,Masters,01-04-2019,5.5,amit.thakur282@company.com
502345,Deepak Saxena,31,HR,Chennai,87695.62,31.1,On Leave,Diploma,04-03-2025,1.8,deepak.saxena2345@company.com
503550,Manish Goel,34,Logistics,Mumbai,73092.78,17.6,Active,PhD,07-10-2016,5.5,manish.goel3550@company.com
504513,Ashok Bose,47,Sales,Bengaluru,48730.37,26.6,Inactive,PhD,22-05-2021,6.9,ashok.bose4513@company.com
500525,Sanjay Bose,36,Finance,Ahmedabad,132569.55,19.5,Inactive,Unknown,06-08-2025,6.3,sanjay.bose525@company.com
503151,Priya Agarwal,30,Finance,Chennai,124068.41,12.9,Unknown,Diploma,08-10-2020,7,priya.agarwal3151@company.com
503424,Deepak Rastogi,56,Marketing,Unknown,112815.73,26,On Leave,PhD,04-10-2016,2.9,deepak.rastogi3424@company.com
503444,Divya Malik,26,Marketing,Kolkata,89192.12,30,On Leave,Masters,13-01-2017,3,divya.malik3444@company.com
500487,Isha Pandey,21,Operations,Unknown,65481.65,30.9,On Leave,Unknown,07-05-2016,6.4,isha.pandey487@company.com
502128,Vikram Pandey,40,Marketing,Pune,108012.33,27.8,Inactive,Diploma,25-01-2019,7.7,vikram.pandey2128@company.com
501868,Swati Dixit,30,Logistics,Chennai,101846.77,33.6,Active,Unknown,20-09-2021,1.1,swati.dixit1868@company.com
501608,Rajesh Choudhary,39,Marketing,Mumbai,29857.85,13.6,Inactive,Unknown,10-08-2015,7.7,rajesh.choudhary1608@company.com
500512,Preeti Dixit,38,Sales,Chennai,108134.01,24.7,Unknown,Masters,15-08-2018,6.6,preeti.dixit512@company.com
500934,Rohan Choudhary,54,Operations,Mumbai,71811.87,7.3,Active,Diploma,27-01-2021,2,rohan.choudhary934@company.com
504128,Ashok Saxena,35,Support,Unknown,103278.82,19.4,Inactive,Bachelors,10-04-2022,2.4,ashok.saxena4128@company.com
503532,Amit Ghosh,28,Sales,Delhi,113418.58,9.4,On Leave,Unknown,11-05-2022,5.1,Not Provided
500863,Preeti Khanna,58,IT,Delhi,23128.81,21.4,Inactive,Bachelors,12-06-2016,6.2,preeti.khanna863@company.com
500322,Deepak Pandey,43,IT,Lucknow,88735.93,29.1,On Leave,Bachelors,07-03-2020,3,deepak.pandey322@company.com
502591,Isha Thakur,23,Marketing,Hyderabad,122621.85,13,Active,Diploma,06-10-2023,4.4,isha.thakur2591@company.com
504448,Deepak Agarwal,56,IT,Mumbai,31530.69,23.8,Active,Masters,16-09-2020,7.1,deepak.agarwal4448@company.com
503247,Kavita Yadav,47,Logistics,Bengaluru,28988.76,1.6,Active,Unknown,17-08-2023,5.5,kavita.yadav3247@company.com
500889,Divya Sinha,49,Operations,Delhi,35706.17,6.3,Unknown,Bachelors,22-08-2021,5.4,divya.sinha889@company.com
501838,Manish Bansal,36,Finance,Chennai,139084.84,31,On Leave,PhD,02-10-2024,8.1,manish.bansal1838@company.com
500991,Meena Khanna,40,Sales,Chennai,84509.32,24.4,Inactive,Diploma,04-09-2020,5.5,meena.khanna991@company.com
501640,Kavita Malik,32,Operations,Delhi,32461.51,17.2,Inactive,Bachelors,26-10-2017,5.5,kavita.malik1640@company.com
504098,Simran Khanna,39,IT,Hyderabad,145580.09,10.7,Unknown,Unknown,25-11-2015,9.5,simran.khanna4098@company.com
504301,Swati Saxena,52,Marketing,Delhi,148790.52,27,Active,Masters,22-01-2016,5.5,swati.saxena4301@company.com
502971,Nikhil Malik,40,Unknown,Bengaluru,90995.3,33.3,Unknown,Masters,15-02-2019,1.9,nikhil.malik2971@company.com
500352,Rohan Saxena,32,IT,Chennai,59308.19,5.3,Unknown,PhD,16-10-2016,9.8,rohan.saxena352@company.com
500870,Preeti Malik,21,IT,Ahmedabad,23957.24,18.4,Inactive,Masters,23-06-2023,5.5,preeti.malik870@company.com
501242,Isha Rastogi,40,Sales,Delhi,95022.96,4.5,On Leave,Unknown,14-07-2023,4.9,isha.rastogi1242@company.com
502266,Gaurav Rastogi,49,Operations,Delhi,59362.08,17.6,Inactive,Bachelors,07-02-2023,3.8,gaurav.rastogi2266@company.com
503557,Ashok Bhatia,27,Unknown,Jaipur,61888.36,7.5,On Leave,PhD,14-02-2017,5.9,ashok.bhatia3557@company.com
501702,Deepak Pandey,40,Logistics,Chennai,84296.86,34.9,Active,Unknown,09-12-2025,7.3,deepak.pandey1702@company.com
502416,Vikram Thakur,55,Unknown,Bengaluru,147643.9,14.9,Inactive,Unknown,24-11-2025,4.8,vikram.thakur2416@company.com
504873,Sanjay Mishra,42,Sales,Delhi,79545.2,14,On Leave,Unknown,06-07-2016,2.6,sanjay.mishra4873@company.com
500516,Arjun Bose,55,HR,Mumbai,81744.14,12,Active,Masters,21-04-2017,1.1,arjun.bose516@company.com
500207,Neha Yadav,44,Support,Mumbai,20596.44,15.9,Inactive,PhD,01-12-2016,2.9,neha.yadav207@company.com
504890,Divya Saxena,40,Operations,Hyderabad,57241.82,32.8,Unknown,Masters,09-11-2020,5.5,divya.saxena4890@company.com
500272,Ashok Mishra,46,Marketing,Delhi,87093.99,30.4,Active,Unknown,12-08-2023,7.8,ashok.mishra272@company.com
503613,Ritu Choudhary,27,HR,Unknown,137434.89,17.6,Active,PhD,22-07-2019,8.6,ritu.choudhary3613@company.com
500609,Preeti Rastogi,45,Operations,Pune,91909.49,15.9,Inactive,Bachelors,26-03-2021,3.7,preeti.rastogi609@company.com
504841,Rajesh Khanna,23,Marketing,Mumbai,147166.93,17.6,Inactive,Unknown,17-09-2018,5.5,rajesh.khanna4841@company.com
503107,Sanjay Khanna,43,Finance,Lucknow,111230.22,3.8,Active,Bachelors,14-09-2016,8.4,sanjay.khanna3107@company.com
502261,Sneha Mishra,41,Marketing,Unknown,135594.33,17.6,Active,Diploma,22-12-2025,2.7,sneha.mishra2261@company.com
502126,Anjali Dixit,29,Sales,Delhi,100196.89,10.7,Inactive,Masters,06-04-2019,6.4,Not Provided
504733,Shreya Saxena,47,Sales,Mumbai,51758.35,9.6,On Leave,Diploma,14-06-2020,9.6,shreya.saxena4733@company.com
504171,Simran Chauhan,51,Unknown,Mumbai,87841.55,10.2,Inactive,Bachelors,21-12-2018,5.5,simran.chauhan4171@company.com
500233,Nikhil Thakur,59,IT,Unknown,33320.97,31.4,Inactive,Unknown,03-03-2016,3.1,nikhil.thakur233@company.com
501350,Sanjay Bose,57,Support,Delhi,113500.05,17.7,On Leave,Unknown,10-01-2017,6.1,sanjay.bose1350@company.com
503166,Rajesh Ghosh,40,Support,Unknown,40605.68,17.6,Inactive,Masters,24-07-2025,4.3,rajesh.ghosh3166@company.com
500469,Neha Trivedi,54,HR,Pune,37352.96,11.1,Active,Diploma,03-01-2020,6.2,neha.trivedi469@company.com
500292,Arjun Ghosh,54,Unknown,Hyderabad,97734.4,16.8,Inactive,Diploma,19-03-2024,9.2,arjun.ghosh292@company.com
503907,  Anjali Pandey  ,39,Unknown,Mumbai,71050.65,10.1,Active,Bachelors,18-04-2018,10,anjali.pandey3907@company.com
502604,Ashok Chauhan,35,Marketing,Bengaluru,102838.79,9.7,Inactive,Unknown,26-12-2015,2.7,ashok.chauhan2604@company.com
501328,Simran Chauhan,50,IT,Unknown,27022.18,13.9,Inactive,Masters,13-03-2022,9,simran.chauhan1328@company.com
502159,Vijay Mishra,25,HR,Mumbai,89429.41,1.8,Inactive,Unknown,11-03-2018,3.9,vijay.mishra2159@company.com
500083,Divya Dixit,42,Unknown,Hyderabad,64148.28,17.6,Unknown,Unknown,04-05-2019,2.8,divya.dixit83@company.com
500747,Isha Chauhan,40,IT,Delhi,62629.96,33.2,Unknown,Unknown,13-03-2025,9.6,isha.chauhan747@company.com
501166,Shreya Saxena,59,IT,Delhi,84509.32,33.8,Unknown,Masters,24-12-2023,1.7,shreya.saxena1166@company.com
503763,Pooja Yadav,30,Sales,Bengaluru,141650.57,11.8,Inactive,Masters,05-12-2021,5.5,pooja.yadav3763@company.com
501280,Anjali Sinha,40,Sales,Unknown,28160.86,33.7,On Leave,Diploma,08-02-2021,1.3,anjali.sinha1280@company.com
504967,Pooja Trivedi,33,Marketing,Delhi,21642.52,8,Unknown,Masters,15-06-2022,5,pooja.trivedi4967@company.com
501485,Rahul Nanda,43,Sales,Mumbai,144766.58,2.1,Unknown,Bachelors,09-11-2019,7.8,rahul.nanda1485@company.com
504814,Deepak Rastogi,25,HR,Kolkata,97480.77,17.2,Unknown,Bachelors,23-02-2017,5.5,deepak.rastogi4814@company.com
500254,Anjali Trivedi,30,HR,Mumbai,103045.2,30.5,Inactive,Bachelors,26-03-2016,7.6,anjali.trivedi254@company.com
500543,Suresh Pandey,50,Unknown,Bengaluru,42720.29,13.5,On Leave,Unknown,06-07-2025,2.2,suresh.pandey543@company.com
503116,Simran Choudhary,48,Sales,Kolkata,33377.74,5.4,Inactive,Unknown,23-03-2016,8.1,simran.choudhary3116@company.com
502482,Isha Choudhary,42,Unknown,Lucknow,84509.32,31.4,Unknown,Masters,11-01-2025,8,isha.choudhary2482@company.com
501153,Arjun Rastogi,25,HR,Chennai,51553.64,30.6,On Leave,Masters,20-07-2017,8,arjun.rastogi1153@company.com
503062,Vijay Ghosh,47,Unknown,Chennai,127117.61,5.7,Active,Masters,06-11-2017,4.7,vijay.ghosh3062@company.com
503683,Deepak Chauhan,31,Finance,Lucknow,109247.76,24.9,Unknown,Unknown,09-02-2022,2.4,deepak.chauhan3683@company.com
501506,  Swati Dixit  ,50,Unknown,Lucknow,84509.32,16.2,Active,Unknown,18-09-2019,1.8,swati.dixit1506@company.com
501921,Sanjay Pandey,43,HR,Kolkata,84760.54,8.3,Unknown,Unknown,19-09-2016,8.5,sanjay.pandey1921@company.com
502279,Gaurav Yadav,38,Unknown,Unknown,95157.6,32.5,Unknown,Unknown,11-06-2022,3.7,gaurav.yadav2279@company.com
503646,Meena Pandey,48,IT,Delhi,129415.41,18.8,Inactive,Bachelors,25-04-2017,9.5,meena.pandey3646@company.com
504323,Vijay Agarwal,51,IT,Unknown,84509.32,8.7,Active,Masters,06-08-2022,9.9,vijay.agarwal4323@company.com
503769,Gaurav Bansal,59,Sales,Lucknow,144017.76,17.6,On Leave,Bachelors,13-05-2015,6.4,gaurav.bansal3769@company.com
503718,Rajesh Saxena,25,Unknown,Bengaluru,43458.09,27.7,Active,Bachelors,07-10-2020,7.2,rajesh.saxena3718@company.com
500940,Priya Saxena,40,Logistics,Lucknow,100827.96,33.2,Inactive,Masters,13-03-2015,3.4,priya.saxena940@company.com
500138,Ritu Trivedi,48,Marketing,Jaipur,96222.8,16.5,On Leave,Unknown,05-04-2024,8.2,ritu.trivedi138@company.com
500575,Rajesh Dixit,30,Operations,Jaipur,35525.92,0.1,Inactive,Bachelors,01-10-2020,2.3,rajesh.dixit575@company.com
502922,Amit Dixit,43,Marketing,Chennai,129551.23,12.5,Active,Unknown,22-12-2018,3.1,amit.dixit2922@company.com
501911,Rajesh Goel,31,IT,Unknown,65856.39,15.2,On Leave,Masters,05-01-2021,9.3,rajesh.goel1911@company.com
503115,Neha Bansal,32,Sales,Unknown,132882.89,9.4,Active,Bachelors,07-09-2019,2.7,neha.bansal3115@company.com
503828,Pooja Bansal,49,Sales,Bengaluru,88023.56,7.2,Unknown,Bachelors,14-09-2021,1.6,pooja.bansal3828@company.com
500483,Vijay Agarwal,26,Support,Pune,85829.98,21.2,Unknown,Masters,06-10-2016,5.5,vijay.agarwal483@company.com
501689,Isha Dixit,57,HR,Unknown,123677.29,34.5,On Leave,Unknown,05-07-2021,9.4,isha.dixit1689@company.com
500579,Amit Mishra,27,Support,Delhi,44021.95,1.9,Inactive,Bachelors,04-02-2022,5.8,amit.mishra579@company.com
500084,Karan Sinha,32,HR,Jaipur,119171.76,10.1,Unknown,Diploma,23-02-2020,5.5,karan.sinha84@company.com
500759,Sneha Dixit,46,Unknown,Unknown,65666.73,27.1,Active,Masters,19-11-2022,1.6,sneha.dixit759@company.com
500755,Pooja Sinha,27,Unknown,Jaipur,61849.23,4.4,Unknown,Unknown,01-11-2017,4.2,pooja.sinha755@company.com
502546,Vijay Mishra,56,Marketing,Kolkata,64301.67,31.3,On Leave,Masters,09-09-2015,6.7,vijay.mishra2546@company.com
501887,Vijay Chauhan,22,Marketing,Unknown,67094.61,28.7,Inactive,Masters,11-01-2015,5.5,vijay.chauhan1887@company.com
500945,Rohan Sinha,36,Marketing,Unknown,109143.16,17.6,Active,Unknown,14-09-2023,6.2,rohan.sinha945@company.com
504382,Nikhil Sinha,43,Sales,Delhi,76373.18,19.3,Active,Masters,11-08-2020,5.6,nikhil.sinha4382@company.com
503212,Priya Bose,40,Unknown,Lucknow,45026.81,13.8,Inactive,Unknown,17-04-2021,9.5,priya.bose3212@company.com
502897,Deepak Bhatia,46,IT,Mumbai,119595.45,17.8,Unknown,Unknown,23-07-2024,4.7,deepak.bhatia2897@company.com
504361,Shreya Bose,47,Operations,Bengaluru,112025.4,7,Inactive,Bachelors,06-05-2017,6.4,shreya.bose4361@company.com
502623,Sneha Agarwal,40,HR,Lucknow,106549.92,30.4,Active,Bachelors,19-10-2023,8.3,sneha.agarwal2623@company.com
501524,Anjali Thakur,33,Logistics,Unknown,140069.26,30.5,On Leave,PhD,25-09-2021,9,anjali.thakur1524@company.com
504885,Shreya Thakur,43,Support,Delhi,35006.24,25.5,Inactive,Unknown,18-10-2023,5.3,shreya.thakur4885@company.com
501740,Preeti Choudhary,47,Finance,Bengaluru,27788.91,27.5,Active,Masters,12-01-2023,8.6,preeti.choudhary1740@company.com
500459,Ritu Trivedi,24,HR,Chennai,37945.82,18,Active,Unknown,06-12-2021,5.4,ritu.trivedi459@company.com
504637,Nisha Nanda,25,HR,Mumbai,86514.6,26.5,Active,Bachelors,15-07-2022,9.8,nisha.nanda4637@company.com
504993,Vijay Bansal,49,Finance,Ahmedabad,30451.39,5.2,Inactive,PhD,06-10-2017,4.5,vijay.bansal4993@company.com
501613,Rahul Ghosh,40,Operations,Chennai,84509.32,28.4,On Leave,Bachelors,01-09-2020,2.3,rahul.ghosh1613@company.com
503755,Rahul Goel,38,HR,Jaipur,144166.95,17.6,Inactive,Diploma,15-02-2017,2.5,rahul.goel3755@company.com
503721,Sanjay Dixit,32,Finance,Delhi,37987.91,11.8,Inactive,PhD,22-08-2017,2.4,sanjay.dixit3721@company.com
503458,Rahul Malik,36,Logistics,Delhi,87062.66,3.7,Active,Unknown,06-07-2023,5.5,rahul.malik3458@company.com
501383,Deepak Sinha,32,IT,Bengaluru,43700.97,19,Inactive,Diploma,12-10-2024,9.9,deepak.sinha1383@company.com
503668,Rahul Ghosh,51,IT,Mumbai,90071.87,19.8,Active,Bachelors,23-02-2025,5,rahul.ghosh3668@company.com
501343,Suresh Nanda,28,Support,Mumbai,27909.15,14.5,Inactive,Masters,13-12-2019,5.8,suresh.nanda1343@company.com
504561,Pooja Khanna,24,Marketing,Lucknow,94366.73,16.9,Unknown,Unknown,16-01-2018,9.2,pooja.khanna4561@company.com
501507,Deepak Ghosh,42,IT,Mumbai,31324.72,28.2,Active,Diploma,23-01-2016,1.6,deepak.ghosh1507@company.com
504838,Vikram Bose,32,Sales,Jaipur,137835.08,18.7,Inactive,Masters,14-10-2016,1.6,vikram.bose4838@company.com
501945,Swati Bansal,44,Marketing,Mumbai,48641.12,18,Inactive,Diploma,21-03-2021,9.7,swati.bansal1945@company.com
501380,Meena Goel,51,Marketing,Jaipur,108415.1,28.4,Unknown,Masters,07-06-2023,8.9,meena.goel1380@company.com
502762,Amit Goel,43,IT,Mumbai,91654.84,17.6,Inactive,Unknown,19-07-2015,5.9,amit.goel2762@company.com
501387,Simran Bose,43,IT,Delhi,98843.92,31.4,On Leave,Masters,14-11-2019,4.3,simran.bose1387@company.com
504519,Sneha Mishra,39,Unknown,Delhi,104335.84,28.8,Unknown,Unknown,10-07-2021,5.2,sneha.mishra4519@company.com
501374,Karan Yadav,33,Sales,Ahmedabad,90458.8,17.6,Inactive,Unknown,05-04-2022,1.5,karan.yadav1374@company.com
500974,Kavita Trivedi,23,Logistics,Hyderabad,66460.95,9.9,Inactive,Bachelors,23-12-2019,5.5,kavita.trivedi974@company.com
501783,Deepak Malik,28,Finance,Chennai,46659.14,27.9,Active,Masters,07-06-2024,2.5,deepak.malik1783@company.com
503705,Amit Nanda,25,Finance,Delhi,94373.91,22.8,Inactive,Unknown,19-10-2017,4.9,amit.nanda3705@company.com
504837,Simran Dixit,37,Marketing,Lucknow,114792.22,32.1,Inactive,Unknown,04-02-2017,7.5,simran.dixit4837@company.com
500451,Arjun Ghosh,41,Support,Unknown,85243.19,6.9,Active,Bachelors,04-04-2020,8.5,arjun.ghosh451@company.com
504293,Deepak Choudhary,37,IT,Unknown,27927.17,3.3,On Leave,Masters,20-02-2022,5.5,deepak.choudhary4293@company.com
500938,Ritu Sinha,22,Unknown,Chennai,96419.02,31.1,Active,PhD,10-05-2023,8.2,ritu.sinha938@company.com
502612,Sanjay Rastogi,33,Operations,Unknown,122656.86,8.9,Active,Masters,06-11-2017,7.8,sanjay.rastogi2612@company.com
500949,Sanjay Trivedi,52,Support,Mumbai,84509.32,18.3,Active,Diploma,18-10-2020,3.8,sanjay.trivedi949@company.com
500006,Arjun Chauhan,21,Operations,Bengaluru,132462.98,29.1,Active,Bachelors,25-12-2018,4,arjun.chauhan6@company.com
500417,Deepak Rastogi,53,Sales,Kolkata,74976.07,24.7,Unknown,Unknown,27-06-2021,8.2,deepak.rastogi417@company.com
504388,Ritu Yadav,59,Marketing,Delhi,95751.74,17.6,Unknown,Unknown,01-05-2017,2.5,ritu.yadav4388@company.com
501731,Manish Khanna,32,Marketing,Chennai,141004.39,33.1,On Leave,Unknown,06-04-2019,7.6,manish.khanna1731@company.com
501999,Swati Saxena,23,Logistics,Jaipur,97362.18,23.9,Inactive,Unknown,04-10-2024,5.5,swati.saxena1999@company.com
501910,Vijay Khanna,24,Unknown,Chennai,133640.29,12.9,Unknown,Bachelors,24-01-2025,6.5,vijay.khanna1910@company.com
500655,Pooja Choudhary,40,Operations,Bengaluru,100629.81,23.3,Active,Diploma,17-01-2024,8.6,pooja.choudhary655@company.com
502203,Nisha Bansal,59,IT,Unknown,104893.2,20.7,On Leave,Bachelors,21-03-2017,9.8,nisha.bansal2203@company.com
500117,Preeti Sinha,46,Finance,Lucknow,133807.28,25.3,Active,Bachelors,24-03-2015,8.4,preeti.sinha117@company.com
504704,Kavita Saxena,57,Operations,Bengaluru,53768.11,18.2,Active,Bachelors,03-12-2021,5.5,kavita.saxena4704@company.com
500339,Swati Chauhan,51,Sales,Delhi,22703.73,17.6,Active,Bachelors,10-10-2015,9.7,swati.chauhan339@company.com
504740,Manish Pandey,35,Support,Chennai,54192.05,31,Inactive,PhD,26-05-2018,6.8,manish.pandey4740@company.com
503321,Sanjay Agarwal,30,Operations,Chennai,116325.48,11.1,On Leave,Diploma,27-02-2017,5.5,sanjay.agarwal3321@company.com
500016,Deepak Ghosh,35,Unknown,Mumbai,69132.45,0.5,Inactive,Bachelors,14-02-2023,4.1,deepak.ghosh16@company.com
500597,Sneha Khanna,43,Marketing,Kolkata,84509.32,4.7,Unknown,Unknown,10-03-2019,4.8,sneha.khanna597@company.com
500270,Priya Pandey,45,Unknown,Mumbai,84509.32,32.7,Active,Diploma,19-10-2015,5.3,priya.pandey270@company.com
501651,Meena Bansal,40,Operations,Lucknow,70843.59,28.2,Unknown,Masters,21-05-2015,5.5,meena.bansal1651@company.com
501222,Sanjay Ghosh,41,Sales,Kolkata,105848.21,18.5,Active,Bachelors,18-05-2020,3.3,sanjay.ghosh1222@company.com
502567,Rajesh Malik,53,IT,Pune,34434.94,27.4,On Leave,Bachelors,06-04-2019,8.5,rajesh.malik2567@company.com
504545,Vijay Khanna,56,Logistics,Jaipur,111710.41,29.2,Active,Bachelors,05-10-2015,7.2,vijay.khanna4545@company.com
502052,Isha Choudhary,35,Marketing,Delhi,138708.32,5.6,Active,Diploma,04-10-2015,7.7,isha.choudhary2052@company.com
502359,Isha Goel,24,Operations,Delhi,149456.37,16.9,Active,PhD,22-04-2024,9.1,isha.goel2359@company.com
502164,Swati Choudhary,46,Marketing,Delhi,63520.26,25.8,Unknown,Unknown,23-08-2019,5.6,swati.choudhary2164@company.com
503371,Vijay Chauhan,26,IT,Hyderabad,126474.63,17.6,Inactive,PhD,09-12-2024,8.5,vijay.chauhan3371@company.com
502696,Sneha Chauhan,47,Sales,Mumbai,107586.24,22,Inactive,Bachelors,26-12-2020,4,sneha.chauhan2696@company.com
502743,Divya Bose,44,Sales,Hyderabad,145146.12,0.2,Active,Bachelors,19-08-2019,3.7,divya.bose2743@company.com
501362,Swati Khanna,44,Logistics,Ahmedabad,104907.44,5.6,Unknown,PhD,08-04-2017,7.1,swati.khanna1362@company.com
501980,Arjun Yadav,40,Sales,Mumbai,47568.98,4.7,Inactive,Masters,21-03-2017,5.5,arjun.yadav1980@company.com
504074,Karan Pandey,34,Finance,Mumbai,115946.92,23.7,Unknown,Unknown,22-07-2022,7,karan.pandey4074@company.com
500675,Amit Yadav,29,Support,Delhi,87079.55,29.3,Inactive,Unknown,21-03-2025,3.3,amit.yadav675@company.com
504160,Manish Ghosh,34,IT,Pune,132590.69,18.6,Active,Unknown,15-04-2020,7.7,manish.ghosh4160@company.com
503066,Priya Choudhary,36,Unknown,Pune,74345.29,18.6,Inactive,PhD,12-04-2023,4.2,priya.choudhary3066@company.com
502110,Divya Bansal,29,Support,Bengaluru,117160.23,31.3,On Leave,Diploma,09-04-2017,6.4,divya.bansal2110@company.com
504887,Sanjay Ghosh,29,HR,Kolkata,112475.37,17.6,Inactive,PhD,12-06-2018,3.2,sanjay.ghosh4887@company.com
504447,Anjali Goel,25,Operations,Pune,140186.69,30,Active,Unknown,15-05-2021,2.9,anjali.goel4447@company.com
504774,Rajesh Bhatia,45,Logistics,Bengaluru,117645.52,5.8,Inactive,Bachelors,17-07-2025,6.8,rajesh.bhatia4774@company.com
501733,Sanjay Bansal,58,Marketing,Unknown,69359.34,19,Inactive,Diploma,25-03-2023,10,sanjay.bansal1733@company.com
501709,Preeti Sinha,42,Marketing,Unknown,44977.45,19.9,Active,Masters,03-04-2022,3.9,preeti.sinha1709@company.com
501205,Sneha Bansal,46,Marketing,Jaipur,130011.84,11.3,Inactive,Bachelors,15-02-2024,5.1,sneha.bansal1205@company.com
501649,Shreya Saxena,57,Unknown,Chennai,76490.28,34.7,Active,Unknown,15-08-2019,5.3,shreya.saxena1649@company.com
503791,Manish Bansal,56,IT,Delhi,88485.65,26.3,Active,Masters,07-05-2022,5.2,manish.bansal3791@company.com
502811,Pooja Malik,33,IT,Unknown,29087.2,10.5,Inactive,Bachelors,11-11-2020,4.2,pooja.malik2811@company.com
500391,Preeti Agarwal,31,Marketing,Delhi,79882.03,31.3,Inactive,Unknown,04-02-2019,6.6,preeti.agarwal391@company.com
503216,Isha Bhatia,26,Unknown,Hyderabad,89183.14,17.6,On Leave,Unknown,17-09-2024,9.2,isha.bhatia3216@company.com
500758,Rohan Bansal,55,Marketing,Chennai,84509.32,29.7,Active,Unknown,22-07-2024,1.1,rohan.bansal758@company.com
503318,Preeti Rastogi,45,Operations,Kolkata,65243.8,17.6,Inactive,PhD,20-03-2016,5.5,preeti.rastogi3318@company.com
503845,Nisha Nanda,58,IT,Delhi,26021.33,12.9,Unknown,Masters,20-08-2019,1.8,nisha.nanda3845@company.com
500438,Priya Yadav,34,Marketing,Mumbai,74139.51,25.3,Inactive,Unknown,15-07-2017,3,priya.yadav438@company.com
501670,Anjali Bose,26,HR,Unknown,82262.05,33.4,Inactive,Bachelors,24-02-2015,2.6,anjali.bose1670@company.com
502778,Nisha Dixit,23,Support,Bengaluru,141056.27,29.1,On Leave,Masters,07-03-2017,5.5,nisha.dixit2778@company.com
504888,Gaurav Choudhary,44,Operations,Chennai,100978.7,25,Unknown,Unknown,24-08-2019,3.3,gaurav.choudhary4888@company.com
501148,Divya Chauhan,32,Unknown,Bengaluru,132077.83,2.7,Inactive,Bachelors,20-05-2020,8.7,divya.chauhan1148@company.com
500102,Amit Mishra,40,Logistics,Delhi,120755.12,23.2,Inactive,Unknown,16-11-2021,6.4,Not Provided
502700,Preeti Nanda,32,Marketing,Kolkata,21747.7,16.1,Unknown,Masters,03-07-2025,2.2,preeti.nanda2700@company.com
502398,Nisha Choudhary,47,Support,Delhi,84509.32,1.6,Inactive,Masters,17-07-2016,6.4,nisha.choudhary2398@company.com
501184,Manish Goel,21,Marketing,Hyderabad,104403.03,17.7,On Leave,Masters,11-05-2017,2,manish.goel1184@company.com
503161,Ritu Saxena,44,Sales,Lucknow,125115.21,16.1,Active,Bachelors,12-12-2022,7.8,ritu.saxena3161@company.com
500633,Nikhil Trivedi,29,Support,Jaipur,53764.86,27.3,Inactive,Bachelors,09-05-2024,1.9,nikhil.trivedi633@company.com
500337,Rahul Nanda,47,HR,Unknown,62701.76,9.4,Inactive,Bachelors,13-09-2015,9.9,rahul.nanda337@company.com
500250,Sanjay Trivedi,59,IT,Pune,84509.32,19.1,Unknown,Bachelors,21-05-2024,5.8,sanjay.trivedi250@company.com
503701,Neha Dixit,56,Marketing,Mumbai,39682.72,32.8,Inactive,PhD,10-10-2018,5.5,neha.dixit3701@company.com
503359,Rohan Nanda,52,IT,Unknown,77070.87,1,Active,Bachelors,14-06-2021,9.4,rohan.nanda3359@company.com
500330,Vikram Saxena,24,Sales,Chennai,82512.75,33,Inactive,Unknown,17-08-2016,1.3,vikram.saxena330@company.com
504123,Sneha Pandey,36,Unknown,Chennai,101130.97,2.2,Unknown,Bachelors,26-08-2023,6.5,sneha.pandey4123@company.com
501797,Nisha Bansal,21,Unknown,Unknown,117400.84,9.4,Unknown,Bachelors,13-07-2025,7.9,nisha.bansal1797@company.com
504716,Nikhil Malik,52,Sales,Jaipur,41150.2,34.6,Inactive,Bachelors,08-10-2015,9.3,nikhil.malik4716@company.com
500930,Nisha Yadav,29,Operations,Chennai,55203.64,21.2,Inactive,Masters,23-06-2021,5.4,nisha.yadav930@company.com
500355,Vikram Choudhary,40,Marketing,Bengaluru,110379.38,2.1,Active,Bachelors,20-07-2016,6,vikram.choudhary355@company.com
501080,Vikram Agarwal,30,Finance,Unknown,146998.51,8.3,Inactive,Unknown,26-01-2024,6,vikram.agarwal1080@company.com
501641,Kavita Sinha,36,IT,Unknown,114046.66,30,Active,Bachelors,04-11-2017,9.5,kavita.sinha1641@company.com
500000,Anjali Goel,47,Finance,Mumbai,84509.32,33.5,Inactive,Unknown,13-09-2021,8.1,anjali.goel2161@company.com
503990,Nikhil Bansal,27,Sales,Delhi,30825.75,13.6,Active,Unknown,11-12-2025,3.9,nikhil.bansal3990@company.com
501347,Swati Pandey,34,Marketing,Pune,50335.65,2.4,On Leave,Bachelors,06-10-2020,6.8,swati.pandey1347@company.com
500436,Vijay Yadav,44,HR,Ahmedabad,149348.6,17.7,Unknown,Unknown,12-06-2022,9.9,vijay.yadav436@company.com
500255,  Deepak Malik  ,28,HR,Unknown,51897.06,15.4,Inactive,Bachelors,21-07-2021,3.3,deepak.malik255@company.com
500236,  Sanjay Yadav  ,29,Finance,Jaipur,48869.06,3.1,Unknown,Bachelors,04-09-2019,2.8,Not Provided
504611,Swati Thakur,25,HR,Jaipur,109237.73,20.2,Unknown,PhD,27-12-2016,5.8,swati.thakur4611@company.com
503243,Nikhil Choudhary,30,Finance,Bengaluru,81439.67,12.3,Inactive,Masters,15-01-2021,6.4,nikhil.choudhary3243@company.com
501757,Rohan Bose,43,Unknown,Unknown,32976.32,25.5,Unknown,Masters,23-02-2017,5.5,rohan.bose1757@company.com
502080,Divya Agarwal,43,HR,Mumbai,60480.35,33.2,Unknown,Unknown,04-08-2023,2.4,divya.agarwal2080@company.com
503249,Preeti Choudhary,24,IT,Chennai,81676.63,34.3,Active,Masters,26-06-2021,2.5,preeti.choudhary3249@company.com
503037,Amit Dixit,34,Support,Delhi,45301.23,14.1,Inactive,Masters,04-12-2023,8.3,amit.dixit3037@company.com
503383,Rohan Mishra,57,Logistics,Delhi,118074.84,28.6,On Leave,PhD,18-07-2021,5.7,rohan.mishra3383@company.com
501869,Isha Agarwal,52,Support,Delhi,100015.51,2.9,On Leave,Bachelors,19-01-2021,5.5,isha.agarwal1869@company.com
501815,Nikhil Rastogi,51,Marketing,Pune,149349.18,6.3,Active,Masters,20-06-2015,9.7,nikhil.rastogi1815@company.com
503538,Priya Khanna,22,Logistics,Bengaluru,128113.92,24.4,Inactive,Bachelors,21-04-2019,3.4,priya.khanna3538@company.com
504305,Amit Chauhan,42,Marketing,Jaipur,86942.87,1.5,Inactive,Diploma,13-01-2016,6.8,amit.chauhan4305@company.com
504650,Simran Goel,27,Marketing,Unknown,21676.99,32.4,Active,Diploma,22-12-2017,5.8,simran.goel4650@company.com
503416,Ritu Ghosh,49,Marketing,Unknown,116335.77,31.4,Unknown,Diploma,05-01-2022,3.4,ritu.ghosh3416@company.com
500781,Ashok Sinha,40,HR,Unknown,73387.66,9.8,Inactive,Unknown,27-08-2018,2,ashok.sinha781@company.com
504677,Rahul Ghosh,47,Marketing,Chennai,58598.8,14.6,Unknown,PhD,12-10-2020,8.8,rahul.ghosh4677@company.com
501744,Pooja Bose,53,Sales,Bengaluru,34782.02,18.7,Inactive,Bachelors,20-06-2019,7.7,pooja.bose1744@company.com
503505,Rahul Mishra,54,IT,Chennai,60975.91,6,Inactive,Bachelors,10-02-2016,6.5,rahul.mishra3505@company.com
503012,Nisha Ghosh,57,HR,Unknown,107918.84,10.6,Unknown,Bachelors,20-03-2016,5,nisha.ghosh3012@company.com
503582,Rajesh Nanda,39,Marketing,Unknown,99385.69,30.3,Active,Unknown,23-07-2015,4.2,rajesh.nanda3582@company.com
504057,Meena Thakur,56,IT,Hyderabad,75338.52,1.7,Active,Bachelors,02-06-2018,3.4,meena.thakur4057@company.com
504676,Ashok Agarwal,51,Finance,Jaipur,128268.36,33.5,Active,Unknown,11-07-2025,5.7,ashok.agarwal4676@company.com
500867,Preeti Pandey,29,Marketing,Unknown,99420.89,10.5,Active,Masters,16-12-2023,5.2,preeti.pandey867@company.com
501639,Nikhil Saxena,22,HR,Mumbai,42355.77,9.5,Unknown,Unknown,26-04-2015,5.5,nikhil.saxena1639@company.com
504169,Rajesh Bose,50,IT,Kolkata,42226.68,8.6,Inactive,PhD,07-07-2018,2.1,rajesh.bose4169@company.com
502175,Vikram Thakur,40,Sales,Chennai,25158.65,30.8,On Leave,Unknown,27-05-2025,8.7,vikram.thakur2175@company.com
501576,Neha Dixit,56,Support,Chennai,115293.97,13.5,Active,Bachelors,20-12-2020,9.4,neha.dixit1576@company.com
501795,Simran Malik,50,Unknown,Unknown,47061.18,8.9,Inactive,Bachelors,07-01-2021,7.8,simran.malik1795@company.com
502121,Meena Agarwal,53,Unknown,Bengaluru,122290.83,24.8,Active,Diploma,16-03-2021,7.6,meena.agarwal2121@company.com
502153,Sneha Yadav,25,Marketing,Chennai,65513.88,12,Inactive,Diploma,16-10-2019,4.6,sneha.yadav2153@company.com
502899,Vijay Thakur,24,Operations,Pune,84509.32,26.8,On Leave,Bachelors,21-02-2018,2.4,vijay.thakur2899@company.com
503552,Simran Bhatia,27,Sales,Unknown,130581.38,17.6,Inactive,Bachelors,14-05-2015,9.9,simran.bhatia3552@company.com
504656,Simran Khanna,52,Unknown,Delhi,132070.47,20.6,Inactive,Unknown,13-11-2019,5.1,simran.khanna4656@company.com
501596,Swati Agarwal,38,IT,Bengaluru,73064.73,6,Active,Unknown,22-01-2022,7.4,swati.agarwal1596@company.com
501585,Nikhil Agarwal,35,Support,Chennai,103886.72,9.3,Inactive,Masters,15-02-2022,4.2,nikhil.agarwal1585@company.com
500528,Sanjay Bhatia,59,Operations,Bengaluru,84509.32,17.6,Inactive,PhD,24-04-2022,5.7,sanjay.bhatia528@company.com
501099,Anjali Agarwal,30,Support,Bengaluru,85490.29,15.4,Unknown,Masters,05-12-2023,6.8,anjali.agarwal1099@company.com
503957,Neha Mishra,49,IT,Unknown,46124.61,32,On Leave,Diploma,25-06-2019,4.9,neha.mishra3957@company.com
503134,Deepak Bansal,40,Finance,Mumbai,101755.72,28.7,Inactive,Masters,01-10-2020,7.5,deepak.bansal3134@company.com
503975,Nisha Nanda,38,Unknown,Pune,124193.16,22.9,Active,Bachelors,25-09-2015,2.1,Not Provided
500368,Priya Saxena,55,Unknown,Unknown,60703.93,19.2,On Leave,Unknown,04-01-2025,3.9,priya.saxena368@company.com
501786,Shreya Agarwal,57,IT,Ahmedabad,110807.11,34.4,Unknown,Unknown,07-06-2020,1,shreya.agarwal1786@company.com
504671,Simran Thakur,26,Logistics,Pune,137199.46,33.7,Inactive,PhD,27-01-2020,7.2,simran.thakur4671@company.com
500404,Nisha Rastogi,31,Marketing,Lucknow,144983.24,14.4,Active,PhD,11-10-2017,6.8,nisha.rastogi404@company.com
504424,Shreya Sinha,44,Finance,Unknown,27761.52,17,On Leave,Unknown,01-05-2016,7,shreya.sinha4424@company.com
502250,Anjali Goel,50,Sales,Unknown,132986.12,30.6,On Leave,Unknown,18-04-2024,5.5,anjali.goel2250@company.com
502989,Shreya Bhatia,32,Sales,Chennai,87554.29,26.3,Inactive,Masters,07-10-2020,9.2,shreya.bhatia2989@company.com
501691,Anjali Bansal,27,Marketing,Lucknow,125324.31,17.3,Inactive,Masters,17-09-2019,8.2,anjali.bansal1691@company.com
502323,Nikhil Khanna,52,Finance,Unknown,74096.16,7.7,Inactive,Bachelors,01-08-2023,2.1,nikhil.khanna2323@company.com
501140,Preeti Malik,44,Finance,Delhi,91881.34,32.6,Inactive,Bachelors,17-04-2025,5.2,preeti.malik1140@company.com
504107,Sanjay Thakur,56,Sales,Bengaluru,84509.32,17.6,Active,PhD,23-01-2021,3.5,sanjay.thakur4107@company.com
503284,Ritu Trivedi,41,IT,Bengaluru,47567.96,27.5,Active,Masters,19-10-2018,3.6,ritu.trivedi3284@company.com
501808,Vikram Choudhary,23,Support,Unknown,124455.17,33.1,Inactive,Masters,23-02-2025,4.1,vikram.choudhary1808@company.com
504106,Rahul Bansal,43,Marketing,Bengaluru,139615.82,7.6,Inactive,Unknown,04-11-2020,5.6,rahul.bansal4106@company.com
502466,Divya Saxena,55,Logistics,Bengaluru,72965.21,35,Unknown,Unknown,17-12-2024,6.4,divya.saxena2466@company.com
502972,Simran Chauhan,49,IT,Mumbai,31202.69,21.9,On Leave,PhD,04-07-2017,3.5,simran.chauhan2972@company.com
501194,Karan Sinha,34,Operations,Bengaluru,84509.32,31.7,Inactive,Unknown,02-04-2017,4.7,karan.sinha1194@company.com
501332,Kavita Agarwal,21,Logistics,Unknown,69895.33,29.3,Unknown,PhD,16-12-2022,5.5,kavita.agarwal1332@company.com
502048,Rajesh Khanna,49,IT,Unknown,72936.36,19.7,On Leave,Masters,07-07-2019,9,rajesh.khanna2048@company.com
501723,Pooja Saxena,58,Sales,Bengaluru,84509.32,27,Inactive,Bachelors,27-03-2020,3.3,pooja.saxena1723@company.com
503501,Kavita Bhatia,33,Unknown,Ahmedabad,28449.75,5.9,Active,Bachelors,14-06-2023,4.4,kavita.bhatia3501@company.com
502317,Manish Malik,35,Logistics,Ahmedabad,49855.31,19.8,Active,Diploma,07-02-2017,4.5,manish.malik2317@company.com
503546,Rahul Agarwal,59,Marketing,Chennai,133214.66,11.1,Inactive,Bachelors,27-11-2018,5.5,rahul.agarwal3546@company.com
501816,Meena Malik,31,Logistics,Chennai,73722.56,13.6,Inactive,PhD,11-03-2020,5.5,meena.malik1816@company.com
503396,Nikhil Goel,57,Marketing,Mumbai,116724.88,3.5,Inactive,Masters,21-11-2022,5.5,nikhil.goel3396@company.com
502709,Isha Choudhary,22,Marketing,Jaipur,125198.24,8,Active,Diploma,14-03-2019,9.1,isha.choudhary2709@company.com
501870,Karan Thakur,52,Logistics,Chennai,26058,3.1,Inactive,Unknown,02-05-2019,5.7,karan.thakur1870@company.com
504732,Isha Pandey,25,Unknown,Bengaluru,136105.24,10.6,Active,Unknown,03-08-2015,2.5,isha.pandey4732@company.com
500617,Vikram Nanda,57,Support,Unknown,59795.73,25.8,On Leave,Masters,11-05-2019,5.2,vikram.nanda617@company.com
503837,Meena Agarwal,36,Support,Chennai,137351.21,11.4,Active,Bachelors,20-08-2020,3.5,meena.agarwal3837@company.com
502304,Nisha Chauhan,31,IT,Ahmedabad,30350.53,13.6,Inactive,PhD,06-09-2018,9.7,nisha.chauhan2304@company.com
501429,Rohan Bose,53,Unknown,Unknown,36217.41,32.6,Inactive,Bachelors,06-06-2021,5.9,rohan.bose1429@company.com
501979,Isha Goel,32,Finance,Kolkata,115356.47,6.2,Inactive,Unknown,21-10-2021,7.4,isha.goel1979@company.com
502158,Vijay Bansal,26,Operations,Bengaluru,57876.05,8.7,Inactive,Unknown,16-11-2016,8.9,vijay.bansal2158@company.com
502867,Deepak Pandey,38,Logistics,Bengaluru,104581.59,24.9,Inactive,Masters,07-10-2019,4.9,deepak.pandey2867@company.com
503402,Anjali Chauhan,24,Support,Ahmedabad,20800.19,11.5,Unknown,Diploma,19-07-2020,5.5,anjali.chauhan3402@company.com
500078,Deepak Rastogi,49,Sales,Unknown,84509.32,2.6,Active,Masters,20-09-2019,7.8,deepak.rastogi78@company.com
503379,Rahul Ghosh,30,Operations,Unknown,117257.31,32.5,On Leave,PhD,01-12-2022,4.1,rahul.ghosh3379@company.com
504690,Divya Bhatia,33,Finance,Pune,119953.65,28.8,Unknown,Masters,17-04-2024,4.3,divya.bhatia4690@company.com
502122,Vikram Khanna,35,Finance,Ahmedabad,23437.36,3.6,Inactive,Masters,02-03-2022,6.1,vikram.khanna2122@company.com
504711,Suresh Saxena,42,IT,Chennai,74615.91,3.6,Active,Diploma,23-07-2021,8.4,suresh.saxena4711@company.com
504856,Nisha Goel,25,HR,Unknown,83539.89,13.8,Inactive,Masters,19-02-2019,4.8,nisha.goel4856@company.com
501578,Rajesh Ghosh,36,Logistics,Pune,94417.52,2.8,On Leave,Unknown,15-01-2017,9.3,rajesh.ghosh1578@company.com
504463,Divya Pandey,40,Operations,Mumbai,147033.11,34.6,Unknown,Bachelors,25-03-2023,5.6,divya.pandey4463@company.com
504622,Gaurav Bhatia,46,IT,Chennai,84509.32,32.9,On Leave,Masters,10-10-2016,4.1,gaurav.bhatia4622@company.com
502574,Rohan Malik,57,Support,Chennai,84509.32,15.8,Inactive,PhD,13-08-2017,8.4,rohan.malik2574@company.com
501970,Divya Bhatia,40,Operations,Lucknow,84509.32,18.4,On Leave,Diploma,03-04-2025,5.5,divya.bhatia1970@company.com
501714,Nisha Khanna,49,Sales,Bengaluru,84509.32,23.2,Inactive,Diploma,16-01-2023,5.8,nisha.khanna1714@company.com
500837,Vijay Goel,26,Operations,Bengaluru,29613.93,33.9,Active,Masters,26-12-2025,8,vijay.goel837@company.com
504199,Divya Agarwal,48,Marketing,Mumbai,47473.27,15,Inactive,Bachelors,05-09-2021,1.8,divya.agarwal4199@company.com
501311,Pooja Bose,48,Sales,Lucknow,78962.4,4.7,Unknown,Masters,05-06-2021,5.5,pooja.bose1311@company.com
501900,Suresh Khanna,54,Unknown,Unknown,145972.08,0.3,Unknown,PhD,01-11-2016,3.6,suresh.khanna1900@company.com
503517,Ashok Bhatia,24,Sales,Chennai,110691.89,6.9,Inactive,Unknown,15-03-2021,8,ashok.bhatia3517@company.com
504821,Swati Sinha,55,HR,Delhi,125301.68,17.6,Active,Masters,27-07-2018,7.9,swati.sinha4821@company.com
502608,Swati Pandey,48,Sales,Pune,130444.54,0.9,Unknown,Bachelors,14-11-2017,4.7,swati.pandey2608@company.com
500856,Arjun Mishra,40,Operations,Bengaluru,117646.56,6.4,Active,Bachelors,20-07-2022,2,arjun.mishra856@company.com
503130,Vikram Mishra,53,HR,Bengaluru,38088.17,12.9,Active,Masters,08-12-2016,8.9,vikram.mishra3130@company.com
503429,Karan Bansal,52,Unknown,Chennai,133015.83,17,Inactive,Masters,20-07-2024,5.5,karan.bansal1519@company.com
500473,Nikhil Mishra,53,Marketing,Bengaluru,52555.43,32.7,Unknown,Masters,21-10-2018,7.4,nikhil.mishra473@company.com
500315,Priya Dixit,32,IT,Pune,95236.1,13.4,Inactive,Bachelors,12-03-2017,9.3,priya.dixit315@company.com
503887,Vikram Nanda,45,Marketing,Unknown,121141.17,2.5,Inactive,Masters,10-03-2017,4.1,vikram.nanda3887@company.com
503294,Manish Pandey,24,Marketing,Chennai,126805.33,23.9,Active,Masters,23-08-2016,9.5,manish.pandey3294@company.com
502911,Sneha Mishra,46,IT,Unknown,25703.58,6.2,Active,Unknown,13-02-2025,4.5,sneha.mishra2911@company.com
501513,Shreya Nanda,43,Support,Bengaluru,130478.14,6,Inactive,Masters,03-02-2025,8,shreya.nanda1513@company.com
501404,Preeti Bose,44,Sales,Delhi,96997.33,22.6,Active,Diploma,23-12-2021,1.1,preeti.bose1404@company.com
502270,Rohan Yadav,49,IT,Bengaluru,129695.24,21.3,Inactive,Bachelors,27-07-2019,3.6,rohan.yadav2270@company.com
502278,Simran Bose,40,Unknown,Mumbai,120304.64,26.5,Active,PhD,02-08-2015,8.4,simran.bose2278@company.com
501252,Nikhil Mishra,44,Marketing,Mumbai,114516.87,5.8,Inactive,Bachelors,08-04-2017,6.1,nikhil.mishra1252@company.com
503888,Arjun Agarwal,36,Finance,Chennai,97906.45,9.5,Unknown,Bachelors,15-12-2017,5.7,arjun.agarwal3888@company.com
500393,Swati Pandey,43,Sales,Unknown,83073.14,18.6,Active,Unknown,24-02-2024,9.2,swati.pandey393@company.com
503117,Gaurav Sinha,32,Sales,Unknown,101486.94,25.3,Active,Masters,25-01-2016,7,gaurav.sinha3117@company.com
500206,Kavita Thakur,34,Support,Lucknow,110354.39,19,Unknown,Unknown,16-12-2023,5.5,kavita.thakur206@company.com
501802,Sneha Nanda,35,Marketing,Hyderabad,111150.82,32.1,Inactive,Bachelors,27-10-2016,5.1,sneha.nanda1802@company.com
503531,Swati Malik,30,IT,Delhi,138980.62,21.2,Inactive,Bachelors,01-05-2021,1.3,swati.malik3531@company.com
502428,Ritu Bansal,23,Marketing,Chennai,84509.32,9,Unknown,Unknown,05-09-2017,7.6,ritu.bansal2428@company.com
500446,Sneha Saxena,40,Marketing,Chennai,120222.2,2.5,Inactive,Bachelors,18-11-2023,8.1,sneha.saxena446@company.com
501224,Ritu Rastogi,49,Marketing,Kolkata,40604.3,31.7,Inactive,Bachelors,13-11-2022,7.9,ritu.rastogi1224@company.com
500658,Sneha Bansal,42,IT,Jaipur,42973.07,5.3,Inactive,Bachelors,21-09-2016,8,sneha.bansal658@company.com
501319,Rahul Thakur,52,IT,Bengaluru,93805.71,16.2,On Leave,Unknown,22-04-2025,5.5,rahul.thakur1319@company.com
502092,Neha Bansal,59,HR,Delhi,64675.7,17.6,Inactive,Bachelors,08-05-2016,3.6,neha.bansal2092@company.com
503328,Nikhil Yadav,26,Finance,Bengaluru,128272.99,24.2,Active,Bachelors,06-05-2025,3.7,nikhil.yadav3328@company.com
504397,Deepak Pandey,28,Operations,Delhi,143995.78,34.4,On Leave,Masters,03-11-2017,3.7,deepak.pandey4397@company.com
503814,Meena Ghosh,57,Support,Hyderabad,102093.58,34.1,Inactive,Bachelors,20-12-2017,5.1,meena.ghosh3814@company.com
501605,Vijay Bhatia,54,Operations,Unknown,24812.71,0.1,Inactive,PhD,12-05-2016,3.3,vijay.bhatia1605@company.com
502796,Sneha Nanda,38,Operations,Lucknow,123596.64,4.8,Active,Masters,04-06-2019,2.6,Not Provided
502182,Priya Bhatia,48,Sales,Kolkata,111790.42,17.6,Active,Masters,25-03-2019,8.8,priya.bhatia2182@company.com
502423,Deepak Trivedi,23,Finance,Lucknow,47399.84,30.6,Inactive,PhD,13-07-2017,5.5,deepak.trivedi2423@company.com
503493,Vijay Thakur,57,Support,Bengaluru,25172.02,28.6,Active,Unknown,11-11-2018,7.2,vijay.thakur3493@company.com
504355,Preeti Sinha,35,Support,Bengaluru,45603.61,31.7,Active,Diploma,06-08-2020,5.5,preeti.sinha4355@company.com
500565,Vijay Bhatia,21,Unknown,Pune,31176.86,33,Active,Bachelors,02-06-2021,5.5,vijay.bhatia565@company.com
501375,Kavita Dixit,29,Unknown,Unknown,79254.96,28,Inactive,Unknown,21-10-2020,2.1,kavita.dixit1375@company.com
500467,Shreya Rastogi,33,IT,Mumbai,34513.14,21.3,Inactive,Bachelors,05-07-2020,5.5,shreya.rastogi467@company.com
500905,Priya Trivedi,42,IT,Ahmedabad,35136.85,21.3,Active,Masters,27-04-2024,5.5,priya.trivedi905@company.com
502919,Preeti Rastogi,38,Unknown,Jaipur,115633.75,7.2,Inactive,Unknown,11-02-2015,6.3,preeti.rastogi2919@company.com
500736,Nikhil Nanda,50,Unknown,Bengaluru,45826.41,17.6,Inactive,Unknown,27-02-2022,4.9,nikhil.nanda736@company.com
504060,Simran Bansal,59,Unknown,Unknown,86296.16,31.9,Unknown,Masters,07-09-2018,6.7,simran.bansal4060@company.com
501048,Suresh Yadav,33,Logistics,Mumbai,90702.35,15.9,Active,Bachelors,04-01-2019,6.7,suresh.yadav1048@company.com
502237,Karan Agarwal,54,Sales,Bengaluru,84509.32,32.4,On Leave,Masters,06-11-2016,7,karan.agarwal2237@company.com
503354,Karan Dixit,40,HR,Lucknow,125172.24,23.3,Active,Bachelors,13-12-2016,7.3,karan.dixit3354@company.com
503717,Preeti Pandey,39,Sales,Jaipur,40213.2,22.9,Active,Unknown,03-05-2022,4.8,preeti.pandey3717@company.com
504254,Shreya Saxena,38,Marketing,Mumbai,62712.15,6.8,Active,Bachelors,04-03-2019,3,shreya.saxena4254@company.com
502832,Gaurav Bhatia,38,HR,Unknown,84509.32,33.4,Inactive,Unknown,08-08-2021,3.5,gaurav.bhatia2832@company.com
501445,Rohan Mishra,22,IT,Bengaluru,25554.23,32.3,Inactive,Unknown,08-02-2017,6.4,rohan.mishra1445@company.com
503544,Ritu Dixit,27,IT,Chennai,83824.4,25.5,Active,Diploma,26-05-2018,8.8,ritu.dixit3544@company.com
503333,Priya Bhatia,38,Sales,Chennai,89308.57,19.7,Unknown,Masters,26-02-2017,5.5,priya.bhatia3333@company.com
500124,Meena Yadav,59,Marketing,Ahmedabad,135809.71,10,Active,Unknown,19-07-2015,5,meena.yadav124@company.com
500844,Pooja Agarwal,44,HR,Pune,72390.25,3.9,Unknown,Bachelors,22-11-2015,5.5,pooja.agarwal844@company.com
501219,Ritu Bhatia,35,IT,Unknown,101517,30.7,Active,Bachelors,04-08-2022,1.4,ritu.bhatia1219@company.com
501944,Suresh Nanda,23,HR,Unknown,23342.62,34.6,Inactive,Masters,25-09-2024,9.1,suresh.nanda1944@company.com
503518,Sneha Malik,26,Sales,Unknown,69527.84,15,Inactive,Bachelors,07-01-2015,6,sneha.malik3518@company.com
503983,Priya Agarwal,39,Sales,Bengaluru,64527.41,21.1,On Leave,Masters,25-10-2023,9.4,priya.agarwal3983@company.com
502362,Manish Dixit,25,Finance,Hyderabad,39148.68,19.6,Inactive,Unknown,12-10-2020,6.1,manish.dixit2362@company.com
503252,Karan Thakur,58,Support,Delhi,110121.93,27.9,On Leave,Unknown,19-08-2022,1.1,karan.thakur3252@company.com
503362,Isha Yadav,59,Marketing,Unknown,81466.67,12,Inactive,Bachelors,27-06-2020,7.1,isha.yadav3362@company.com
502382,Rohan Chauhan,50,Sales,Chennai,46706.5,11.5,Active,Masters,15-04-2025,6.9,rohan.chauhan2382@company.com
500982,Vijay Goel,41,Marketing,Delhi,146849.5,13.2,Inactive,Bachelors,07-04-2022,7.2,Not Provided
502951,Preeti Goel,30,Sales,Delhi,127487.64,32.7,Unknown,Masters,22-06-2019,5.5,preeti.goel2951@company.com
502698,Amit Yadav,59,Finance,Unknown,90749.4,34.9,Active,Masters,01-11-2018,5.2,amit.yadav2698@company.com
504420,Nikhil Saxena,50,Unknown,Kolkata,59417.85,13.3,Active,Masters,07-02-2020,2.1,nikhil.saxena4420@company.com
500131,Karan Yadav,36,Logistics,Pune,118322.6,22,Inactive,Masters,22-02-2024,5,karan.yadav131@company.com
501724,Rohan Malik,44,IT,Jaipur,84509.32,12.5,Active,Diploma,13-12-2019,3.9,rohan.malik1724@company.com
503915,Arjun Bansal,27,Marketing,Delhi,68883.29,30.2,Inactive,Diploma,20-01-2018,7.7,arjun.bansal3915@company.com
500055,Preeti Malik,46,Logistics,Unknown,36931.96,22.4,Active,Masters,17-02-2024,5.8,preeti.malik55@company.com
501792,Vikram Sinha,59,HR,Bengaluru,122485.78,23.3,Inactive,Masters,12-10-2021,8.2,vikram.sinha1792@company.com
503101,Deepak Agarwal,44,Sales,Delhi,53146.65,34.3,Unknown,Unknown,01-06-2024,5.5,deepak.agarwal3101@company.com
504184,Rahul Mishra,39,Finance,Mumbai,75050.65,17,On Leave,Diploma,01-08-2022,6.5,rahul.mishra4184@company.com
503126,Manish Rastogi,49,Finance,Mumbai,122102.5,28,Active,Bachelors,23-09-2019,5.5,manish.rastogi3126@company.com
504826,Nikhil Bansal,46,Unknown,Chennai,79432.2,4.3,Active,Bachelors,09-07-2020,5.5,nikhil.bansal4826@company.com
501053,Vikram Trivedi,47,IT,Pune,42969.05,16.3,Unknown,Bachelors,04-11-2024,8.8,vikram.trivedi1053@company.com
501361,Priya Trivedi,40,Sales,Delhi,67514.44,6.8,Active,Masters,08-12-2025,9.4,priya.trivedi1361@company.com
500197,Vikram Malik,33,Logistics,Lucknow,84509.32,10.5,Active,Bachelors,09-11-2019,5.6,vikram.malik197@company.com
501572,Gaurav Bose,59,Unknown,Bengaluru,97990.34,27.5,Unknown,PhD,18-11-2015,2.7,gaurav.bose1572@company.com
502134,Suresh Trivedi,53,Finance,Mumbai,46377.74,21.3,On Leave,Masters,12-09-2015,3.6,suresh.trivedi2134@company.com
501790,Manish Chauhan,43,Finance,Bengaluru,144774.2,17.6,Active,Masters,22-07-2021,9.4,manish.chauhan1790@company.com
500406,Nisha Rastogi,24,Sales,Bengaluru,52483.03,22.1,Inactive,Masters,11-09-2018,6.2,nisha.rastogi406@company.com
502888,Arjun Agarwal,54,Marketing,Kolkata,146988.89,22.6,Inactive,Diploma,26-12-2020,7.3,arjun.agarwal2888@company.com
500880,Shreya Bhatia,34,Logistics,Chennai,143698.71,21,Active,Unknown,04-06-2020,7,shreya.bhatia880@company.com
501763,Karan Nanda,21,Support,Unknown,81097.69,23.5,Active,Masters,18-12-2022,5.9,karan.nanda1763@company.com
500147,Simran Bhatia,44,Sales,Unknown,90863.64,12.8,Active,Unknown,16-10-2020,9.5,simran.bhatia147@company.com
501256,Priya Chauhan,53,Finance,Unknown,146407.21,26.4,Inactive,Unknown,02-01-2024,2.3,priya.chauhan1256@company.com
500329,Ashok Trivedi,56,Unknown,Kolkata,79194.38,17.6,On Leave,Bachelors,06-01-2016,1.2,ashok.trivedi329@company.com
500980,Vijay Pandey,55,Finance,Jaipur,63221.27,7.2,Active,Unknown,01-08-2025,8.5,vijay.pandey980@company.com
504787,Vikram Malik,50,Sales,Mumbai,34227.31,14.1,On Leave,PhD,27-06-2017,5.4,vikram.malik4787@company.com
500878,Amit Pandey,39,Support,Chennai,134801.98,23.5,On Leave,Bachelors,14-11-2018,4.8,amit.pandey878@company.com
504891,Priya Thakur,28,Operations,Pune,41273.47,14.6,Inactive,Diploma,09-11-2017,6.3,priya.thakur4891@company.com
504989,Ritu Yadav,42,IT,Mumbai,130163.74,26.2,Unknown,Diploma,05-12-2017,2.1,ritu.yadav4989@company.com
502046,Priya Bhatia,45,Sales,Hyderabad,119276.8,0.1,Inactive,PhD,09-04-2016,2.5,priya.bhatia2046@company.com
501587,Shreya Chauhan,35,HR,Kolkata,87273.23,8.4,Active,Unknown,11-03-2020,5.2,shreya.chauhan1587@company.com
501858,Isha Bose,35,Sales,Mumbai,141856.16,4.9,Inactive,Unknown,23-08-2024,5.5,isha.bose1858@company.com
503390,Nikhil Bansal,52,Sales,Delhi,126784.39,0.9,Active,Unknown,27-10-2018,5.5,nikhil.bansal3390@company.com
502194,Pooja Bhatia,58,Logistics,Lucknow,61437.53,7.7,Active,Bachelors,25-02-2015,7.6,pooja.bhatia2194@company.com
502259,Suresh Mishra,21,Support,Mumbai,41651.38,27.2,Unknown,PhD,04-07-2019,1.1,suresh.mishra2259@company.com
503952,Divya Ghosh,29,Marketing,Bengaluru,82491.86,30.1,Unknown,Bachelors,05-11-2022,6.5,divya.ghosh3952@company.com
500107,Vikram Goel,45,Support,Bengaluru,107065.95,14.8,On Leave,Unknown,08-04-2016,9.3,vikram.goel107@company.com
501931,Isha Bose,33,Support,Bengaluru,45538.24,29.9,On Leave,Masters,03-10-2016,3.8,isha.bose1931@company.com
502810,Divya Bhatia,30,IT,Pune,100008.91,30.7,Active,Unknown,17-09-2022,5.5,divya.bhatia2810@company.com
503598,Shreya Trivedi,24,Unknown,Jaipur,42454.71,19.4,Unknown,PhD,15-11-2017,2,shreya.trivedi3598@company.com
503707,Rohan Malik,47,HR,Bengaluru,121745.15,14.5,Unknown,Bachelors,15-02-2017,9.1,rohan.malik3707@company.com
503994,Suresh Malik,57,Marketing,Mumbai,83160.62,17.6,Inactive,Bachelors,22-04-2018,7.8,suresh.malik3994@company.com
501844,Suresh Agarwal,58,Operations,Mumbai,45979.65,31.8,Active,Diploma,27-07-2015,5.5,suresh.agarwal1844@company.com
500303,Ritu Trivedi,40,Marketing,Unknown,126497.67,14.6,Active,Masters,02-03-2017,3,ritu.trivedi303@company.com
502814,  Kavita Agarwal  ,39,IT,Hyderabad,67430.44,1.9,Inactive,PhD,17-05-2024,7.2,kavita.agarwal2814@company.com
503445,Preeti Mishra,34,Sales,Mumbai,119447.46,9.3,Unknown,Masters,07-12-2017,3.9,preeti.mishra3445@company.com
501584,Arjun Chauhan,27,HR,Chennai,88228.95,17.6,Inactive,Masters,01-02-2021,9.7,arjun.chauhan1584@company.com
502780,Pooja Nanda,39,Sales,Lucknow,85416.51,1.8,Active,Masters,13-05-2022,5.5,pooja.nanda2780@company.com
501497,Arjun Pandey,38,Support,Chennai,125143.42,24.3,Inactive,Unknown,03-02-2025,4.2,arjun.pandey1497@company.com
503727,Deepak Pandey,46,Support,Unknown,68434.97,17.6,Active,Masters,03-04-2022,4.1,deepak.pandey3727@company.com
501245,Rajesh Dixit,58,Finance,Delhi,61147,32.9,Active,Masters,10-12-2021,6.3,rajesh.dixit1245@company.com
501623,Sanjay Ghosh,50,HR,Ahmedabad,51432.51,7.1,Active,Unknown,24-04-2022,7.1,sanjay.ghosh1623@company.com
500724,Vijay Goel,27,Logistics,Unknown,106955.95,23,Active,Masters,18-08-2025,4.6,vijay.goel724@company.com
502112,Simran Rastogi,59,Unknown,Bengaluru,112552.84,2.9,Active,Masters,21-03-2018,6.8,simran.rastogi2112@company.com
500219,Rahul Yadav,25,Logistics,Kolkata,45582.03,20.1,On Leave,Diploma,18-09-2015,5.5,rahul.yadav219@company.com
504367,Neha Sinha,47,Unknown,Delhi,143588.79,14,Inactive,Diploma,01-03-2021,5.5,neha.sinha4367@company.com
501877,Swati Saxena,32,Support,Delhi,86266.42,18.1,Inactive,Masters,22-03-2023,5.2,swati.saxena1877@company.com
500606,Isha Bose,47,HR,Delhi,117500.72,4.4,Active,Unknown,22-09-2018,8.1,isha.bose606@company.com
502383,Deepak Thakur,28,Logistics,Unknown,25638.93,23.9,Active,Unknown,11-02-2025,6,deepak.thakur2383@company.com
500513,Suresh Bansal,26,Marketing,Unknown,62817.89,21,Unknown,Diploma,27-09-2022,7.3,suresh.bansal513@company.com
501359,Vikram Pandey,41,Marketing,Unknown,20332.28,24.7,On Leave,Unknown,04-02-2022,7.9,vikram.pandey1359@company.com
500881,Vijay Malik,29,HR,Unknown,84509.32,19.3,Active,Bachelors,04-12-2025,7.1,vijay.malik881@company.com
503926,Arjun Malik,43,Unknown,Bengaluru,42024.58,8,Inactive,Unknown,10-09-2025,3.5,arjun.malik3926@company.com
500135,Rahul Pandey,27,Sales,Chennai,24436.97,28.9,Active,PhD,14-12-2019,3.2,rahul.pandey135@company.com
502568,Pooja Sinha,29,Sales,Unknown,112445.73,24.3,Inactive,Bachelors,22-01-2017,8,pooja.sinha2568@company.com
501072,Sanjay Mishra,49,Sales,Bengaluru,142418.49,22.3,Inactive,Masters,15-11-2025,6.6,sanjay.mishra1072@company.com
504786,Rohan Choudhary,29,Sales,Mumbai,81044.91,19.6,Inactive,PhD,20-11-2019,5.5,rohan.choudhary4786@company.com
500615,Amit Yadav,43,Sales,Mumbai,84509.32,31.2,Active,Diploma,05-11-2018,1.4,amit.yadav615@company.com
501062,Ashok Pandey,54,IT,Unknown,102101.21,2.4,Inactive,Masters,17-02-2018,5.5,ashok.pandey1062@company.com
502697,Gaurav Malik,27,HR,Chennai,69949.96,7.1,Active,Diploma,23-11-2023,3.5,gaurav.malik2697@company.com
500797,Suresh Ghosh,52,Marketing,Mumbai,88965.73,18.2,Inactive,Unknown,18-10-2020,3.4,suresh.ghosh797@company.com
501771,Nisha Bhatia,42,Sales,Jaipur,36711.21,20.1,Inactive,PhD,21-06-2017,3.7,nisha.bhatia1771@company.com
502244,Ashok Agarwal,27,Sales,Unknown,84509.32,20.3,Unknown,Masters,04-01-2018,9.6,ashok.agarwal2244@company.com
504136,Karan Bansal,37,Logistics,Kolkata,143292.24,21.9,On Leave,Unknown,22-11-2015,6.4,karan.bansal4136@company.com
501883,Nisha Agarwal,38,IT,Hyderabad,83769.19,23.5,Active,Unknown,17-09-2016,3,nisha.agarwal1883@company.com
501398,Ashok Rastogi,48,IT,Hyderabad,116394.53,5.7,Active,Diploma,16-12-2017,8.7,ashok.rastogi1398@company.com
502065,Ashok Rastogi,39,Sales,Chennai,111398.15,6.4,Unknown,Diploma,13-12-2020,10,ashok.rastogi2065@company.com
503972,Amit Agarwal,38,Marketing,Chennai,47186.46,30.7,Unknown,Masters,12-05-2020,7,amit.agarwal3972@company.com
502496,  Vikram Bansal  ,49,Sales,Kolkata,81036.48,30.8,On Leave,Bachelors,12-06-2020,8,vikram.bansal2496@company.com
500801,Meena Dixit,38,IT,Unknown,145193.84,17.6,On Leave,Unknown,07-05-2025,3.5,meena.dixit801@company.com
501975,Ashok Malik,41,Marketing,Unknown,40829.15,19.2,Inactive,Diploma,17-06-2024,5.5,ashok.malik1975@company.com
501754,Nisha Malik,32,Sales,Unknown,70956.37,31.3,Unknown,PhD,12-04-2019,5.5,nisha.malik1754@company.com
501439,Amit Ghosh,35,Support,Bengaluru,55187.47,24.5,Inactive,Masters,09-03-2024,1.5,amit.ghosh1439@company.com
503619,Gaurav Sinha,39,Unknown,Bengaluru,82251.64,33.3,Inactive,Unknown,17-03-2017,10,gaurav.sinha3619@company.com
504456,Pooja Saxena,27,HR,Mumbai,78118.89,7.7,Active,Masters,14-05-2021,4.8,pooja.saxena4456@company.com
500130,Neha Choudhary,25,IT,Delhi,100738.2,19.3,On Leave,Bachelors,25-06-2019,8.1,neha.choudhary130@company.com
503183,Swati Pandey,24,IT,Delhi,139162.18,14.3,Inactive,Masters,17-10-2016,7,swati.pandey3183@company.com
501628,Neha Mishra,40,IT,Ahmedabad,125748.09,19.7,Active,Unknown,03-12-2020,8.2,neha.mishra1628@company.com
501542,Nisha Sinha,34,Marketing,Mumbai,60099.39,33,Active,Unknown,12-09-2021,2.7,nisha.sinha1542@company.com
501846,Vikram Sinha,30,Unknown,Bengaluru,69255.8,25.7,Unknown,Unknown,26-02-2024,5.2,vikram.sinha1846@company.com
501645,Nikhil Agarwal,34,Operations,Delhi,47593.74,31.4,On Leave,Bachelors,13-05-2018,8.5,nikhil.agarwal1645@company.com
504557,Nisha Pandey,44,Sales,Hyderabad,84509.32,17.6,On Leave,Unknown,21-03-2022,2.2,nisha.pandey4557@company.com
500935,Karan Malik,42,Marketing,Hyderabad,50392.53,17.6,Inactive,Masters,22-06-2022,8.5,karan.malik935@company.com
503439,Nisha Sinha,36,Logistics,Bengaluru,123183.6,7.2,On Leave,Masters,04-12-2024,9.9,nisha.sinha3439@company.com
503434,Arjun Rastogi,58,HR,Chennai,94765.63,17.6,Active,Unknown,24-04-2018,5.5,arjun.rastogi3434@company.com
502471,Ritu Thakur,40,Logistics,Chennai,117000.39,26.7,Inactive,Unknown,14-08-2022,7.1,ritu.thakur2471@company.com
501496,Preeti Saxena,29,Finance,Unknown,28751.47,26.6,Inactive,Masters,12-11-2021,6.8,preeti.saxena1496@company.com
500110,Simran Chauhan,47,Marketing,Delhi,40942.18,21.1,Inactive,Diploma,06-02-2017,5.4,simran.chauhan110@company.com
503967,Pooja Sinha,43,Marketing,Chennai,41598.65,17.6,Unknown,Unknown,11-01-2017,1.9,pooja.sinha3967@company.com
500681,Isha Pandey,29,Sales,Mumbai,78774.05,32.9,Inactive,Bachelors,05-04-2019,5.5,isha.pandey681@company.com
501633,Nikhil Pandey,30,Sales,Mumbai,80284.32,27.1,Inactive,Bachelors,24-10-2015,8.5,nikhil.pandey1633@company.com
500318,Simran Choudhary,42,Unknown,Mumbai,145002.32,8,Active,Masters,11-08-2021,6.3,simran.choudhary318@company.com
500825,Rajesh Rastogi,30,IT,Delhi,59178.63,12.9,Inactive,Bachelors,01-05-2019,2.7,rajesh.rastogi825@company.com
504086,Ritu Pandey,51,Logistics,Bengaluru,120293.95,19.9,Unknown,Bachelors,15-08-2025,9.1,ritu.pandey4086@company.com
503643,Ashok Malik,41,Finance,Mumbai,84509.32,22.9,Inactive,Diploma,15-04-2025,1.6,ashok.malik3643@company.com
502916,Sneha Mishra,58,Finance,Unknown,111477.57,32.8,Inactive,Bachelors,08-02-2019,9.1,sneha.mishra2916@company.com
503170,Shreya Agarwal,29,Operations,Chennai,126682.36,13.6,Active,Diploma,19-05-2022,1.9,shreya.agarwal3170@company.com
501240,Meena Agarwal,31,Unknown,Mumbai,24619.33,33.6,On Leave,Masters,19-10-2015,2.1,meena.agarwal1240@company.com
504817,Priya Trivedi,27,Unknown,Lucknow,118550.03,33.8,Unknown,Bachelors,15-03-2016,5.3,priya.trivedi4817@company.com
500231,Vikram Ghosh,25,Finance,Chennai,68077.43,29.2,Unknown,Unknown,21-11-2023,1.3,vikram.ghosh231@company.com
504211,Deepak Chauhan,28,Unknown,Mumbai,84509.32,27.8,Unknown,Unknown,17-08-2025,6.5,deepak.chauhan4211@company.com
501413,Rahul Bansal,24,Unknown,Jaipur,139433.3,30.2,Inactive,Bachelors,02-03-2015,7.7,rahul.bansal1413@company.com
503084,Nikhil Dixit,23,Marketing,Unknown,130969.76,21.3,Inactive,Unknown,18-04-2024,6.9,Not Provided
500177,Ritu Pandey,54,Support,Mumbai,34980.7,20.9,Inactive,Bachelors,14-04-2019,1.1,ritu.pandey177@company.com
504078,Vikram Thakur,42,Logistics,Kolkata,145234.88,30.5,Inactive,Unknown,20-06-2017,9.8,vikram.thakur4078@company.com
503406,Swati Bhatia,26,Marketing,Pune,86897.82,24.1,Inactive,Masters,05-03-2025,5.5,swati.bhatia3406@company.com
500572,Pooja Saxena,52,Unknown,Chennai,24878.55,17.4,On Leave,Masters,05-04-2018,7.8,pooja.saxena572@company.com
502718,Neha Choudhary,51,IT,Delhi,84509.32,3.2,On Leave,Bachelors,23-09-2016,3.5,neha.choudhary2718@company.com
502825,Arjun Saxena,50,Marketing,Kolkata,78853.18,8,Inactive,Bachelors,23-04-2024,3.1,arjun.saxena2825@company.com
500917,Vikram Agarwal,48,Logistics,Ahmedabad,121278.16,19.4,Active,PhD,02-02-2022,5.5,vikram.agarwal917@company.com
502350,Shreya Khanna,39,Finance,Pune,81639.3,15.9,Active,Masters,15-10-2022,8.2,shreya.khanna2350@company.com
503292,Simran Pandey,32,Operations,Unknown,35818.74,29.6,Inactive,Bachelors,16-02-2017,6.3,simran.pandey3292@company.com
503039,Neha Saxena,39,Unknown,Lucknow,43035.42,26.5,On Leave,Diploma,03-05-2025,5.3,neha.saxena3039@company.com
503970,Manish Nanda,46,Marketing,Mumbai,120433.25,9.2,Inactive,PhD,24-04-2017,5.5,manish.nanda3970@company.com
503150,Kavita Sinha,50,Support,Chennai,32752.5,2.7,Unknown,Unknown,27-10-2017,7.5,kavita.sinha3150@company.com
503399,Simran Dixit,23,IT,Chennai,84509.32,0.4,Active,Unknown,09-05-2015,6.8,simran.dixit3399@company.com
503856,Ashok Bose,57,Unknown,Mumbai,106601.17,22.2,Active,Masters,11-02-2018,2.2,ashok.bose3856@company.com
503992,Sneha Bose,32,Sales,Unknown,67506.48,29.5,Active,Masters,10-02-2020,9.6,sneha.bose3992@company.com
501344,Gaurav Yadav,55,Marketing,Delhi,135123.61,31,Unknown,PhD,04-05-2025,5.5,gaurav.yadav1344@company.com
500983,Nisha Yadav,22,Unknown,Chennai,25242.81,23.1,On Leave,Diploma,25-02-2020,2.7,nisha.yadav983@company.com
502553,Rajesh Mishra,36,Support,Hyderabad,128341.03,34,Inactive,Unknown,16-11-2019,3.4,rajesh.mishra2553@company.com
500247,Deepak Saxena,40,Finance,Unknown,97523.82,4.2,Active,Unknown,27-09-2018,6,deepak.saxena247@company.com
502618,  Sanjay Mishra  ,40,Unknown,Hyderabad,42266.38,4,Active,Bachelors,09-06-2016,1,sanjay.mishra2618@company.com
503618,Swati Bose,40,Unknown,Ahmedabad,116445.93,11,Active,PhD,11-11-2019,3.1,swati.bose3618@company.com
503173,Preeti Thakur,30,Unknown,Jaipur,24372.82,28.8,On Leave,Masters,02-06-2021,5.5,preeti.thakur3173@company.com
503521,Sneha Dixit,37,Sales,Chennai,48776.65,24.1,Unknown,Masters,04-07-2016,3.8,sneha.dixit3521@company.com
504739,Karan Agarwal,36,Sales,Bengaluru,77889.76,14.3,Active,Masters,11-03-2015,2.7,karan.agarwal4739@company.com
504163,Anjali Bose,34,Logistics,Jaipur,75155.18,9.7,Inactive,Bachelors,18-01-2023,2.9,anjali.bose4163@company.com
502360,Nisha Trivedi,50,Marketing,Chennai,139728.74,6.5,Active,Bachelors,24-01-2019,2.5,nisha.trivedi2360@company.com
501041,Simran Pandey,46,IT,Bengaluru,101678.18,5.5,Inactive,Masters,19-05-2023,7.1,simran.pandey1041@company.com
502205,Rajesh Thakur,34,Unknown,Mumbai,142717.44,11.1,Inactive,Masters,24-05-2022,3.8,rajesh.thakur2205@company.com
502472,Rajesh Saxena,48,Operations,Pune,138195.01,14,Inactive,Masters,06-08-2022,3.5,rajesh.saxena2472@company.com
502441,Shreya Ghosh,53,Marketing,Ahmedabad,56337.04,28.9,Active,Masters,06-11-2019,2.5,shreya.ghosh2441@company.com
502125,Manish Bhatia,49,HR,Unknown,30949.59,5.7,Inactive,Bachelors,09-06-2019,6.3,manish.bhatia2125@company.com
501182,Ritu Saxena,40,Logistics,Kolkata,125340.77,8.5,On Leave,Diploma,13-01-2022,8.2,ritu.saxena1182@company.com
504233,Suresh Thakur,23,Sales,Unknown,71190.47,12.4,Unknown,Masters,05-04-2024,6.1,suresh.thakur4233@company.com
500037,Manish Chauhan,28,Operations,Delhi,53024.89,24.4,Inactive,Bachelors,17-08-2021,9.6,manish.chauhan37@company.com
500533,Nikhil Pandey,47,IT,Delhi,147550.27,20.7,Inactive,Masters,08-02-2017,9.4,nikhil.pandey533@company.com
500342,Karan Ghosh,40,Finance,Hyderabad,80970.67,27.1,On Leave,Unknown,15-07-2025,2.1,karan.ghosh342@company.com
503024,Pooja Thakur,53,Unknown,Delhi,37385.69,34.3,Unknown,Bachelors,17-10-2023,7.5,pooja.thakur3024@company.com
502839,Sneha Sinha,55,IT,Chennai,121940.71,19.8,Inactive,Unknown,21-10-2023,5.5,sneha.sinha2839@company.com
502880,Manish Sinha,52,Support,Pune,84509.32,5.9,Active,Masters,09-07-2019,6.8,manish.sinha2880@company.com
501175,Swati Pandey,33,Unknown,Mumbai,138345.14,1.8,Active,Unknown,05-09-2019,5.5,swati.pandey1175@company.com
501464,Ashok Ghosh,33,Sales,Mumbai,135971.2,4.7,Inactive,Unknown,26-03-2019,5.5,ashok.ghosh1464@company.com
501011,Nikhil Ghosh,49,Sales,Chennai,39516.52,2.7,Active,Bachelors,12-07-2018,9.2,nikhil.ghosh1011@company.com
501462,Sanjay Khanna,43,Sales,Bengaluru,145674.94,18.8,On Leave,Bachelors,09-01-2018,6.2,sanjay.khanna1462@company.com
500749,Rahul Bhatia,48,Unknown,Unknown,120711.21,24.8,Active,Bachelors,27-04-2019,3.8,rahul.bhatia749@company.com
502118,Manish Trivedi,47,IT,Unknown,66696.88,17.6,Active,Bachelors,23-07-2023,2.3,manish.trivedi2118@company.com
500203,Priya Mishra,34,Unknown,Ahmedabad,141386.13,6.9,On Leave,Diploma,02-05-2019,5.5,priya.mishra203@company.com
501684,Vikram Rastogi,40,IT,Unknown,137758.45,16,Inactive,Bachelors,09-03-2023,2.5,vikram.rastogi1684@company.com
501958,Preeti Pandey,36,Marketing,Hyderabad,83920.97,10.6,Inactive,PhD,08-02-2024,2.6,preeti.pandey1958@company.com
500623,Vijay Khanna,58,Operations,Chennai,148160.02,13.6,Active,Masters,27-10-2019,5.5,vijay.khanna623@company.com
502875,Amit Bhatia,27,Operations,Hyderabad,116729.43,32.2,On Leave,Masters,18-04-2020,5.5,amit.bhatia2875@company.com
503477,Swati Thakur,50,Unknown,Kolkata,51874.04,32.8,Active,Bachelors,20-03-2019,5.5,swati.thakur3477@company.com
504109,Anjali Dixit,30,Unknown,Delhi,63095.44,16.4,Active,Masters,23-02-2017,8.8,anjali.dixit4109@company.com
504486,Sanjay Rastogi,32,HR,Bengaluru,125624.15,13,Active,Unknown,06-07-2021,9.3,sanjay.rastogi4486@company.com
502232,Manish Bose,32,Sales,Chennai,43979.75,13.7,Inactive,PhD,14-10-2017,5.4,manish.bose2232@company.com
500958,Sneha Bose,52,Unknown,Hyderabad,121818.4,31,On Leave,Unknown,13-02-2017,1.5,sneha.bose958@company.com
504203,  Karan Rastogi  ,33,IT,Unknown,51013.86,17.6,Inactive,Diploma,25-05-2021,1.9,karan.rastogi4203@company.com
504026,Divya Ghosh,39,Unknown,Delhi,63120.56,12.1,On Leave,Masters,24-01-2019,5.5,divya.ghosh4026@company.com
503847,Isha Choudhary,41,Finance,Unknown,65299.56,15.7,Inactive,Unknown,19-03-2023,5.5,isha.choudhary3847@company.com
502306,Simran Trivedi,49,Unknown,Unknown,115543.2,10.4,Active,Unknown,08-08-2021,2.3,simran.trivedi2306@company.com
501178,Vijay Saxena,46,Marketing,Lucknow,133084,1.1,Inactive,Unknown,06-08-2016,5.5,vijay.saxena1178@company.com
501782,Divya Malik,40,IT,Lucknow,43177.99,10.1,Active,Bachelors,17-04-2018,6.3,divya.malik1782@company.com
502209,Ritu Malik,40,Logistics,Unknown,136602.63,31.6,Active,Bachelors,13-11-2018,7,ritu.malik2209@company.com
504803,Arjun Dixit,26,Sales,Unknown,66633.55,16.8,On Leave,Unknown,02-02-2023,5.5,arjun.dixit4803@company.com
502563,Arjun Choudhary,52,Marketing,Unknown,71929.59,11.4,Active,Unknown,26-09-2015,6.7,arjun.choudhary2563@company.com
501043,  Karan Malik  ,34,Support,Mumbai,61242.89,8.1,Active,Bachelors,16-11-2016,1.9,karan.malik1043@company.com
500470,Ashok Khanna,21,HR,Bengaluru,122093.55,21.1,Inactive,Unknown,15-11-2019,5.5,ashok.khanna470@company.com
504204,Priya Yadav,56,Sales,Bengaluru,33385.66,1.3,Inactive,PhD,16-01-2020,3,Not Provided
502575,Nikhil Ghosh,26,Marketing,Mumbai,84509.32,9.4,Active,Masters,27-05-2019,8.4,nikhil.ghosh2575@company.com
501922,Nisha Goel,26,HR,Kolkata,25740,28.8,Inactive,Bachelors,22-02-2017,3.2,nisha.goel1922@company.com
500882,Anjali Bhatia,25,Sales,Kolkata,102418.85,11.3,Inactive,Masters,02-05-2025,5.5,anjali.bhatia882@company.com
504325,Shreya Trivedi,40,Operations,Bengaluru,25563.83,17.6,Inactive,Unknown,17-12-2017,4.7,shreya.trivedi4325@company.com
500820,Sneha Bose,26,Sales,Chennai,96684.62,24.8,Inactive,Unknown,10-07-2017,3.6,sneha.bose820@company.com
503568,Vijay Chauhan,24,Sales,Mumbai,118877.35,20.1,Active,Unknown,07-09-2023,4.9,vijay.chauhan3568@company.com
504121,Suresh Trivedi,28,Support,Unknown,93130.79,24.5,Unknown,Unknown,05-02-2023,1.6,suresh.trivedi4121@company.com
502299,Rahul Saxena,56,IT,Delhi,116038.26,27.9,Inactive,Masters,03-05-2024,7.6,rahul.saxena2299@company.com
503204,Divya Saxena,41,HR,Unknown,73849.54,12.1,Active,PhD,05-04-2017,1.7,divya.saxena3204@company.com
502637,Gaurav Rastogi,45,Operations,Bengaluru,114723.56,22.5,Inactive,Masters,18-06-2020,7.2,gaurav.rastogi2637@company.com
501272,Anjali Agarwal,23,Marketing,Unknown,25642.8,9.4,Active,Masters,27-10-2016,8.7,anjali.agarwal1272@company.com
500922,Rohan Choudhary,40,Finance,Mumbai,84509.32,23.6,Unknown,Bachelors,26-11-2021,9.6,rohan.choudhary922@company.com
503682,Divya Thakur,31,Unknown,Kolkata,35937.13,29,Inactive,Masters,18-12-2024,5.5,divya.thakur3682@company.com
504290,Ashok Goel,57,Unknown,Kolkata,54990.48,33.1,Unknown,Unknown,25-09-2023,6.6,ashok.goel4290@company.com
501330,  Rajesh Bhatia  ,55,Logistics,Unknown,123728.81,29.2,Active,PhD,21-05-2016,5.5,rajesh.bhatia1330@company.com
500990,Vijay Chauhan,52,Support,Chennai,41099.88,23.1,Active,Bachelors,07-12-2021,5.5,vijay.chauhan990@company.com
504075,Rohan Bhatia,35,Sales,Ahmedabad,94145.96,23.8,Active,Masters,13-11-2021,5.5,rohan.bhatia4075@company.com
502691,Simran Pandey,23,Marketing,Mumbai,126229.12,33.2,Active,Bachelors,04-10-2022,2.8,simran.pandey2691@company.com
504738,Ritu Agarwal,56,IT,Unknown,51459.25,20.3,Active,Bachelors,04-03-2021,5.5,ritu.agarwal4738@company.com
500229,Karan Malik,27,Support,Ahmedabad,107975.01,28.9,Unknown,Bachelors,08-11-2024,8.3,karan.malik229@company.com
501103,Anjali Bansal,44,IT,Bengaluru,42157.43,12.9,Inactive,Bachelors,06-12-2015,2.2,anjali.bansal1103@company.com
503991,Nisha Agarwal,59,Finance,Kolkata,30890.04,18.7,Inactive,Bachelors,20-06-2024,5.5,nisha.agarwal3991@company.com
503931,Deepak Bhatia,47,Marketing,Chennai,47595.47,23.5,Active,PhD,10-04-2017,2.1,deepak.bhatia3931@company.com
504748,Priya Sinha,46,Sales,Unknown,122425.19,17.6,Unknown,Diploma,18-01-2025,9.4,priya.sinha4748@company.com
500788,Sneha Ghosh,49,Sales,Unknown,53339.55,30.7,Unknown,Masters,18-07-2018,1.2,sneha.ghosh788@company.com
502037,Pooja Rastogi,26,Marketing,Delhi,142517.07,23,Active,Masters,24-08-2025,4.9,Not Provided
502425,Sneha Bose,21,Operations,Chennai,83259.18,26.8,Unknown,Masters,19-03-2018,1,sneha.bose2425@company.com
502339,Suresh Bose,49,IT,Bengaluru,104307.54,3.3,Unknown,Diploma,09-04-2015,6.8,suresh.bose2339@company.com
500850,Priya Yadav,40,Sales,Chennai,108189.82,20.8,On Leave,Masters,14-01-2025,5.7,priya.yadav850@company.com
504654,Manish Bhatia,50,Sales,Hyderabad,41789.61,8.5,Active,Bachelors,16-11-2021,1.2,manish.bhatia4654@company.com
503452,Meena Sinha,30,Support,Lucknow,84509.32,3.8,Inactive,Bachelors,26-05-2016,4,meena.sinha3452@company.com
502522,Preeti Thakur,22,Operations,Bengaluru,84509.32,34.7,Inactive,Diploma,18-12-2024,5.5,preeti.thakur2522@company.com
500480,Suresh Ghosh,32,Marketing,Unknown,39920.67,21.3,On Leave,Masters,07-09-2024,7.1,suresh.ghosh480@company.com
500671,Simran Bhatia,44,Marketing,Unknown,116793.46,2.4,Inactive,Bachelors,17-04-2021,9.4,simran.bhatia671@company.com
504542,Nisha Yadav,55,Support,Lucknow,137471.43,22.3,Active,Bachelors,18-02-2018,4.7,nisha.yadav4542@company.com
504719,Gaurav Thakur,21,Logistics,Delhi,35792.86,33.9,Unknown,Unknown,20-07-2016,3.6,gaurav.thakur4719@company.com
502511,Amit Ghosh,44,Unknown,Unknown,41100.89,23.9,Unknown,Masters,19-01-2017,5.8,amit.ghosh2511@company.com
502859,Isha Thakur,58,Marketing,Ahmedabad,90647.16,14.9,On Leave,PhD,15-12-2020,7.6,isha.thakur2859@company.com
504451,Ashok Thakur,50,Unknown,Unknown,148855.45,25.8,Active,Diploma,25-04-2015,6,ashok.thakur4451@company.com
502284,Neha Thakur,55,Marketing,Mumbai,60652.04,20.5,Active,Bachelors,25-09-2015,1.9,neha.thakur2284@company.com
504983,Gaurav Bansal,52,Unknown,Bengaluru,129538.91,17.6,Active,Unknown,27-10-2016,7.2,gaurav.bansal4983@company.com
502148,Rahul Dixit,49,IT,Mumbai,137529.45,17.6,Active,Unknown,09-01-2015,7.1,rahul.dixit2148@company.com
504213,Sneha Bose,48,Sales,Bengaluru,23958.02,0.3,Inactive,Masters,25-10-2019,1.5,sneha.bose4213@company.com
502712,Gaurav Saxena,27,Support,Bengaluru,85118.46,23,Unknown,Diploma,15-04-2021,9.5,gaurav.saxena2712@company.com
501211,Manish Yadav,28,Logistics,Pune,108636.62,28.5,Active,Unknown,03-10-2023,5.5,manish.yadav1211@company.com
501698,Nisha Bansal,34,Sales,Jaipur,40182.17,5.2,Active,PhD,10-09-2016,8.1,nisha.bansal1698@company.com
501621,Deepak Malik,34,Sales,Jaipur,76227.35,6.4,On Leave,Bachelors,19-09-2023,9.7,deepak.malik1621@company.com
500266,Deepak Yadav,50,Finance,Ahmedabad,136545.69,9,Unknown,Unknown,22-01-2024,5.3,deepak.yadav266@company.com
503610,Priya Malik,45,HR,Mumbai,133069.7,27.2,Inactive,Masters,01-08-2025,6.8,priya.malik3610@company.com
503672,Preeti Bansal,40,IT,Bengaluru,85739.43,32.5,Active,Masters,20-10-2022,9.1,preeti.bansal3672@company.com
503299,Karan Pandey,37,Sales,Delhi,143045.73,19.8,On Leave,Masters,08-11-2023,2,karan.pandey3299@company.com
503285,Arjun Agarwal,41,IT,Bengaluru,133058.49,31.4,Inactive,Diploma,04-08-2023,9.6,arjun.agarwal3285@company.com
502763,Gaurav Sinha,27,Logistics,Chennai,32540.08,17,On Leave,Bachelors,23-04-2018,3.3,gaurav.sinha2763@company.com
502191,Simran Saxena,52,Support,Pune,132000.57,9.9,Active,Diploma,12-04-2022,3.4,simran.saxena2191@company.com
501923,Rahul Choudhary,54,Unknown,Lucknow,60650.33,28.1,Active,PhD,21-10-2019,8.8,rahul.choudhary1923@company.com
504771,Shreya Choudhary,30,Unknown,Pune,62773.95,8.1,Inactive,Unknown,13-04-2025,3.5,shreya.choudhary4771@company.com
501165,Kavita Pandey,54,Unknown,Delhi,84417.58,23,Active,Diploma,17-09-2021,2.7,kavita.pandey1165@company.com
501729,Nisha Khanna,40,Unknown,Chennai,130984.46,13.3,Active,Masters,23-04-2015,4.7,nisha.khanna1729@company.com
502189,Karan Nanda,47,Sales,Delhi,84509.32,14.5,On Leave,Unknown,03-03-2015,8.1,karan.nanda2189@company.com
500356,Anjali Dixit,57,Finance,Unknown,145357.29,26.3,Active,Masters,02-12-2025,5.6,anjali.dixit356@company.com
502673,Preeti Nanda,26,Marketing,Ahmedabad,67770.77,16.5,Active,Diploma,19-12-2021,2.1,preeti.nanda2673@company.com
504643,Swati Trivedi,55,Unknown,Bengaluru,124418.56,9.5,Inactive,Masters,07-10-2020,5.5,swati.trivedi4643@company.com
503394,Karan Bhatia,57,Unknown,Delhi,92838.35,16.2,Inactive,PhD,26-04-2018,5.5,karan.bhatia3394@company.com
501331,Preeti Nanda,37,Support,Chennai,147156.18,3.6,Inactive,Diploma,04-07-2021,8.6,preeti.nanda1331@company.com
502002,Ashok Khanna,38,Logistics,Pune,84509.32,24.6,On Leave,Bachelors,22-01-2025,6,ashok.khanna2002@company.com
503201,Rajesh Malik,29,IT,Unknown,49079.11,23.7,Inactive,Unknown,02-02-2020,6.3,rajesh.malik3201@company.com
500923,Deepak Ghosh,42,Unknown,Kolkata,47708.85,28.1,On Leave,Diploma,18-09-2022,2,deepak.ghosh923@company.com
500017,  Vikram Rastogi  ,50,HR,Kolkata,64519.38,14.4,On Leave,Bachelors,14-02-2023,3.6,vikram.rastogi17@company.com
503278,Shreya Yadav,24,IT,Unknown,124287.14,14.9,Active,Unknown,24-02-2020,3,shreya.yadav3278@company.com
503923,  Isha Mishra  ,45,Marketing,Bengaluru,41319.01,20.2,Inactive,Bachelors,08-02-2024,4.2,isha.mishra3923@company.com
501428,Sneha Trivedi,29,IT,Pune,141074.39,26.6,Active,Masters,23-10-2015,6.2,sneha.trivedi1428@company.com
501719,Preeti Chauhan,31,Marketing,Unknown,84509.32,19,On Leave,Masters,07-06-2019,4.5,preeti.chauhan1719@company.com
501533,Sanjay Agarwal,54,Sales,Lucknow,102559.58,5.9,Unknown,Diploma,20-05-2024,2.5,sanjay.agarwal1533@company.com
500925,Swati Goel,50,Finance,Chennai,107736.19,14.8,On Leave,Unknown,19-11-2022,1.3,swati.goel925@company.com
504406,Sneha Nanda,23,Finance,Mumbai,96689.9,17.6,Inactive,PhD,16-03-2019,6.4,sneha.nanda4406@company.com
503490,Amit Mishra,41,Support,Unknown,52088.85,23.4,Active,PhD,01-11-2021,9.7,amit.mishra3490@company.com
500592,Priya Thakur,53,Unknown,Ahmedabad,43493.7,13.2,Inactive,Diploma,02-12-2024,5.5,priya.thakur592@company.com
504433,Swati Bansal,43,IT,Unknown,63583.78,14.2,Active,Diploma,26-02-2025,6.9,swati.bansal4433@company.com
501810,Deepak Bansal,52,Support,Mumbai,86261.46,18.1,Unknown,PhD,23-08-2016,4.3,deepak.bansal1810@company.com
504120,Arjun Nanda,52,IT,Jaipur,76494.92,11.6,Inactive,Masters,04-03-2015,5.8,arjun.nanda4120@company.com
501102,Karan Saxena,40,Operations,Bengaluru,114464.14,19.4,Inactive,Masters,18-02-2021,1.7,karan.saxena1102@company.com
503020,  Deepak Mishra  ,24,Marketing,Unknown,113482.62,7.4,Unknown,Bachelors,13-08-2019,6.9,deepak.mishra3020@company.com
501367,Arjun Sinha,21,Sales,Chennai,60529.26,16.6,Active,Unknown,16-01-2025,4.5,arjun.sinha1367@company.com
502518,Meena Rastogi,55,Finance,Delhi,88814.08,17.1,Inactive,Masters,21-09-2016,7,meena.rastogi2518@company.com
503405,Rajesh Rastogi,24,Support,Bengaluru,137964.02,7,Active,Diploma,01-03-2016,9.5,Not Provided
502571,Vikram Agarwal,36,Operations,Hyderabad,94168.82,22.4,Active,Masters,23-01-2017,8.7,vikram.agarwal2571@company.com
504416,Anjali Trivedi,31,Sales,Pune,132275.99,2.1,On Leave,Bachelors,14-06-2015,8.4,anjali.trivedi4416@company.com
503454,Suresh Yadav,54,Sales,Unknown,134153.94,8.1,On Leave,Bachelors,24-06-2025,4,suresh.yadav3454@company.com
502722,Rahul Choudhary,33,IT,Unknown,98207.65,12.9,Inactive,PhD,14-02-2022,7.3,Not Provided
501610,Sneha Pandey,29,IT,Unknown,73541.47,17.3,Active,Bachelors,11-11-2022,2.1,sneha.pandey1610@company.com
500745,Anjali Rastogi,52,Sales,Mumbai,143258.59,17.6,Active,Unknown,05-05-2024,5.5,anjali.rastogi745@company.com
502005,Suresh Mishra,37,Sales,Jaipur,79299.77,4.8,Inactive,Diploma,13-08-2025,5.5,suresh.mishra2005@company.com
504465,Rahul Khanna,49,IT,Chennai,84509.32,11.2,Inactive,Bachelors,20-01-2018,7.3,rahul.khanna4465@company.com
502410,Swati Agarwal,58,IT,Hyderabad,21045.17,23.6,Unknown,Bachelors,09-06-2024,4.1,swati.agarwal2410@company.com
500302,Anjali Ghosh,25,Sales,Unknown,39136.67,17.7,Inactive,Masters,22-12-2023,7,anjali.ghosh302@company.com
503913,Suresh Ghosh,56,HR,Unknown,45661.15,8.5,Active,Masters,13-11-2019,9.3,suresh.ghosh3913@company.com
504661,Arjun Chauhan,58,Sales,Hyderabad,28938.23,17.6,Active,Bachelors,07-05-2024,1.1,arjun.chauhan4661@company.com
501232,Kavita Nanda,52,Sales,Unknown,79570.19,1.3,Active,Unknown,07-10-2019,2.1,kavita.nanda1232@company.com
501287,Pooja Dixit,46,Sales,Pune,85922.71,17.6,Unknown,Unknown,03-12-2020,5.8,pooja.dixit1287@company.com
500122,Arjun Ghosh,27,Support,Unknown,84509.32,7,Active,Unknown,17-04-2020,2.5,arjun.ghosh122@company.com
500853,  Vijay Trivedi  ,43,Marketing,Bengaluru,101644.22,4.9,Inactive,Bachelors,07-05-2018,7.1,vijay.trivedi853@company.com
502487,Swati Khanna,23,Marketing,Unknown,62964.68,18.2,Inactive,Bachelors,24-09-2020,2.8,swati.khanna2487@company.com
504751,Sneha Ghosh,46,Sales,Hyderabad,128469.01,23.3,Inactive,Unknown,13-03-2021,3.3,sneha.ghosh4751@company.com
502652,Vikram Bansal,52,Unknown,Hyderabad,79949.06,6.4,Active,Diploma,14-12-2018,6.2,vikram.bansal2652@company.com
504596,Anjali Trivedi,39,Marketing,Unknown,70454.71,9.1,Active,Unknown,18-12-2015,8.2,anjali.trivedi4596@company.com
500007,Preeti Yadav,50,IT,Unknown,33370.17,24.6,Unknown,Bachelors,20-03-2018,1.6,preeti.yadav7@company.com
503196,Sanjay Choudhary,23,Marketing,Mumbai,80553.7,7.1,Unknown,Bachelors,17-12-2019,5.5,sanjay.choudhary3196@company.com
504610,Shreya Saxena,28,Marketing,Bengaluru,80272.07,33.2,Inactive,Masters,03-03-2015,5.5,shreya.saxena4610@company.com
504080,Nisha Dixit,30,IT,Chennai,71346.73,17.6,Active,Masters,06-01-2016,2.5,nisha.dixit4080@company.com
502707,Shreya Malik,45,Logistics,Kolkata,114088.83,8.6,Active,Bachelors,01-08-2016,9.7,shreya.malik2707@company.com
500537,Nisha Dixit,40,Marketing,Lucknow,102808.68,21.5,Unknown,Unknown,27-09-2020,2.6,nisha.dixit537@company.com
501180,Nikhil Goel,40,Sales,Delhi,107094.94,0.1,Active,Bachelors,22-12-2018,3.2,nikhil.goel1180@company.com
500589,Karan Khanna,37,Marketing,Jaipur,104844.63,17.6,Inactive,PhD,21-03-2019,5.1,karan.khanna589@company.com
504816,Nikhil Bose,30,IT,Bengaluru,103675.2,19.2,Active,Bachelors,26-11-2015,4.5,nikhil.bose4816@company.com
501759,Suresh Yadav,50,IT,Mumbai,122753.22,13.4,Inactive,Bachelors,23-05-2017,5.8,suresh.yadav1759@company.com
501461,Priya Chauhan,51,Support,Chennai,114926.72,11,Active,Masters,11-06-2016,7.1,priya.chauhan1461@company.com
500933,Manish Nanda,51,Operations,Unknown,146340.42,14.2,Active,PhD,17-09-2018,5.5,manish.nanda933@company.com
503953,Arjun Ghosh,23,HR,Delhi,62466.59,26.1,Active,Masters,12-08-2021,7.3,arjun.ghosh3953@company.com
502503,Sanjay Trivedi,41,Unknown,Chennai,41456.13,9,Active,Bachelors,10-09-2025,3.3,sanjay.trivedi2503@company.com
503324,Nikhil Bansal,32,Support,Kolkata,84509.32,15.3,Active,Bachelors,01-02-2021,2.3,nikhil.bansal3324@company.com
502269,Arjun Khanna,56,Sales,Unknown,57570.64,17.6,Inactive,Masters,14-09-2016,9.4,arjun.khanna2269@company.com
504579,Swati Saxena,40,Marketing,Chennai,144580.15,12.1,Inactive,Masters,10-05-2019,7.1,swati.saxena4579@company.com
504006,Nisha Thakur,55,Support,Hyderabad,99989.44,10.5,On Leave,Masters,21-06-2020,4.5,nisha.thakur4006@company.com
502668,Neha Goel,24,Marketing,Jaipur,33831.56,24.3,Inactive,Bachelors,01-11-2015,8.9,neha.goel2668@company.com
501647,Preeti Thakur,58,HR,Delhi,37984.12,21.1,Inactive,Bachelors,06-09-2019,1.5,preeti.thakur1647@company.com
504300,Vijay Pandey,45,Finance,Mumbai,130652.32,14.9,Active,Unknown,22-08-2025,5.5,vijay.pandey4300@company.com
502550,Rahul Pandey,34,Operations,Mumbai,26214.68,2.9,Unknown,Masters,17-06-2019,8.1,rahul.pandey2550@company.com
504508,  Suresh Bhatia  ,40,Finance,Jaipur,30435.03,32.8,Inactive,PhD,20-12-2024,7,suresh.bhatia4508@company.com
500316,Arjun Malik,36,Logistics,Mumbai,74497.9,17.9,Active,Masters,08-04-2023,7.8,arjun.malik316@company.com
504973,Sanjay Yadav,52,Operations,Delhi,122569.29,29.4,Inactive,Unknown,18-12-2022,2,sanjay.yadav4973@company.com
504717,Rajesh Nanda,56,IT,Bengaluru,125531.4,9.1,Active,Bachelors,17-12-2017,5,rajesh.nanda4717@company.com
500145,Suresh Pandey,37,Sales,Jaipur,33584.32,28.9,Active,Unknown,09-09-2020,5.5,suresh.pandey145@company.com
501098,Sanjay Rastogi,39,Sales,Delhi,84509.32,4.1,Unknown,Bachelors,09-11-2024,9.4,sanjay.rastogi1098@company.com
504247,Isha Ghosh,38,Unknown,Delhi,33039.08,6.2,On Leave,Bachelors,18-11-2022,4.4,isha.ghosh4247@company.com
503942,Preeti Thakur,53,IT,Mumbai,110936.83,17.2,Inactive,Masters,16-11-2015,5.5,preeti.thakur3942@company.com
504693,Sanjay Choudhary,30,Unknown,Unknown,129649.82,1,Inactive,Diploma,02-08-2016,6.8,sanjay.choudhary4693@company.com
501220,Sneha Agarwal,48,Sales,Delhi,66057.9,23.4,Inactive,PhD,19-08-2024,5.5,sneha.agarwal1220@company.com
502543,Meena Pandey,21,Logistics,Delhi,84509.32,28.5,Active,Bachelors,06-11-2019,4,meena.pandey2543@company.com
502351,Suresh Mishra,58,Marketing,Unknown,84509.32,28.2,Inactive,Unknown,23-02-2023,2.2,suresh.mishra2351@company.com
501756,  Rajesh Bhatia  ,50,Operations,Delhi,92405.59,28.6,Inactive,Diploma,14-05-2020,9.7,rajesh.bhatia1756@company.com
503140,Rohan Dixit,25,Sales,Kolkata,85503.47,17.6,Active,Bachelors,14-04-2023,3.7,rohan.dixit3140@company.com
501582,Priya Thakur,45,Support,Kolkata,86053.21,35,Inactive,Bachelors,02-02-2020,3.7,priya.thakur1582@company.com
504175,Swati Goel,29,Marketing,Mumbai,73579.72,7.5,Inactive,Unknown,17-09-2018,4.4,Not Provided
504442,Priya Dixit,57,Marketing,Unknown,84509.32,30.8,Active,Unknown,07-02-2021,5.5,priya.dixit4442@company.com
500202,Nikhil Thakur,32,Unknown,Pune,92092.23,5.9,On Leave,Bachelors,03-03-2022,5.5,nikhil.thakur202@company.com
501745,Karan Saxena,48,IT,Chennai,27145.29,17.6,Inactive,Bachelors,27-12-2015,6,karan.saxena1745@company.com
503002,Meena Mishra,56,IT,Unknown,27643.93,27,Inactive,PhD,20-12-2017,9.5,meena.mishra3002@company.com
501432,Ritu Sinha,31,Support,Lucknow,90920.36,2.8,Inactive,Masters,06-09-2015,1.9,ritu.sinha1432@company.com
502558,Nikhil Bose,59,Sales,Ahmedabad,83868.99,10,Active,Unknown,03-11-2017,8.6,nikhil.bose2558@company.com
504852,Divya Ghosh,26,Unknown,Delhi,84509.32,28.4,Inactive,Masters,21-11-2024,8.1,divya.ghosh4852@company.com
502548,Ritu Rastogi,49,Sales,Ahmedabad,84509.32,24.2,Inactive,Masters,05-11-2016,6.4,ritu.rastogi2548@company.com
500582,Rohan Agarwal,26,Finance,Unknown,99426.1,3.6,Active,Masters,27-03-2016,4.5,rohan.agarwal582@company.com
500708,Simran Rastogi,23,Marketing,Bengaluru,41060.96,17.6,Inactive,Masters,22-04-2021,4.5,simran.rastogi708@company.com
503607,Rajesh Malik,26,IT,Hyderabad,66637.63,33.1,Inactive,PhD,24-10-2015,1.8,rajesh.malik3607@company.com
503870,Priya Bansal,43,Sales,Ahmedabad,147202.44,21.4,Unknown,Bachelors,22-07-2025,3.9,priya.bansal3870@company.com
502196,Neha Nanda,36,Operations,Mumbai,121267.76,12.1,Active,Bachelors,13-06-2024,2.8,neha.nanda2196@company.com
501916,Shreya Goel,28,Marketing,Unknown,71450.37,16.8,Inactive,Masters,01-11-2025,3.2,shreya.goel1916@company.com
503824,Shreya Bhatia,31,HR,Chennai,84509.32,22,On Leave,Unknown,22-04-2024,3.8,shreya.bhatia3824@company.com
500332,Rohan Malik,28,IT,Bengaluru,24439.34,22.6,Unknown,PhD,03-09-2023,9.3,rohan.malik332@company.com
504073,Meena Saxena,23,Unknown,Bengaluru,94656.67,33.4,Unknown,Unknown,16-01-2020,8.9,meena.saxena4073@company.com
504210,Sneha Bose,25,Marketing,Unknown,50135.61,17.1,On Leave,Diploma,12-02-2023,7.6,sneha.bose4210@company.com
501832,Swati Sinha,25,Operations,Mumbai,124619.22,32,Inactive,Bachelors,02-07-2023,2.8,swati.sinha1832@company.com
501669,Ritu Choudhary,30,Operations,Bengaluru,88292.97,31.5,Unknown,Masters,04-05-2015,5.5,ritu.choudhary1669@company.com
500857,Rajesh Saxena,32,Finance,Hyderabad,87680.42,35,Inactive,Unknown,04-09-2020,3.7,rajesh.saxena857@company.com
502685,Vijay Malik,27,Logistics,Delhi,26194.05,32.6,Active,Unknown,08-03-2016,8.5,vijay.malik2685@company.com
502050,Preeti Trivedi,40,Marketing,Unknown,60818.53,9.8,Active,PhD,17-11-2020,6.6,preeti.trivedi2050@company.com
504065,Rahul Nanda,38,Marketing,Unknown,84509.32,17.6,Inactive,Bachelors,24-10-2019,5.5,rahul.nanda4065@company.com
501627,Priya Ghosh,21,Finance,Bengaluru,144156.61,15.1,Inactive,Diploma,16-03-2016,8.6,priya.ghosh1627@company.com
500478,Suresh Rastogi,53,Sales,Jaipur,31514.93,30.2,Inactive,Unknown,03-02-2020,1.9,suresh.rastogi478@company.com
500035,Deepak Nanda,42,Unknown,Bengaluru,48103,26.4,Unknown,Unknown,02-07-2024,5.2,deepak.nanda35@company.com
500746,Kavita Mishra,26,IT,Unknown,103509.09,33.5,Inactive,Unknown,26-04-2025,5.5,kavita.mishra746@company.com
502155,Rahul Saxena,22,Sales,Bengaluru,103419.56,22.9,Active,Bachelors,09-06-2023,3.5,rahul.saxena2155@company.com
503030,Vikram Bhatia,38,IT,Delhi,90901.83,32.8,Unknown,Diploma,19-06-2016,6.5,vikram.bhatia3030@company.com
502132,Rajesh Bansal,29,IT,Jaipur,21318.26,31.8,Unknown,Unknown,13-01-2020,6.4,rajesh.bansal2132@company.com
503426,Preeti Bhatia,48,Sales,Bengaluru,112530.38,17.6,Inactive,PhD,04-07-2021,3.9,preeti.bhatia3426@company.com
504805,Sneha Mishra,28,Unknown,Pune,148681.21,17.6,Active,PhD,20-09-2016,7.7,sneha.mishra4805@company.com
503627,Gaurav Bhatia,54,Unknown,Lucknow,104038.92,31.4,Unknown,Unknown,10-07-2019,6.8,Not Provided
503917,Ritu Agarwal,24,Logistics,Unknown,113192.12,35,Active,Unknown,14-11-2025,7.2,ritu.agarwal3917@company.com
502211,Preeti Yadav,41,Unknown,Mumbai,64764.62,17.6,On Leave,Masters,23-10-2018,1.2,preeti.yadav2211@company.com
500955,Divya Rastogi,50,Marketing,Bengaluru,41547.46,27.8,Inactive,Diploma,01-07-2024,7.7,divya.rastogi955@company.com
500103,Ashok Bhatia,54,IT,Unknown,56451.11,23.3,Inactive,Masters,23-07-2025,5,ashok.bhatia103@company.com
503898,Neha Thakur,23,Unknown,Mumbai,55217.91,25.2,On Leave,Diploma,18-10-2017,4.2,neha.thakur3898@company.com
503784,Gaurav Malik,48,HR,Bengaluru,84509.32,18.4,Active,Bachelors,06-07-2025,2.6,gaurav.malik3784@company.com
503561,Kavita Khanna,31,Unknown,Mumbai,58360.84,17.6,Active,Bachelors,13-02-2015,2.9,kavita.khanna3561@company.com
504871,Simran Nanda,47,IT,Chennai,84509.32,3.6,Active,Diploma,17-07-2016,2,simran.nanda4871@company.com
501264,Simran Nanda,36,Operations,Bengaluru,84509.32,22,Active,Bachelors,26-04-2025,5.9,simran.nanda1264@company.com
504938,Rajesh Ghosh,49,Operations,Delhi,122434.43,13.6,On Leave,Bachelors,03-05-2017,2.8,rajesh.ghosh4938@company.com
500013,Sneha Malik,24,IT,Kolkata,51212.55,5.7,Active,PhD,04-06-2021,1.8,sneha.malik13@company.com
501737,Amit Nanda,58,IT,Mumbai,84509.32,10.7,Active,Unknown,08-05-2021,5.5,amit.nanda1737@company.com
501449,Nisha Saxena,40,Sales,Unknown,94057.26,2,Active,Unknown,16-09-2025,5.5,nisha.saxena1449@company.com
502853,Pooja Mishra,40,Unknown,Ahmedabad,83884.74,25,Active,Unknown,24-07-2025,9.2,pooja.mishra2853@company.com
504223,Manish Ghosh,42,Unknown,Bengaluru,135342.62,17.9,Inactive,Masters,24-04-2024,7.3,manish.ghosh4223@company.com
501353,Pooja Choudhary,59,Finance,Pune,148820.73,2.3,Active,Bachelors,14-04-2019,8.2,pooja.choudhary1353@company.com
500558,Simran Nanda,30,IT,Bengaluru,130100.68,29.1,Unknown,Unknown,08-09-2019,9.1,simran.nanda558@company.com
504651,Nikhil Ghosh,24,Marketing,Lucknow,123856.58,25.2,Active,Diploma,09-07-2015,9,nikhil.ghosh4651@company.com
501329,Preeti Thakur,32,Unknown,Delhi,49957.77,17.6,On Leave,Masters,18-12-2019,1.9,preeti.thakur1329@company.com
502622,Manish Nanda,21,Unknown,Ahmedabad,128441.45,10.5,Inactive,Masters,13-09-2021,9.9,manish.nanda2622@company.com
504150,Swati Agarwal,26,Finance,Bengaluru,111429.44,31.2,On Leave,Masters,02-10-2018,3.6,swati.agarwal4150@company.com
504741,Nisha Ghosh,32,Finance,Mumbai,96120.22,15.9,Inactive,Bachelors,05-09-2018,7,nisha.ghosh4741@company.com
500670,Vikram Yadav,48,IT,Mumbai,25927.73,8,Unknown,PhD,21-12-2020,2.4,vikram.yadav670@company.com
504045,Vikram Yadav,30,Unknown,Delhi,84509.32,6.3,Inactive,Masters,12-12-2019,8.8,vikram.yadav4045@company.com
502669,Ashok Ghosh,40,Logistics,Mumbai,84509.32,23.5,Inactive,Masters,10-04-2016,6.3,ashok.ghosh2669@company.com
500474,Shreya Choudhary,45,Unknown,Delhi,133298.95,9.8,Inactive,Unknown,05-10-2025,9.5,shreya.choudhary474@company.com
502117,Suresh Choudhary,26,Sales,Lucknow,65922.93,11.4,Inactive,Diploma,26-02-2020,7.6,suresh.choudhary2117@company.com
502715,Rohan Chauhan,59,IT,Mumbai,23286.34,18.5,Active,Diploma,16-11-2020,9.1,rohan.chauhan2715@company.com
501930,Rahul Bansal,35,IT,Kolkata,147993.03,6.8,Active,Masters,06-04-2019,3,rahul.bansal1930@company.com
500383,Priya Mishra,50,IT,Bengaluru,90543.37,21.5,Active,Unknown,25-10-2017,8.8,priya.mishra383@company.com
503974,Ritu Goel,41,HR,Mumbai,83095.83,30.8,Active,Bachelors,14-05-2016,8.3,ritu.goel3974@company.com
503332,Nikhil Khanna,51,Sales,Chennai,142546.29,3.9,Active,Bachelors,03-08-2023,8.3,nikhil.khanna3332@company.com
503423,Meena Malik,30,IT,Jaipur,88190.4,8.6,Active,Masters,15-09-2020,8.6,meena.malik3423@company.com
503296,Ashok Khanna,46,Marketing,Delhi,63989.01,29.2,Active,Unknown,16-06-2015,3.5,ashok.khanna3296@company.com
500612,Neha Nanda,44,Marketing,Delhi,80679.73,12.1,Active,Bachelors,09-05-2018,7.6,neha.nanda612@company.com
504377,Shreya Nanda,22,Marketing,Pune,99044.96,27.8,Inactive,Unknown,10-03-2015,3.6,shreya.nanda4377@company.com
502900,Nikhil Mishra,51,Marketing,Delhi,66362.7,16.3,Unknown,Diploma,04-10-2017,5.3,nikhil.mishra2900@company.com
504582,Gaurav Ghosh,36,Unknown,Chennai,81369.8,22.1,On Leave,Unknown,14-06-2020,5.5,gaurav.ghosh4582@company.com
502564,Karan Agarwal,23,Logistics,Chennai,112519.33,15,Inactive,Masters,24-03-2023,1.8,karan.agarwal2564@company.com
501244,Pooja Bose,55,IT,Kolkata,78804.55,24.6,Inactive,Unknown,15-12-2018,9,pooja.bose1244@company.com
500721,Anjali Mishra,30,Unknown,Unknown,148958.99,10.1,Inactive,Masters,26-09-2017,9.7,anjali.mishra721@company.com
500712,Meena Yadav,21,Marketing,Jaipur,97696,14.7,Active,Diploma,16-12-2022,3.2,meena.yadav712@company.com
501197,Nikhil Goel,40,Sales,Mumbai,75125.58,19,On Leave,Unknown,01-06-2019,1.2,nikhil.goel1197@company.com
500522,Nikhil Sinha,30,HR,Unknown,110499.97,2.4,Inactive,PhD,16-05-2025,1.4,nikhil.sinha522@company.com
504328,Anjali Goel,33,Marketing,Chennai,28930.22,17.6,Active,Bachelors,10-01-2016,5.5,anjali.goel4328@company.com
502690,Vijay Agarwal,55,HR,Chennai,52914.53,9.7,Inactive,PhD,22-12-2019,5.8,vijay.agarwal2690@company.com
501360,Vikram Pandey,40,Marketing,Chennai,62516.91,6.8,Active,Masters,07-02-2019,5.5,vikram.pandey1360@company.com
501530,Shreya Sinha,47,Marketing,Delhi,40605.64,0.3,Unknown,Unknown,05-09-2021,7.6,shreya.sinha1530@company.com
503361,Deepak Trivedi,33,Operations,Delhi,51414.05,27.3,Active,Masters,07-04-2022,7.3,deepak.trivedi3361@company.com
501133,Amit Agarwal,45,HR,Delhi,57865.01,29.2,Unknown,Bachelors,02-05-2025,5.1,amit.agarwal1133@company.com
504364,Nisha Thakur,32,Marketing,Unknown,112125.97,4.7,Inactive,Diploma,11-10-2016,5.9,nisha.thakur4364@company.com
502597,Neha Trivedi,37,HR,Mumbai,138085.1,21.1,Inactive,Diploma,09-04-2017,1.8,neha.trivedi2597@company.com
504001,  Simran Bhatia  ,27,IT,Bengaluru,134927.92,15.4,Unknown,Diploma,12-12-2019,8.2,simran.bhatia4001@company.com
503498,Anjali Pandey,29,Unknown,Mumbai,73650.38,28.7,Inactive,Diploma,22-06-2021,5.3,anjali.pandey3498@company.com
502032,Ritu Bansal,29,Marketing,Unknown,123321.13,14.5,Inactive,Diploma,26-12-2025,7.8,ritu.bansal2032@company.com
504201,Priya Bhatia,54,Sales,Delhi,43726.52,14.1,Unknown,Unknown,06-01-2017,8.6,priya.bhatia4201@company.com
502353,Rahul Sinha,22,Support,Pune,96589.78,6.9,Inactive,Unknown,13-04-2020,5.5,rahul.sinha2353@company.com
503220,Neha Thakur,48,Marketing,Delhi,138930.11,5.8,Active,Bachelors,13-12-2018,1.8,neha.thakur3220@company.com
502086,Rajesh Chauhan,54,Unknown,Chennai,143010.87,14.9,Unknown,Unknown,27-02-2025,5.8,rajesh.chauhan2086@company.com
502639,Sneha Bansal,21,IT,Delhi,131310.01,28.5,Unknown,Unknown,17-07-2024,4.3,sneha.bansal2639@company.com
500495,Swati Malik,36,Support,Unknown,115730.53,32.3,Active,Masters,10-05-2020,5.4,swati.malik495@company.com
501825,Priya Chauhan,59,Sales,Chennai,75291.94,16.2,Inactive,Masters,10-06-2016,1.2,priya.chauhan1825@company.com
504915,Manish Pandey,31,IT,Chennai,54876.54,18.2,Inactive,Masters,10-01-2022,7.3,manish.pandey4915@company.com
501982,Shreya Goel,28,IT,Hyderabad,95576.85,17.6,On Leave,Bachelors,07-05-2015,9.9,shreya.goel1982@company.com
502925,Isha Goel,46,Finance,Hyderabad,147280.35,29,Active,Masters,19-05-2019,3.8,isha.goel2925@company.com
501123,Vikram Yadav,58,Support,Bengaluru,48090.2,29.7,Active,Masters,21-05-2015,7.3,vikram.yadav1123@company.com
503421,Karan Trivedi,25,HR,Delhi,31226.4,14,On Leave,Masters,10-03-2020,7.2,karan.trivedi3421@company.com
503415,Kavita Sinha,22,Support,Unknown,84301.58,18.2,Active,Bachelors,20-04-2019,9.2,kavita.sinha3415@company.com
500267,Amit Goel,30,Logistics,Unknown,23940.79,10.4,Inactive,Unknown,03-10-2019,8.1,amit.goel267@company.com
503392,Preeti Bose,36,Operations,Unknown,130010.52,20.4,Unknown,Masters,27-05-2023,2.5,preeti.bose3392@company.com
502371,Ashok Agarwal,38,Unknown,Delhi,84509.32,33.8,Unknown,Masters,27-09-2025,1.2,ashok.agarwal2371@company.com
502527,Neha Bansal,59,Support,Kolkata,65362.27,26.3,On Leave,Bachelors,23-12-2024,5.5,neha.bansal2527@company.com
501696,Anjali Rastogi,42,Support,Delhi,93993.25,6.3,Active,Unknown,06-10-2022,5.8,anjali.rastogi1696@company.com
500325,Anjali Dixit,40,IT,Unknown,99399.91,17.7,Inactive,Unknown,15-06-2017,5.5,anjali.dixit325@company.com
502340,Ashok Trivedi,37,Sales,Delhi,88628.45,20.6,Active,Diploma,25-09-2019,2.6,ashok.trivedi2340@company.com
504330,Sanjay Malik,52,Marketing,Ahmedabad,93852.17,20.1,Unknown,Masters,13-09-2021,7.4,sanjay.malik4330@company.com
504031,Deepak Malik,47,HR,Bengaluru,54453.38,34.8,Active,Unknown,25-02-2016,4.3,deepak.malik4031@company.com
500519,Kavita Pandey,45,HR,Hyderabad,56643.67,25.7,Active,Unknown,20-11-2017,8.3,kavita.pandey519@company.com
501879,Manish Sinha,50,HR,Delhi,44087.74,1,Active,Unknown,08-01-2023,5.4,manish.sinha1879@company.com
503899,Suresh Bose,29,Operations,Delhi,41884.42,31.2,Active,Unknown,16-04-2015,5.5,suresh.bose3899@company.com
500426,Isha Sinha,38,Sales,Bengaluru,24647.84,6.4,Active,Bachelors,27-08-2015,3.3,isha.sinha426@company.com
501872,Amit Mishra,40,Finance,Unknown,141920.09,23.9,Inactive,Masters,12-07-2020,5.5,amit.mishra1872@company.com
504316,Isha Trivedi,58,IT,Bengaluru,139963.18,21,On Leave,PhD,25-01-2016,1.7,isha.trivedi4316@company.com
503401,Pooja Khanna,26,Marketing,Kolkata,84509.32,33.8,Inactive,Masters,04-05-2021,4.7,pooja.khanna3401@company.com
500727,Shreya Dixit,30,IT,Unknown,119869.35,27.8,Active,Bachelors,27-08-2016,1,shreya.dixit727@company.com
504699,Simran Khanna,45,Support,Pune,120449.33,17.6,Inactive,Masters,13-07-2021,4.4,Not Provided
500674,Suresh Chauhan,21,HR,Bengaluru,21270.14,20.3,Active,Masters,18-10-2018,4.6,suresh.chauhan674@company.com
502912,Shreya Thakur,35,Support,Unknown,76856.37,17.9,On Leave,Bachelors,14-12-2021,2.6,shreya.thakur2912@company.com
502082,Amit Nanda,36,Marketing,Mumbai,103465.14,17.6,On Leave,Bachelors,18-06-2020,4.3,amit.nanda2082@company.com
500224,Meena Chauhan,50,Marketing,Hyderabad,123989.77,2,Inactive,Unknown,03-06-2024,3.3,meena.chauhan224@company.com
503457,Manish Mishra,36,Support,Delhi,92433.49,4.9,Active,PhD,15-08-2022,3,manish.mishra3457@company.com
502057,Rahul Trivedi,40,Finance,Ahmedabad,103199.23,23.5,Inactive,Unknown,26-05-2021,2.1,rahul.trivedi2057@company.com
503009,Rahul Ghosh,27,Operations,Lucknow,36518.88,2.5,Unknown,Bachelors,21-08-2023,5.5,rahul.ghosh3009@company.com
502790,Nisha Mishra,30,IT,Bengaluru,99530.85,13.9,Active,Masters,20-04-2015,5.5,nisha.mishra2790@company.com
500065,Meena Malik,23,Marketing,Chennai,120171.62,1.2,Inactive,Masters,24-09-2021,5.5,meena.malik65@company.com
500544,Vikram Agarwal,41,Operations,Mumbai,84509.32,13.1,Inactive,Bachelors,22-03-2022,2.6,vikram.agarwal544@company.com
503280,Karan Nanda,26,Sales,Delhi,87252.78,8.3,Unknown,Bachelors,06-07-2020,5.1,karan.nanda3280@company.com
501694,Karan Bansal,43,Unknown,Unknown,93523.12,5.2,Unknown,Diploma,03-02-2025,4,Not Provided
500312,Vikram Nanda,48,IT,Unknown,50668.5,7.6,Inactive,Unknown,11-08-2018,6.3,vikram.nanda312@company.com
504517,Priya Ghosh,23,Unknown,Ahmedabad,56212.44,23.7,Unknown,Masters,11-04-2017,4.2,priya.ghosh4517@company.com
502720,Ashok Bhatia,52,Support,Bengaluru,94973.24,14.5,Inactive,Masters,13-09-2017,1.1,ashok.bhatia2720@company.com
503091,Divya Bansal,51,Finance,Lucknow,71347.21,3.5,Inactive,Unknown,26-08-2024,5.5,divya.bansal3091@company.com
500039,Arjun Bose,45,Marketing,Unknown,60114.28,20.7,Unknown,PhD,16-05-2020,8.9,arjun.bose39@company.com
503465,Ritu Bansal,31,Support,Unknown,61608.6,17.6,Active,Diploma,19-12-2017,5.5,ritu.bansal3465@company.com
500783,Divya Mishra,47,Sales,Bengaluru,50375.62,6.9,Active,PhD,09-07-2016,9.9,divya.mishra783@company.com
500514,Deepak Bansal,54,Sales,Unknown,84509.32,12.4,Unknown,Diploma,18-04-2022,5.4,deepak.bansal514@company.com
504329,Gaurav Trivedi,41,Support,Ahmedabad,23784.24,3.8,On Leave,Masters,17-08-2025,2.7,gaurav.trivedi4329@company.com
501573,Isha Choudhary,52,IT,Unknown,109113.42,4.2,On Leave,Bachelors,14-03-2025,9.9,isha.choudhary1573@company.com
500445,Deepak Yadav,31,Support,Mumbai,46049.11,17.6,On Leave,PhD,14-05-2025,6.2,deepak.yadav445@company.com
504422,Nisha Bose,50,Finance,Mumbai,148293.67,3,Inactive,Masters,17-09-2024,5.5,nisha.bose4422@company.com
501096,Suresh Yadav,40,Marketing,Chennai,84509.32,24.1,Inactive,Bachelors,17-11-2017,7,suresh.yadav1096@company.com
500509,Swati Trivedi,21,IT,Delhi,84509.32,19.8,Active,Bachelors,19-09-2025,4.6,swati.trivedi509@company.com
501586,Nikhil Nanda,30,Support,Unknown,84509.32,7.1,Active,Unknown,19-10-2025,5.5,nikhil.nanda1586@company.com
503273,Pooja Rastogi,49,Sales,Pune,131114.94,25.5,Active,Unknown,07-11-2023,3.1,pooja.rastogi3273@company.com
503968,Gaurav Nanda,23,Operations,Kolkata,34063.35,7.2,Active,Unknown,09-04-2017,5.5,gaurav.nanda3968@company.com
502807,Kavita Nanda,52,Sales,Jaipur,84509.32,24.3,Active,Bachelors,12-04-2021,4.4,Not Provided
501550,Vijay Chauhan,25,IT,Bengaluru,25292,11.1,Unknown,Masters,13-05-2018,6.7,vijay.chauhan1550@company.com
504925,Rohan Malik,50,HR,Delhi,79194.24,28.4,On Leave,Diploma,19-12-2024,9.8,rohan.malik4925@company.com
504090,Gaurav Chauhan,26,Finance,Lucknow,57470.42,17.6,Unknown,Diploma,04-10-2021,3.5,gaurav.chauhan4090@company.com
504192,Ashok Bose,35,HR,Chennai,65862.7,5.7,On Leave,Unknown,01-03-2023,1.3,ashok.bose4192@company.com
501683,Sneha Thakur,42,Unknown,Delhi,30829.27,17.6,Active,PhD,11-08-2016,8.6,sneha.thakur1683@company.com
503398,  Nikhil Trivedi  ,35,Marketing,Unknown,24752.81,7.1,Active,Masters,17-12-2022,8.4,nikhil.trivedi3398@company.com
501261,Shreya Trivedi,23,Operations,Lucknow,121720.44,22.8,On Leave,Diploma,06-06-2019,6.4,shreya.trivedi1261@company.com
503073,Simran Chauhan,53,Unknown,Mumbai,84509.32,25.6,Active,Diploma,06-08-2023,5.2,simran.chauhan3073@company.com
501341,Rohan Khanna,55,Marketing,Chennai,28063.66,16.4,Active,Unknown,10-09-2018,4.6,rohan.khanna1341@company.com
500611,Neha Ghosh,36,HR,Mumbai,143617.4,24,On Leave,Masters,25-10-2020,9.4,neha.ghosh611@company.com
503555,  Swati Trivedi  ,45,Finance,Jaipur,111312.26,14.5,On Leave,Bachelors,06-09-2023,2.3,swati.trivedi3555@company.com
502823,Divya Choudhary,53,Sales,Pune,57119.76,28.1,Unknown,Masters,15-11-2023,6.2,divya.choudhary2823@company.com
502027,Karan Sinha,47,Sales,Unknown,109980.97,6.8,Active,Bachelors,20-03-2022,9.5,karan.sinha2027@company.com
502802,Kavita Bansal,26,Sales,Pune,54076.39,18.7,Inactive,Diploma,12-11-2023,9.4,kavita.bansal2802@company.com
504426,Suresh Mishra,53,Unknown,Lucknow,59977.38,18.7,On Leave,PhD,21-08-2020,2.8,suresh.mishra4426@company.com
503993,Suresh Yadav,51,Unknown,Unknown,124443.84,11,Inactive,Unknown,01-11-2015,5.5,suresh.yadav3993@company.com
501969,Ritu Sinha,56,Finance,Unknown,61889.32,22.6,Active,Bachelors,06-11-2016,1.2,ritu.sinha1969@company.com
503449,Shreya Mishra,24,Unknown,Pune,52413.81,32.7,Inactive,Unknown,15-06-2020,5.5,shreya.mishra3449@company.com
501386,Manish Pandey,49,Sales,Chennai,93525,32,On Leave,Masters,16-05-2024,2.9,manish.pandey1386@company.com
502395,Vikram Rastogi,47,Marketing,Delhi,29012.89,23.1,On Leave,Unknown,21-11-2017,9.6,vikram.rastogi2389@company.com
503665,Simran Nanda,57,IT,Kolkata,111918.25,5.7,Active,Unknown,25-10-2019,3,simran.nanda3665@company.com
502430,Manish Pandey,39,Finance,Unknown,102701.51,29.6,Active,Unknown,03-06-2024,7.4,Not Provided
504599,Simran Choudhary,55,Sales,Unknown,135237.46,8.3,On Leave,Unknown,05-09-2017,2.8,simran.choudhary4599@company.com
502242,Priya Yadav,56,IT,Delhi,57121.03,15.6,On Leave,Masters,23-06-2022,1.7,priya.yadav2242@company.com
502756,Neha Khanna,47,HR,Bengaluru,64430.14,29.3,Inactive,Unknown,02-05-2019,7.3,neha.khanna2756@company.com
504371,Ritu Bose,33,Sales,Ahmedabad,140678.37,19.9,Active,Masters,09-07-2018,5.1,ritu.bose4371@company.com
502145,Arjun Sinha,29,Finance,Hyderabad,135655.55,12,Active,Masters,10-06-2016,3.6,arjun.sinha2145@company.com
503291,Simran Pandey,43,Support,Bengaluru,26925.05,34.7,Active,Diploma,07-11-2019,6.6,simran.pandey3291@company.com
503315,Divya Goel,55,Operations,Lucknow,28036.98,22.2,Inactive,Unknown,15-07-2022,7.6,divya.goel3315@company.com
500858,  Vijay Ghosh  ,40,Unknown,Unknown,32113.15,2.4,Active,Diploma,21-06-2020,8.2,vijay.ghosh858@company.com
500089,Gaurav Sinha,42,Support,Bengaluru,63395.6,9.9,On Leave,Diploma,20-07-2020,2.3,gaurav.sinha89@company.com
503184,Gaurav Thakur,58,Sales,Jaipur,47497.74,10.7,On Leave,Masters,12-12-2021,5.5,gaurav.thakur3184@company.com
500560,Sneha Bose,33,Support,Lucknow,84509.32,14.3,Unknown,Unknown,09-09-2024,6.5,sneha.bose560@company.com
503964,Gaurav Trivedi,48,Marketing,Unknown,130179.79,25.4,Inactive,Unknown,26-02-2017,2.2,gaurav.trivedi3964@company.com
500649,Swati Thakur,41,HR,Unknown,86987.45,32.3,Active,Masters,17-04-2015,4.4,swati.thakur649@company.com
504992,Priya Malik,58,HR,Bengaluru,106725.68,15.6,Inactive,Bachelors,17-11-2024,4.3,priya.malik4992@company.com
501305,Gaurav Agarwal,22,Unknown,Delhi,84509.32,31.2,Inactive,Bachelors,22-06-2025,3.1,gaurav.agarwal1305@company.com
503308,Simran Malik,59,Sales,Bengaluru,75475.76,16,Active,PhD,06-06-2018,5.3,simran.malik3308@company.com
502676,Manish Malik,36,Unknown,Hyderabad,80149.48,1.1,Inactive,Masters,19-03-2019,9.6,manish.malik2676@company.com
504793,Vikram Trivedi,40,Sales,Unknown,36043.1,20.9,Active,Diploma,22-06-2017,5.5,vikram.trivedi4793@company.com
501527,Priya Mishra,35,Operations,Jaipur,23686.93,13.9,Inactive,Bachelors,14-11-2015,9.2,priya.mishra1527@company.com
501662,Nisha Yadav,53,Sales,Delhi,24454.94,17.6,Inactive,Bachelors,05-12-2019,6.9,nisha.yadav1662@company.com
504093,Priya Saxena,47,Operations,Delhi,35309.96,17.6,Active,Masters,09-02-2023,6.5,priya.saxena4093@company.com
504667,Isha Thakur,49,Marketing,Unknown,33871.9,17.6,Active,PhD,21-09-2019,5.7,isha.thakur4667@company.com
504535,Shreya Bhatia,38,IT,Delhi,84509.32,1.4,On Leave,Bachelors,10-06-2024,8.4,shreya.bhatia4535@company.com
501310,Neha Nanda,44,Finance,Ahmedabad,84509.32,12,Inactive,Masters,15-04-2016,5.5,neha.nanda1310@company.com
501111,Karan Rastogi,34,Sales,Unknown,145514.33,33.1,Inactive,Bachelors,21-01-2018,3.4,karan.rastogi1111@company.com
504069,Sanjay Dixit,56,Logistics,Unknown,107150.48,23.1,Inactive,Unknown,27-10-2025,5.6,sanjay.dixit4069@company.com
500008,Shreya Nanda,41,IT,Delhi,21207.63,15.4,Unknown,Bachelors,27-04-2022,5.7,shreya.nanda8@company.com
504874,  Suresh Thakur  ,55,IT,Bengaluru,66555.25,0.2,Unknown,Masters,03-02-2016,9.1,suresh.thakur4874@company.com
503135,Kavita Agarwal,23,Sales,Ahmedabad,41483.57,28.5,Inactive,Masters,07-12-2017,3.1,kavita.agarwal3135@company.com
503588,Ritu Choudhary,28,IT,Delhi,124688.46,33.7,Inactive,Masters,08-04-2021,9.8,ritu.choudhary3588@company.com
501070,Vijay Malik,34,Finance,Kolkata,139193.02,12.1,Inactive,Unknown,14-03-2021,1.7,vijay.malik1070@company.com
502824,Rajesh Ghosh,35,IT,Unknown,61109.4,26.6,Active,Masters,09-05-2022,5.5,rajesh.ghosh2824@company.com
501849,Vikram Trivedi,33,Operations,Unknown,128304.89,19.7,Active,Diploma,07-12-2021,3.9,vikram.trivedi1849@company.com
500809,Meena Dixit,37,Sales,Delhi,36954.09,0.3,Unknown,Unknown,08-06-2016,6.8,meena.dixit809@company.com
503895,Anjali Bansal,35,Marketing,Unknown,46184.48,18.6,On Leave,Bachelors,07-08-2016,5.5,anjali.bansal3895@company.com
500336,Anjali Goel,40,Marketing,Ahmedabad,95418.81,17.6,On Leave,Masters,02-03-2022,2.5,anjali.goel336@company.com
502307,Sneha Yadav,23,Support,Lucknow,33492.74,30.8,Unknown,Bachelors,01-03-2018,9.2,sneha.yadav2307@company.com
504526,Rohan Sinha,40,Logistics,Chennai,113717.78,34.2,Active,Diploma,05-05-2020,6.9,rohan.sinha4526@company.com
500733,Suresh Chauhan,42,Marketing,Chennai,48392.84,12.2,Inactive,Diploma,12-07-2018,8.9,suresh.chauhan733@company.com
503700,Priya Rastogi,41,Unknown,Unknown,36864.55,32.8,Active,Diploma,03-02-2017,5.5,priya.rastogi3700@company.com
504379,Preeti Bose,40,IT,Kolkata,73650.33,2.7,On Leave,Masters,15-10-2020,5.5,preeti.bose4379@company.com
501169,Vijay Pandey,29,IT,Chennai,41148.9,15.3,Inactive,Diploma,26-01-2015,9.9,vijay.pandey1169@company.com
501955,Arjun Chauhan,21,IT,Jaipur,119662.81,1.2,Unknown,Diploma,20-10-2019,3.1,arjun.chauhan1955@company.com
500897,Sneha Sinha,36,HR,Mumbai,44984.64,32.4,Active,Masters,08-02-2023,8.2,sneha.sinha897@company.com
503482,  Isha Saxena  ,50,IT,Hyderabad,138467.37,17,Inactive,Bachelors,22-12-2024,6.7,isha.saxena3482@company.com
503885,Arjun Yadav,47,IT,Unknown,105611.07,7.5,Active,Bachelors,03-09-2017,7.1,arjun.yadav3885@company.com
501146,Amit Choudhary,42,Sales,Lucknow,84509.32,12,Active,Bachelors,11-05-2015,3.2,amit.choudhary1146@company.com
500776,Isha Dixit,29,Support,Mumbai,149976.47,17.6,On Leave,Diploma,21-08-2023,7.5,isha.dixit776@company.com
504958,Pooja Choudhary,31,HR,Ahmedabad,97104.51,32.7,Inactive,PhD,23-05-2019,5.2,pooja.choudhary4958@company.com
503713,Anjali Trivedi,26,Sales,Lucknow,26372.23,9.7,Active,Masters,22-07-2025,4.1,anjali.trivedi3713@company.com
504079,Sneha Ghosh,22,IT,Delhi,32538.72,2.3,Active,PhD,09-10-2024,5.5,sneha.ghosh4079@company.com
504418,Karan Chauhan,54,Marketing,Pune,104873.57,13.7,Inactive,Masters,25-09-2023,2.1,karan.chauhan4418@company.com
502315,Deepak Bhatia,39,IT,Jaipur,81304.34,26,Inactive,Bachelors,27-03-2015,3.5,deepak.bhatia2315@company.com
502841,Vikram Yadav,45,Unknown,Unknown,138034.96,32.8,Unknown,Unknown,01-12-2025,2.9,vikram.yadav2841@company.com
500808,Divya Bose,32,Sales,Chennai,131340.72,20.2,On Leave,PhD,13-07-2024,9.6,divya.bose808@company.com
504850,Nisha Bhatia,48,Logistics,Delhi,138907.44,11.5,Active,Masters,26-01-2016,2.3,nisha.bhatia4850@company.com
503350,Preeti Bose,24,IT,Unknown,84509.32,25.5,Unknown,Unknown,21-05-2020,5.5,preeti.bose3350@company.com
502842,Priya Trivedi,39,Finance,Mumbai,81270.57,32.3,On Leave,Masters,02-08-2024,6.8,priya.trivedi2842@company.com
501200,Rahul Trivedi,44,Logistics,Delhi,84509.32,23.9,Inactive,Bachelors,19-09-2020,5.5,rahul.trivedi1200@company.com
500054,Sanjay Rastogi,46,Marketing,Chennai,135038.62,34.9,Inactive,Unknown,11-09-2022,8.4,Not Provided
503685,Isha Bhatia,41,IT,Hyderabad,134765.78,19.3,On Leave,Unknown,02-09-2015,7.8,isha.bhatia3685@company.com
500497,Divya Trivedi,22,Marketing,Unknown,149734.31,34.7,Inactive,Unknown,02-07-2023,4.1,divya.trivedi497@company.com
504696,Rahul Goel,47,Unknown,Pune,117806.22,34.9,Active,Diploma,01-09-2019,4.9,rahul.goel4696@company.com
503877,Isha Mishra,48,Sales,Unknown,130906.29,3.8,On Leave,Masters,04-01-2022,5.5,isha.mishra3877@company.com
500833,Anjali Saxena,40,Sales,Hyderabad,111481.23,0.1,Inactive,Unknown,06-09-2023,4.3,anjali.saxena833@company.com
500791,Shreya Bose,34,Sales,Kolkata,80768.45,7.2,Inactive,Unknown,22-12-2020,7.3,shreya.bose791@company.com
504978,Preeti Dixit,49,Operations,Unknown,48448.93,13.7,Active,Masters,27-11-2021,5.5,preeti.dixit4978@company.com
500834,Rajesh Rastogi,24,Unknown,Bengaluru,98557.13,7.3,Inactive,Unknown,24-01-2019,8.6,rajesh.rastogi834@company.com
503114,Amit Yadav,40,HR,Jaipur,131428.56,22.1,Active,Unknown,04-08-2024,1.6,amit.yadav3114@company.com
503202,Divya Chauhan,24,Unknown,Lucknow,148521.8,17.6,Active,PhD,11-02-2020,1.5,divya.chauhan3202@company.com
501974,  Nikhil Trivedi  ,29,Marketing,Bengaluru,149196.31,23.7,Active,Masters,11-05-2021,1.6,nikhil.trivedi1974@company.com
504170,Amit Malik,37,Marketing,Pune,147147.44,21.4,Inactive,Bachelors,12-05-2020,7,amit.malik4170@company.com
504768,Deepak Thakur,34,Unknown,Chennai,40573.09,7.9,Inactive,Diploma,22-06-2018,4.1,deepak.thakur4768@company.com
500754,Amit Dixit,24,HR,Ahmedabad,58390.77,4.6,Inactive,Unknown,08-02-2019,5.5,amit.dixit754@company.com
503744,  Ashok Trivedi  ,59,Support,Mumbai,137663.64,7.2,Active,Masters,21-09-2024,4.4,ashok.trivedi3744@company.com
501438,Anjali Nanda,48,Logistics,Bengaluru,114799.49,25.4,Active,Diploma,24-10-2017,5.5,anjali.nanda1438@company.com
504565,Shreya Yadav,57,Unknown,Chennai,84099.52,4.2,Unknown,Bachelors,24-10-2016,3.3,shreya.yadav4565@company.com
503096,Deepak Bose,50,Sales,Chennai,70894.23,7,Inactive,Unknown,01-05-2021,3.1,deepak.bose3096@company.com
503927,Amit Bhatia,54,IT,Mumbai,48640.68,21.1,Active,Diploma,25-03-2018,5.5,amit.bhatia3927@company.com
500063,Simran Choudhary,26,Marketing,Mumbai,89334.95,17.1,Active,PhD,15-05-2025,5.8,simran.choudhary63@company.com
502130,Isha Goel,53,Operations,Delhi,43671.23,17.8,Inactive,PhD,24-05-2019,9.3,isha.goel2130@company.com
500532,Amit Khanna,27,Unknown,Hyderabad,84509.32,17.6,Active,Diploma,04-04-2018,3.4,amit.khanna532@company.com
501538,Rajesh Nanda,32,Unknown,Bengaluru,35399.19,6.1,Inactive,PhD,08-03-2019,8.6,rajesh.nanda1538@company.com
501281,Arjun Khanna,37,Sales,Bengaluru,57017.55,16.7,Active,Unknown,05-01-2021,5.5,arjun.khanna1281@company.com
502926,  Rohan Trivedi  ,35,Finance,Unknown,114392.82,12,Active,Unknown,21-12-2018,1.3,rohan.trivedi2926@company.com
500574,Rajesh Bose,23,Finance,Pune,21757.11,11.9,Active,Bachelors,09-11-2019,7.2,rajesh.bose574@company.com
504271,Manish Rastogi,28,Support,Chennai,51329.61,12.6,Inactive,Masters,11-08-2019,10,manish.rastogi4271@company.com
501595,Vijay Yadav,50,Unknown,Ahmedabad,102289.27,6.9,Unknown,PhD,20-03-2019,5.7,vijay.yadav1595@company.com
504844,Ritu Saxena,59,IT,Hyderabad,76979.43,31.3,Active,PhD,01-08-2016,7.2,ritu.saxena4844@company.com
501674,Isha Pandey,47,Marketing,Kolkata,114199.67,17.2,Inactive,Bachelors,15-07-2025,6,isha.pandey1674@company.com
501040,  Rohan Thakur  ,56,Unknown,Mumbai,82443.13,17.6,Active,Masters,08-02-2020,7.2,rohan.thakur1040@company.com
500463,Rajesh Choudhary,22,Marketing,Hyderabad,124693.54,17.4,Inactive,Diploma,09-02-2018,9.9,rajesh.choudhary463@company.com
504645,Priya Saxena,38,Marketing,Unknown,49694.92,27.8,On Leave,Unknown,10-06-2025,9.9,priya.saxena4645@company.com
503808,Swati Chauhan,37,IT,Ahmedabad,84509.32,3.9,Inactive,PhD,15-03-2016,6,swati.chauhan3808@company.com
504591,Rohan Ghosh,46,Logistics,Unknown,107070.17,19.5,Inactive,PhD,25-06-2018,1.4,rohan.ghosh4591@company.com
504898,Priya Trivedi,28,IT,Bengaluru,84509.32,30,On Leave,Masters,03-02-2015,6,priya.trivedi4898@company.com
501521,Nisha Nanda,33,HR,Chennai,127182.5,5.9,Unknown,Diploma,11-08-2025,9.5,nisha.nanda1521@company.com
504014,Rajesh Saxena,38,HR,Lucknow,33451.76,15.2,Inactive,Bachelors,09-07-2018,2.3,rajesh.saxena4014@company.com
502910,Nisha Agarwal,48,Marketing,Lucknow,58870.7,13.1,Active,Masters,27-05-2020,7,nisha.agarwal2910@company.com
503566,Simran Khanna,39,Support,Mumbai,93565.79,15,Unknown,PhD,07-12-2017,8.8,simran.khanna3566@company.com
503978,Vijay Saxena,58,HR,Hyderabad,67613.02,8.6,Active,PhD,14-02-2022,3.8,vijay.saxena3978@company.com
503909,Arjun Dixit,29,Unknown,Mumbai,123685.09,25.9,Active,Unknown,23-02-2019,5.5,arjun.dixit3909@company.com
503815,Divya Bansal,29,HR,Chennai,109849.47,11.8,Unknown,Bachelors,16-10-2021,9.2,divya.bansal3815@company.com
504583,Pooja Bansal,50,Unknown,Delhi,34629.46,16.7,On Leave,Bachelors,05-12-2022,4.5,pooja.bansal4583@company.com
500604,Shreya Yadav,30,Finance,Hyderabad,70344.5,13.8,Inactive,Masters,26-05-2024,2.5,shreya.yadav604@company.com
503960,Vijay Mishra,57,Unknown,Jaipur,75691.22,12.7,Active,Bachelors,11-01-2020,9.6,vijay.mishra3960@company.com
501727,Arjun Goel,58,Unknown,Delhi,92954.56,22.8,Unknown,Unknown,21-07-2024,7.1,arjun.goel1727@company.com
501892,Meena Mishra,52,Unknown,Hyderabad,96403.94,21.1,On Leave,PhD,14-06-2020,10,meena.mishra1892@company.com
504943,Karan Thakur,44,Unknown,Bengaluru,78317.87,11.8,Active,Masters,01-02-2021,5.5,karan.thakur4943@company.com
501063,Rohan Ghosh,39,Unknown,Bengaluru,142484.45,25.7,Inactive,Unknown,20-08-2015,3.5,rohan.ghosh1063@company.com
502129,Gaurav Thakur,59,Marketing,Pune,59140.81,2,Inactive,PhD,12-01-2022,8,gaurav.thakur2129@company.com
501742,Anjali Mishra,33,Unknown,Bengaluru,22229.8,33.4,Unknown,Diploma,27-11-2025,7.1,anjali.mishra1742@company.com
504130,Nikhil Malik,58,Unknown,Unknown,38311.42,22.5,Active,Bachelors,01-12-2016,2.1,nikhil.malik4130@company.com
500706,Gaurav Nanda,35,Sales,Pune,90630.16,24.3,Inactive,Diploma,16-08-2022,3.2,gaurav.nanda706@company.com
503205,Neha Malik,30,Unknown,Chennai,149467.63,23.6,Active,Diploma,19-05-2017,8.7,neha.malik3205@company.com
504081,Meena Nanda,49,Unknown,Mumbai,30991.97,34.1,On Leave,Diploma,13-09-2017,9.1,meena.nanda4081@company.com
502474,Amit Trivedi,37,Finance,Chennai,55489.73,5.5,Active,Unknown,14-01-2025,5.4,amit.trivedi2474@company.com
501167,Arjun Khanna,25,Support,Chennai,93771.12,6.9,Active,Bachelors,12-03-2016,3.5,arjun.khanna1167@company.com
503785,Kavita Sinha,30,Operations,Bengaluru,20793.76,0.1,Active,Bachelors,12-04-2021,9.2,kavita.sinha3785@company.com
504164,Manish Choudhary,23,Support,Chennai,88135.32,23.3,Active,Bachelors,02-11-2022,1.8,manish.choudhary4164@company.com
502619,  Anjali Dixit  ,47,Sales,Ahmedabad,80603.27,21.5,Unknown,Masters,22-05-2017,7.6,anjali.dixit2619@company.com
500179,Divya Trivedi,45,Sales,Jaipur,83500.26,27.7,Active,PhD,14-09-2022,5.4,divya.trivedi179@company.com
504500,Amit Trivedi,42,Sales,Mumbai,114012.35,13.4,Active,Masters,14-08-2017,6.3,amit.trivedi4500@company.com
503567,Preeti Trivedi,34,IT,Unknown,85035.15,34.9,Unknown,Masters,23-01-2015,7.5,preeti.trivedi3567@company.com
500492,Arjun Pandey,40,Support,Delhi,66317.94,8.7,Active,Masters,06-03-2023,9.6,arjun.pandey492@company.com
503740,Rohan Bansal,50,Finance,Mumbai,142007.22,24.9,Active,PhD,14-07-2015,3.5,rohan.bansal3740@company.com
503349,Rohan Dixit,42,Sales,Delhi,94483.49,11.5,Active,Unknown,10-03-2023,5.5,rohan.dixit3349@company.com
502226,Amit Thakur,31,IT,Pune,84509.32,10.1,Inactive,Diploma,26-04-2021,7.3,amit.thakur2226@company.com
503188,Sneha Khanna,22,IT,Mumbai,113227.4,25.9,Unknown,Unknown,13-12-2017,1.4,sneha.khanna3188@company.com
503800,Rajesh Mishra,52,IT,Mumbai,102890.5,15.2,Unknown,PhD,25-06-2022,5.5,rajesh.mishra3800@company.com
501026,Shreya Dixit,29,Support,Unknown,29743.58,22.7,Active,Diploma,10-11-2020,7.8,shreya.dixit1026@company.com
501278,Simran Thakur,53,Marketing,Kolkata,139841.54,12.3,On Leave,Bachelors,21-07-2017,8.1,simran.thakur1278@company.com
502411,Rohan Bansal,28,Marketing,Hyderabad,92148.19,13.5,Inactive,Masters,27-09-2016,8.6,rohan.bansal2411@company.com
502379,Ashok Ghosh,21,IT,Unknown,98342.73,9.1,On Leave,Bachelors,07-12-2021,5.5,ashok.ghosh2379@company.com
500757,Gaurav Pandey,47,Marketing,Chennai,61951.71,14.2,Active,Unknown,23-09-2016,9.4,gaurav.pandey757@company.com
502328,Ritu Chauhan,29,Operations,Unknown,101062.65,19.6,Active,Bachelors,17-01-2015,8.9,ritu.chauhan2328@company.com
500887,Divya Sinha,31,Operations,Bengaluru,35316.95,15.7,Active,Bachelors,13-06-2016,4.9,divya.sinha887@company.com
503370,Nikhil Bansal,33,Unknown,Bengaluru,110820.58,14.2,Active,Bachelors,04-05-2016,5,Not Provided
501282,Priya Chauhan,36,Finance,Unknown,29239.03,0.6,Inactive,Bachelors,21-06-2018,7.7,priya.chauhan1282@company.com
501898,Simran Sinha,44,Unknown,Hyderabad,48128.24,17.3,Unknown,Diploma,16-07-2019,4.7,simran.sinha1898@company.com
503890,Rohan Bose,22,Sales,Bengaluru,123770.8,30.2,Inactive,Masters,26-07-2025,8,rohan.bose3890@company.com
504521,Ritu Saxena,52,IT,Bengaluru,128846.44,31.5,Unknown,Bachelors,23-08-2019,6.3,ritu.saxena4521@company.com
503906,Nisha Pandey,21,Sales,Delhi,93484.57,19,Inactive,Bachelors,07-03-2017,10,nisha.pandey3906@company.com
504477,Deepak Khanna,26,IT,Chennai,124184.83,32.6,Active,Diploma,14-10-2019,3.4,deepak.khanna4477@company.com
500767,Preeti Khanna,42,HR,Kolkata,112222.79,4.9,Inactive,Masters,09-04-2015,7.3,preeti.khanna767@company.com
503864,  Kavita Pandey  ,31,IT,Lucknow,38831.74,7.9,Unknown,Unknown,27-10-2018,9.9,kavita.pandey3864@company.com
503774,Kavita Trivedi,38,Support,Chennai,32283.25,10.1,On Leave,Unknown,16-02-2015,8.9,Not Provided
501391,  Amit Ghosh  ,26,HR,Unknown,63571.48,31.3,Active,Masters,18-09-2015,4.6,amit.ghosh1391@company.com
503827,Suresh Mishra,23,IT,Pune,51572.07,0,Inactive,Bachelors,07-03-2018,3.2,suresh.mishra3827@company.com
502208,Neha Pandey,23,IT,Pune,56799.73,7.7,Active,Bachelors,13-02-2018,5.9,neha.pandey2208@company.com
500782,Manish Yadav,54,Marketing,Delhi,32309.81,25.9,On Leave,PhD,19-08-2021,2.1,manish.yadav782@company.com
500647,Anjali Pandey,22,HR,Pune,123733.38,24.6,On Leave,Masters,01-09-2024,2.6,anjali.pandey647@company.com
503044,Isha Sinha,39,IT,Bengaluru,132275.35,29.1,Inactive,PhD,20-08-2021,6.5,isha.sinha3044@company.com
503710,Ashok Chauhan,39,Sales,Mumbai,97489.74,20.4,Inactive,Unknown,13-06-2020,4.1,ashok.chauhan3710@company.com
501767,Arjun Rastogi,58,Unknown,Unknown,50057.66,6.2,On Leave,Masters,03-09-2017,6,arjun.rastogi1767@company.com
501484,Karan Agarwal,29,Operations,Mumbai,103736.19,19.6,Active,Diploma,21-02-2020,6.4,karan.agarwal1484@company.com
503637,Amit Agarwal,35,Marketing,Unknown,135205.63,1.8,Active,Masters,19-03-2022,5.5,amit.agarwal3637@company.com
502056,Rahul Sinha,58,Unknown,Pune,141792.2,7.3,Active,Unknown,20-08-2020,6.3,rahul.sinha2056@company.com
502473,Vijay Bose,46,IT,Lucknow,45922.68,17.6,Unknown,Unknown,15-05-2016,8.3,vijay.bose2473@company.com
501057,Simran Dixit,55,Finance,Bengaluru,75319.61,4.4,Inactive,Bachelors,13-01-2025,7.3,simran.dixit1057@company.com
500798,Kavita Bose,57,Operations,Bengaluru,145550.69,31.8,Inactive,Unknown,19-11-2019,7.3,kavita.bose798@company.com
503352,Simran Pandey,21,Unknown,Unknown,143331.72,29.6,On Leave,Masters,22-07-2024,8.6,simran.pandey3352@company.com
501382,Neha Ghosh,51,Sales,Hyderabad,131073.42,17.6,Inactive,PhD,22-07-2021,7.2,neha.ghosh1382@company.com
501110,Shreya Saxena,40,IT,Kolkata,79457.47,15.7,Active,Masters,04-12-2017,1.3,shreya.saxena1110@company.com
503271,Neha Dixit,23,Operations,Bengaluru,45717.49,31.6,Active,Bachelors,22-07-2023,8.5,neha.dixit3271@company.com
504961,Anjali Sinha,51,Marketing,Unknown,65107.33,30.5,Unknown,PhD,03-09-2022,5.9,anjali.sinha4961@company.com
503198,Isha Mishra,40,Marketing,Unknown,114444.7,8.2,On Leave,Unknown,07-06-2015,5.5,isha.mishra3198@company.com
500256,Kavita Khanna,39,Marketing,Pune,118126.78,30.9,Inactive,Masters,18-11-2020,1.5,kavita.khanna256@company.com
503751,Vijay Khanna,43,Logistics,Delhi,146689.69,19.1,Unknown,PhD,12-08-2020,3.7,vijay.khanna3751@company.com
501692,Sanjay Trivedi,43,Unknown,Lucknow,143190.51,24.8,Unknown,Unknown,22-09-2018,6.8,sanjay.trivedi1692@company.com
504544,Pooja Khanna,44,Marketing,Bengaluru,109493.51,3.3,Unknown,Bachelors,24-09-2016,2.4,pooja.khanna4544@company.com
500696,Divya Goel,59,IT,Hyderabad,64866.1,17.7,Inactive,Unknown,09-05-2017,7.2,divya.goel696@company.com
500966,Vikram Sinha,30,Unknown,Unknown,84509.32,19.5,Unknown,Bachelors,23-11-2018,1.8,vikram.sinha966@company.com
500132,Swati Thakur,36,Support,Ahmedabad,123592.89,12.5,Inactive,Masters,24-09-2024,7.1,swati.thakur132@company.com
502445,Vijay Pandey,54,Sales,Unknown,74016.86,19.2,Active,Unknown,22-04-2020,5.5,vijay.pandey2445@company.com
500200,Sneha Saxena,58,IT,Chennai,27302.2,20.7,Active,Diploma,13-01-2016,2.4,sneha.saxena200@company.com
501288,Gaurav Ghosh,30,Logistics,Delhi,25975.17,16.7,Unknown,Masters,26-08-2022,3.1,gaurav.ghosh1288@company.com
500059,Manish Chauhan,52,Unknown,Ahmedabad,69522.71,1.3,On Leave,Bachelors,14-04-2024,5.2,manish.chauhan59@company.com
501301,Manish Goel,23,Marketing,Bengaluru,80633.17,21.1,Inactive,Unknown,11-05-2018,1.9,manish.goel1301@company.com
502883,Kavita Thakur,33,Logistics,Mumbai,145591.26,20.2,On Leave,Diploma,02-03-2024,8.3,kavita.thakur2883@company.com
504162,Pooja Saxena,27,Unknown,Hyderabad,84509.32,5,Active,Unknown,27-09-2020,1.1,pooja.saxena4162@company.com
502872,Preeti Dixit,55,Operations,Bengaluru,43456.41,18.6,Inactive,Diploma,21-06-2017,6.8,preeti.dixit2872@company.com
501315,Sneha Bhatia,27,Marketing,Bengaluru,118488.88,17.6,On Leave,Diploma,20-09-2023,4.7,sneha.bhatia1315@company.com
502207,Preeti Malik,40,Unknown,Jaipur,84509.32,22.4,Inactive,Bachelors,05-05-2015,8.8,preeti.malik2207@company.com
500429,Swati Agarwal,58,IT,Mumbai,85012.74,20.5,Active,Unknown,20-12-2019,8.2,swati.agarwal429@company.com
504646,Gaurav Khanna,34,Marketing,Jaipur,60212.88,11.2,Inactive,Bachelors,03-02-2025,8.1,gaurav.khanna4646@company.com
501141,Nikhil Goel,30,Sales,Unknown,43911.97,2.2,Active,Unknown,08-04-2025,4.1,nikhil.goel1141@company.com
500555,Divya Agarwal,38,Support,Lucknow,56174.77,13,On Leave,Masters,22-08-2016,9.8,divya.agarwal555@company.com
500626,Swati Mishra,36,Marketing,Unknown,45301.29,15.7,On Leave,Masters,26-11-2025,3.8,swati.mishra626@company.com
501668,Shreya Chauhan,38,Unknown,Unknown,54677.74,7,Active,Bachelors,13-05-2017,6.7,shreya.chauhan1668@company.com
500762,Swati Bose,49,Unknown,Bengaluru,135202.59,16.2,Active,Masters,10-03-2024,3.2,swati.bose762@company.com
503313,Neha Thakur,27,Finance,Chennai,59654.71,0,Active,Bachelors,03-12-2018,1.7,neha.thakur3313@company.com
501247,Rohan Bhatia,22,Marketing,Unknown,33154.3,19.4,Active,Unknown,10-10-2020,6.3,rohan.bhatia1247@company.com
500616,Rajesh Dixit,52,Sales,Hyderabad,74885.95,1.6,Inactive,Diploma,01-12-2015,8.6,rajesh.dixit616@company.com
503534,Priya Khanna,59,Marketing,Lucknow,140232.62,29.2,Unknown,Unknown,04-03-2019,7.8,priya.khanna3534@company.com
503145,Sanjay Choudhary,43,Operations,Mumbai,84509.32,15.5,Inactive,Bachelors,14-11-2019,3.2,sanjay.choudhary3145@company.com
504324,Ritu Thakur,55,IT,Hyderabad,148869.07,21.4,Active,Unknown,09-06-2024,5.5,ritu.thakur4324@company.com
501498,Isha Bansal,49,Unknown,Pune,103825.6,32.1,Inactive,Diploma,17-07-2018,5.8,isha.bansal1498@company.com
501273,Suresh Thakur,47,Marketing,Chennai,120601.84,29.6,Unknown,Masters,11-09-2024,4.3,suresh.thakur1273@company.com
503229,Arjun Trivedi,37,HR,Ahmedabad,147422.85,6.7,Active,PhD,27-04-2016,2.8,arjun.trivedi3229@company.com
500794,Isha Agarwal,36,Support,Bengaluru,33980.98,34,Inactive,Diploma,05-08-2015,6.5,isha.agarwal794@company.com
504730,Sanjay Choudhary,34,Logistics,Bengaluru,37319.73,6.5,Inactive,Bachelors,04-04-2015,5.5,sanjay.choudhary4730@company.com
502761,  Rohan Pandey  ,27,HR,Unknown,84509.32,15.6,Active,Unknown,27-03-2023,6.7,rohan.pandey3865@company.com
500433,Neha Saxena,47,Operations,Pune,147408.38,29.5,Active,Unknown,13-06-2015,5.5,neha.saxena433@company.com
504035,Rajesh Yadav,26,Marketing,Jaipur,84509.32,28.7,Active,Unknown,13-12-2017,5.5,rajesh.yadav4035@company.com
502727,Nikhil Trivedi,27,Operations,Pune,68024.94,20.3,Active,PhD,14-05-2022,2.2,nikhil.trivedi2727@company.com
500635,Isha Yadav,26,IT,Chennai,42191.31,9.9,Inactive,Bachelors,15-07-2024,5.5,isha.yadav635@company.com
500948,Priya Nanda,54,Operations,Bengaluru,84509.32,13,Inactive,PhD,25-01-2016,3.8,priya.nanda948@company.com
503304,Sneha Malik,57,Logistics,Pune,84509.32,16,Unknown,Diploma,15-12-2024,4.5,sneha.malik3304@company.com
504333,Ritu Rastogi,50,HR,Pune,130452.14,23.3,Active,Bachelors,10-10-2017,8.8,ritu.rastogi4333@company.com
501934,Sanjay Thakur,41,Unknown,Hyderabad,58525.27,18.6,Inactive,Diploma,26-04-2022,9.7,sanjay.thakur1934@company.com
504549,Meena Malik,56,Logistics,Lucknow,127313.68,13.5,Inactive,Bachelors,18-06-2022,3.5,meena.malik4549@company.com
501817,Arjun Bansal,34,Support,Delhi,73263.25,4.3,On Leave,Bachelors,20-06-2020,4,Not Provided
502183,Rahul Nanda,21,Support,Unknown,86758.41,24.7,On Leave,PhD,19-02-2025,1.5,rahul.nanda2183@company.com
502136,Amit Goel,22,Operations,Hyderabad,139421.25,14.4,Inactive,Bachelors,07-01-2016,3.5,amit.goel2136@company.com
500947,Arjun Ghosh,40,Marketing,Hyderabad,67774.12,28.8,Inactive,Bachelors,22-05-2021,5.2,arjun.ghosh947@company.com
504443,Priya Choudhary,45,Operations,Bengaluru,100669.68,7.6,Active,Masters,12-01-2024,3.3,priya.choudhary4443@company.com
502501,Rahul Agarwal,42,Unknown,Bengaluru,135508,34.5,Inactive,Diploma,22-04-2019,6.8,rahul.agarwal2501@company.com
502635,Deepak Khanna,27,Unknown,Chennai,134444.48,34.3,Unknown,Masters,21-05-2016,2.9,deepak.khanna2635@company.com
502559,Preeti Goel,30,HR,Delhi,126433.26,30.4,Active,Masters,06-04-2016,3.6,preeti.goel2559@company.com
504245,  Swati Trivedi  ,37,Operations,Delhi,77382.19,23.9,On Leave,Diploma,13-10-2020,5.1,swati.trivedi4245@company.com
504546,Pooja Nanda,29,HR,Bengaluru,32005.85,17.6,Unknown,Masters,20-12-2023,4.4,Not Provided
500653,Divya Yadav,44,Marketing,Delhi,64194.31,22.6,On Leave,Diploma,04-06-2019,5.5,divya.yadav653@company.com
504146,Manish Saxena,43,IT,Bengaluru,23369.54,29.1,Inactive,Masters,23-10-2025,4.4,manish.saxena4146@company.com
504536,Rajesh Pandey,27,Unknown,Bengaluru,124099.42,19.6,Active,Masters,26-12-2019,5.2,rajesh.pandey4536@company.com
502276,  Neha Bhatia  ,28,Sales,Ahmedabad,44342.64,32.2,Inactive,Masters,12-11-2017,2.3,neha.bhatia2276@company.com
501039,Nisha Bansal,38,Unknown,Lucknow,121114.54,12.1,Unknown,Bachelors,09-09-2019,5.5,nisha.bansal1039@company.com
501038,Preeti Yadav,41,Unknown,Mumbai,64764.62,17.6,On Leave,Masters,23-10-2018,1.2,preeti.yadav2211@company.com
503677,Swati Malik,46,Marketing,Bengaluru,103912.42,2.3,Active,Bachelors,07-07-2018,8.1,swati.malik3677@company.com
501154,  Swati Dixit  ,37,Sales,Bengaluru,137062,0.7,Inactive,Diploma,04-10-2017,3.9,swati.dixit1154@company.com
504584,Suresh Malik,54,Logistics,Chennai,139899.88,34.3,Unknown,Bachelors,01-04-2022,8.9,suresh.malik4584@company.com
502247,  Swati Ghosh  ,53,Logistics,Lucknow,59331.13,24.4,Unknown,Unknown,19-10-2017,3.3,swati.ghosh2247@company.com
503861,Suresh Goel,52,HR,Delhi,89685.12,9.6,Inactive,Unknown,20-09-2021,5.5,suresh.goel3861@company.com
500405,Sanjay Agarwal,45,Finance,Ahmedabad,48410.78,34.1,Active,Masters,12-12-2020,9.1,sanjay.agarwal405@company.com
503199,Nikhil Bhatia,37,Support,Bengaluru,24282.43,17.6,On Leave,Unknown,04-11-2019,7.4,nikhil.bhatia3199@company.com
500660,Rajesh Bose,30,IT,Delhi,91942.33,12.6,Inactive,Unknown,01-05-2019,5.1,rajesh.bose660@company.com
504224,  Rahul Goel  ,55,Unknown,Bengaluru,129383.69,14.3,Inactive,Unknown,24-12-2025,9.3,rahul.goel4224@company.com
500260,Priya Mishra,26,Logistics,Delhi,99728.68,5,Inactive,Diploma,21-05-2021,6.6,priya.mishra260@company.com
504754,Meena Mishra,55,HR,Unknown,129600.92,22.6,Inactive,Bachelors,15-04-2021,7.1,meena.mishra4754@company.com
502895,Nisha Agarwal,46,Operations,Unknown,84509.32,14,Unknown,PhD,16-12-2023,9,nisha.agarwal2895@company.com
504605,Kavita Dixit,52,Sales,Mumbai,39127.95,33.8,Active,Unknown,10-04-2021,8.6,kavita.dixit4605@company.com
501905,Preeti Trivedi,27,IT,Kolkata,20490.62,32.7,Unknown,Unknown,21-08-2019,8.1,preeti.trivedi1905@company.com
500097,Rajesh Bose,57,Operations,Bengaluru,59806.81,17.6,Inactive,Unknown,24-03-2020,3.8,rajesh.bose97@company.com
500176,Rahul Saxena,21,HR,Hyderabad,130423.05,5.8,On Leave,Bachelors,07-06-2015,8.8,rahul.saxena176@company.com
500875,Amit Mishra,27,Finance,Kolkata,139200.9,17.6,Unknown,Bachelors,14-09-2020,7.7,amit.mishra875@company.com
504332,Isha Bose,24,IT,Delhi,72331.61,1.1,Inactive,Diploma,26-11-2017,2.7,isha.bose4332@company.com
500419,Swati Mishra,37,Logistics,Mumbai,122525.12,33.5,Inactive,Unknown,16-11-2024,4.3,swati.mishra419@company.com
502432,  Isha Nanda  ,50,Logistics,Kolkata,96202.32,34.5,Active,Masters,01-07-2024,3.7,isha.nanda2432@company.com
504283,Ritu Trivedi,42,Sales,Unknown,38328.71,17.1,Inactive,PhD,24-06-2023,8,ritu.trivedi4283@company.com
502906,Neha Trivedi,46,Marketing,Unknown,68048.04,27.6,Unknown,Unknown,06-04-2025,4.6,neha.trivedi2906@company.com
504356,Swati Saxena,32,HR,Jaipur,134422.02,3.9,Inactive,Masters,19-01-2015,9.2,swati.saxena4356@company.com
500113,Nisha Trivedi,35,Sales,Kolkata,32360.3,23.2,Active,Bachelors,26-06-2021,6.6,nisha.trivedi113@company.com
502616,Kavita Pandey,44,IT,Chennai,128909.4,23,Active,Bachelors,06-03-2020,1.5,kavita.pandey2616@company.com
502099,Vijay Goel,44,Operations,Pune,140082.17,31,Inactive,Diploma,27-12-2024,5.5,vijay.goel2099@company.com
503460,Rajesh Bose,36,IT,Unknown,66552.73,17.6,Inactive,PhD,18-11-2021,7.6,rajesh.bose3460@company.com
504299,Nisha Goel,22,Unknown,Chennai,86274.46,13.4,Inactive,Masters,13-06-2023,3.8,nisha.goel4299@company.com
500594,Ashok Dixit,55,IT,Ahmedabad,32489.36,7,Inactive,Masters,03-09-2022,6.1,ashok.dixit594@company.com
502073,Simran Sinha,51,Sales,Mumbai,34849.04,1.3,On Leave,Diploma,12-06-2015,9.1,simran.sinha2073@company.com
502960,Rahul Malik,39,Sales,Hyderabad,100484.85,12.8,On Leave,Unknown,25-02-2019,6.8,Not Provided
501735,Amit Mishra,37,Logistics,Kolkata,80884.01,34.7,Inactive,PhD,24-06-2018,4.3,amit.mishra1735@company.com
500549,Kavita Bhatia,22,Operations,Pune,105053.95,16.4,On Leave,Unknown,02-12-2025,3.1,kavita.bhatia549@company.com
500693,  Ritu Bansal  ,45,HR,Mumbai,69967.9,10.1,Active,PhD,19-06-2017,5.4,ritu.bansal693@company.com
500187,Ritu Trivedi,48,Unknown,Kolkata,107594.07,9.5,Active,Unknown,04-02-2018,8.7,ritu.trivedi187@company.com
503061,Sanjay Bansal,58,Unknown,Chennai,85547.42,23.3,Unknown,PhD,27-11-2020,7.8,sanjay.bansal3061@company.com
501829,Simran Malik,37,Sales,Delhi,84509.32,19.8,Inactive,Bachelors,20-02-2024,5.5,simran.malik1829@company.com
504257,Nikhil Yadav,24,Operations,Mumbai,137560.31,10.6,Active,Bachelors,10-04-2023,5.5,nikhil.yadav4257@company.com
500562,Neha Trivedi,41,Logistics,Unknown,106156.36,24.4,On Leave,Unknown,12-03-2016,2.2,neha.trivedi562@company.com
501580,Preeti Chauhan,44,Sales,Pune,37141.37,8.1,On Leave,Unknown,17-06-2023,7.9,preeti.chauhan1580@company.com
500913,Shreya Agarwal,51,HR,Delhi,127944.27,10.2,Inactive,Masters,05-04-2020,6.2,shreya.agarwal913@company.com
502047,Swati Chauhan,55,Unknown,Ahmedabad,53591.36,11.1,Active,Unknown,14-07-2024,3.1,swati.chauhan2047@company.com
504056,Ashok Agarwal,34,IT,Ahmedabad,27326.15,5.2,Unknown,Masters,23-03-2023,3,ashok.agarwal4056@company.com
503868,Arjun Khanna,46,IT,Unknown,87876.97,5,Unknown,Unknown,07-02-2018,3.9,arjun.khanna3868@company.com
500662,  Kavita Mishra  ,27,Support,Unknown,38951.67,33.8,Inactive,PhD,06-05-2021,8.4,kavita.mishra662@company.com
503922,Gaurav Dixit,38,Logistics,Chennai,30158.55,27,Unknown,Bachelors,08-10-2021,5.5,gaurav.dixit3922@company.com
501831,Rajesh Bhatia,46,Sales,Bengaluru,105948.06,27.4,Inactive,Bachelors,12-08-2019,7.1,rajesh.bhatia1831@company.com
502998,Nikhil Yadav,57,Sales,Mumbai,127670.56,26.3,Active,Masters,20-12-2022,2.8,nikhil.yadav2998@company.com
503614,Nisha Trivedi,33,Unknown,Pune,75263.79,17.6,Active,Unknown,06-12-2021,1.9,nisha.trivedi3614@company.com
501836,Pooja Bansal,49,Operations,Chennai,123658.05,18.9,Inactive,Unknown,11-04-2024,1.5,pooja.bansal1836@company.com
501991,Karan Mishra,25,Logistics,Ahmedabad,99434.85,20.7,Inactive,Unknown,21-10-2025,5.2,karan.mishra1991@company.com
504522,Isha Bose,57,Operations,Ahmedabad,84509.32,27.4,Inactive,Bachelors,06-04-2020,2,isha.bose4522@company.com
503966,Arjun Pandey,50,IT,Delhi,22995.63,12.8,Active,Masters,09-10-2021,3.5,arjun.pandey3966@company.com
503524,Vijay Bose,59,Logistics,Bengaluru,128709.73,6,Active,Unknown,17-03-2022,4.8,vijay.bose3524@company.com
503804,Arjun Bansal,35,Sales,Jaipur,76304.52,9.3,Inactive,Bachelors,24-05-2016,2.5,arjun.bansal3804@company.com
500454,Nikhil Dixit,41,Marketing,Bengaluru,87461.98,17.6,Unknown,Unknown,23-06-2025,2.3,nikhil.dixit454@company.com
503176,Nisha Nanda,25,Support,Kolkata,88481.54,20.8,Inactive,Masters,13-08-2023,1.3,nisha.nanda3176@company.com
502547,Rajesh Rastogi,34,Marketing,Bengaluru,35594.55,5,Inactive,Unknown,07-10-2021,3.7,rajesh.rastogi2547@company.com
502970,Ashok Choudhary,37,HR,Unknown,106175.44,1.9,Inactive,Diploma,10-12-2025,7.8,ashok.choudhary2970@company.com
503104,Deepak Rastogi,55,Sales,Kolkata,71615.9,26.7,Active,PhD,14-08-2021,4.1,deepak.rastogi3104@company.com
500530,Priya Khanna,57,IT,Unknown,42901.76,2.2,Unknown,Masters,10-04-2025,8.9,priya.khanna530@company.com
504496,Nikhil Trivedi,21,IT,Mumbai,26202.31,20.9,Inactive,Masters,23-01-2020,8.1,nikhil.trivedi4496@company.com
501964,Amit Agarwal,21,IT,Lucknow,77984.32,5.9,Active,Diploma,06-04-2021,5.5,amit.agarwal1964@company.com
504476,Simran Choudhary,29,Marketing,Unknown,84509.32,29.2,Inactive,PhD,02-07-2017,9.2,simran.choudhary4476@company.com
501475,Amit Rastogi,46,Sales,Kolkata,114871.97,5.6,Inactive,Diploma,21-01-2022,5.5,amit.rastogi1475@company.com
501907,Swati Sinha,32,Sales,Lucknow,118840.42,17.1,Inactive,Diploma,01-07-2018,7.5,swati.sinha1907@company.com
503673,Rahul Goel,53,Marketing,Ahmedabad,84509.32,13.3,Inactive,PhD,12-01-2025,5.9,rahul.goel3673@company.com
504214,  Vijay Goel  ,44,HR,Chennai,76850.38,9.5,Unknown,Masters,24-01-2025,9.9,vijay.goel4214@company.com
501764,Swati Trivedi,26,Support,Bengaluru,20866.85,12.4,Unknown,Diploma,14-03-2017,3,swati.trivedi1764@company.com
501850,  Rajesh Trivedi  ,37,Unknown,Chennai,63468.39,17.6,On Leave,PhD,15-10-2021,3.2,rajesh.trivedi1850@company.com
502565,  Neha Bhatia  ,40,HR,Chennai,84509.32,24.2,Inactive,Unknown,16-10-2020,4.6,neha.bhatia2565@company.com
501492,Amit Chauhan,51,Sales,Mumbai,75057.78,1.4,Inactive,PhD,07-08-2015,7.7,amit.chauhan1492@company.com
501312,Priya Agarwal,28,IT,Mumbai,143402.26,14.8,Unknown,PhD,07-08-2018,8.5,priya.agarwal1312@company.com
502782,Gaurav Dixit,28,Sales,Mumbai,81414.48,10.9,Inactive,Unknown,05-02-2018,6.9,gaurav.dixit2782@company.com
504005,Rajesh Goel,33,Support,Mumbai,104878.49,17.6,Inactive,Masters,17-06-2025,6.1,rajesh.goel4005@company.com
501481,Simran Ghosh,43,Marketing,Lucknow,81391.23,2.1,Active,Bachelors,24-07-2020,5.1,simran.ghosh1481@company.com
502693,  Sneha Thakur  ,52,Sales,Mumbai,115075.43,26,On Leave,Unknown,27-06-2020,5.5,sneha.thakur2693@company.com
502137,Karan Nanda,33,Marketing,Ahmedabad,115893.21,8.7,On Leave,Bachelors,08-07-2023,1.5,karan.nanda2137@company.com
504881,Deepak Agarwal,28,Marketing,Chennai,128469.55,26.3,Unknown,Masters,17-09-2025,3,deepak.agarwal4881@company.com
503250,Sanjay Agarwal,50,Finance,Chennai,73761.77,22.6,Unknown,Unknown,23-02-2021,5.5,sanjay.agarwal3250@company.com
501508,Karan Khanna,40,Unknown,Pune,86426.86,29.4,Inactive,Bachelors,10-02-2015,4.8,Not Provided
501127,Swati Yadav,45,IT,Chennai,84109.23,7.9,Unknown,Bachelors,07-05-2025,5,swati.yadav1127@company.com
503648,Anjali Rastogi,40,Marketing,Jaipur,122037.88,7.1,Unknown,Masters,03-11-2025,9.8,anjali.rastogi3648@company.com
500101,Vikram Mishra,57,HR,Delhi,54558,16.6,Inactive,PhD,09-12-2019,9.7,vikram.mishra101@company.com
500568,Deepak Thakur,57,HR,Lucknow,81733.64,32.6,Unknown,Diploma,14-03-2024,5.9,deepak.thakur568@company.com
503098,Isha Sinha,39,Unknown,Unknown,107892,28.8,On Leave,Masters,08-10-2025,7.5,isha.sinha3098@company.com
504313,Nikhil Bhatia,49,Marketing,Bengaluru,41873.02,8.5,On Leave,Unknown,08-03-2020,2.5,nikhil.bhatia4313@company.com
502549,Anjali Bose,54,HR,Lucknow,28142.72,31.4,Inactive,PhD,07-12-2022,3.7,anjali.bose2549@company.com
502599,Ashok Rastogi,40,Finance,Delhi,62280.6,23.8,Inactive,Unknown,24-10-2017,9.7,ashok.rastogi2599@company.com
500840,Preeti Malik,32,Finance,Mumbai,116439.55,31.7,Active,Masters,24-08-2018,2.6,preeti.malik840@company.com
503635,Rahul Chauhan,51,IT,Unknown,31191.32,17.6,Inactive,PhD,15-11-2015,7,rahul.chauhan3635@company.com
503674,Kavita Choudhary,24,Logistics,Delhi,25583.51,16.6,Inactive,Bachelors,20-03-2022,7.9,kavita.choudhary3674@company.com
503730,Pooja Ghosh,24,Unknown,Ahmedabad,46239.84,10.9,Active,Masters,06-02-2024,7.5,pooja.ghosh3730@company.com
500818,Kavita Mishra,25,Marketing,Chennai,149644.99,19.6,Inactive,Diploma,05-06-2024,6.4,kavita.mishra818@company.com
502010,  Isha Bose  ,29,Operations,Mumbai,116450.93,1.3,On Leave,Masters,14-11-2017,1.6,isha.bose2010@company.com
502705,  Rahul Sinha  ,45,Marketing,Jaipur,26365.66,20.1,Inactive,Unknown,20-07-2018,5.5,rahul.sinha2705@company.com
502808,Shreya Choudhary,40,Marketing,Hyderabad,141873.63,17.6,Inactive,Diploma,27-03-2016,8.7,shreya.choudhary2808@company.com
500859,Shreya Chauhan,40,Finance,Chennai,121119.06,34.6,Inactive,Unknown,22-04-2021,8,shreya.chauhan859@company.com
501291,Karan Yadav,44,Support,Bengaluru,56854.43,3.2,Unknown,PhD,25-02-2022,5.5,karan.yadav1291@company.com
500170,Rohan Chauhan,56,Sales,Mumbai,91451.1,17.6,Active,Unknown,12-11-2025,3.7,rohan.chauhan170@company.com
502133,Meena Khanna,27,Finance,Chennai,62842.09,7.8,Unknown,Unknown,07-09-2016,9.2,meena.khanna2133@company.com
504152,Rahul Bose,24,Logistics,Chennai,130172.69,9.3,Unknown,PhD,02-07-2017,1.5,rahul.bose4152@company.com
503914,Sneha Bansal,51,Sales,Bengaluru,112112.29,17.6,Unknown,Masters,27-07-2019,2.2,sneha.bansal3914@company.com
503331,Simran Malik,39,Support,Delhi,84509.32,13.8,On Leave,Bachelors,06-01-2022,4.8,simran.malik3331@company.com
502352,Manish Bose,21,IT,Kolkata,81537.81,22.4,On Leave,Unknown,05-02-2018,8.9,manish.bose2352@company.com
502577,Rahul Bose,41,HR,Bengaluru,139383.12,11.7,Active,Bachelors,25-09-2020,9.5,rahul.bose2577@company.com
503124,Priya Mishra,38,IT,Pune,46524.59,1.1,Inactive,Unknown,04-09-2019,4.6,priya.mishra3124@company.com
500869,Deepak Agarwal,54,Support,Mumbai,116024.79,33.2,Inactive,PhD,13-06-2019,3.1,deepak.agarwal869@company.com
501716,Ashok Saxena,52,Sales,Chennai,43201.86,24.2,Active,Bachelors,12-11-2021,3.6,ashok.saxena1716@company.com
504464,Priya Ghosh,39,Unknown,Kolkata,21747.12,15.4,Active,Bachelors,25-10-2021,2.4,priya.ghosh4464@company.com
503374,Amit Ghosh,36,IT,Unknown,148636.43,13.2,On Leave,Bachelors,17-06-2025,7.7,Not Provided
504490,Arjun Thakur,45,Unknown,Delhi,84509.32,29.6,Inactive,Masters,21-06-2021,3,arjun.thakur4490@company.com
501075,Pooja Goel,40,Sales,Pune,102288.62,14.4,Active,Bachelors,21-08-2025,1.6,pooja.goel1075@company.com
504931,Simran Saxena,56,IT,Delhi,75384.52,17.6,Active,Unknown,17-03-2019,4.9,simran.saxena4931@company.com
503932,Manish Goel,58,Sales,Pune,22461.78,32.7,Unknown,Bachelors,01-08-2025,2.9,manish.goel3932@company.com
504151,Rajesh Thakur,36,Support,Ahmedabad,60583.37,27.7,Unknown,Masters,12-04-2015,5,rajesh.thakur4151@company.com
500423,Sneha Pandey,59,Operations,Chennai,142644.02,27.6,Unknown,Masters,27-12-2024,2.7,sneha.pandey423@company.com
504889,Amit Dixit,46,Sales,Ahmedabad,105844.9,17.6,Unknown,PhD,26-03-2025,8.3,amit.dixit4889@company.com
501342,Vikram Nanda,40,IT,Unknown,110363.08,3.7,Unknown,PhD,26-12-2025,3.9,vikram.nanda1342@company.com
504761,Divya Mishra,34,Finance,Delhi,110053.22,17.6,Active,Diploma,27-05-2016,9.9,divya.mishra4761@company.com
501658,Ashok Yadav,32,Finance,Bengaluru,43941.34,2,Active,Bachelors,17-06-2024,3.2,ashok.yadav1658@company.com
501529,Arjun Bose,29,Finance,Bengaluru,31737.66,26.3,Unknown,Unknown,09-12-2024,7.3,arjun.bose1529@company.com
504574,Nikhil Ghosh,21,Operations,Jaipur,89161.74,3.9,Inactive,Diploma,11-06-2024,3.9,nikhil.ghosh4574@company.com
500843,Sanjay Malik,32,IT,Delhi,77738.39,21.7,Inactive,Bachelors,23-06-2016,6.3,sanjay.malik843@company.com
501385,Vijay Bansal,53,HR,Unknown,27001.17,29.8,On Leave,Bachelors,20-10-2022,3.9,vijay.bansal1385@company.com
502657,Isha Yadav,24,Support,Unknown,114296.1,20.9,Inactive,PhD,18-12-2024,1.2,isha.yadav2657@company.com
501967,Simran Dixit,52,Finance,Mumbai,84509.32,5.2,Inactive,Diploma,26-08-2021,9.7,simran.dixit1967@company.com
500300,Vijay Nanda,29,Finance,Delhi,43320.57,16.5,Active,Unknown,10-07-2024,6.8,vijay.nanda300@company.com
503644,  Ashok Agarwal  ,53,Marketing,Chennai,30902.25,22.8,Inactive,Masters,11-10-2019,5,ashok.agarwal3644@company.com
500458,Neha Pandey,53,Unknown,Mumbai,84509.32,32,Inactive,PhD,24-09-2017,9.3,neha.pandey458@company.com
501811,Rajesh Mishra,55,Operations,Unknown,140843.57,18.1,On Leave,Unknown,22-01-2022,8.6,rajesh.mishra1811@company.com
500517,Sneha Mishra,27,Sales,Chennai,119366.25,18.5,Inactive,Masters,19-01-2024,2,sneha.mishra517@company.com
504783,Shreya Goel,56,IT,Jaipur,84509.32,22.4,Inactive,Masters,24-01-2015,5.7,shreya.goel4783@company.com
504590,Anjali Bhatia,23,IT,Chennai,119767.47,3.7,Inactive,Diploma,11-03-2024,8.8,anjali.bhatia4590@company.com
504000,Isha Bansal,38,Unknown,Chennai,75686.17,23.6,Inactive,PhD,05-11-2016,3.9,isha.bansal4000@company.com
502963,Karan Yadav,40,Operations,Ahmedabad,146412.91,0.7,Active,Bachelors,22-07-2015,4.1,karan.yadav2963@company.com
502670,Sanjay Bhatia,40,IT,Kolkata,123109.31,24.7,Unknown,Unknown,16-05-2023,5.5,sanjay.bhatia2670@company.com
503412,Swati Nanda,21,Operations,Pune,30422.19,24.9,Unknown,Bachelors,13-12-2021,5.5,swati.nanda3412@company.com
501690,Pooja Yadav,53,Sales,Chennai,22711.68,33.8,Inactive,PhD,14-10-2022,1,pooja.yadav1690@company.com
503326,Pooja Sinha,51,IT,Bengaluru,133808.29,24.7,On Leave,Masters,04-10-2024,5.5,pooja.sinha3326@company.com
500462,Ashok Thakur,33,IT,Delhi,35449.62,27.1,Active,Masters,22-08-2016,3.2,ashok.thakur462@company.com
504678,Pooja Bose,25,IT,Kolkata,47555.81,17,On Leave,Masters,13-08-2022,9.3,pooja.bose4678@company.com
502367,Amit Pandey,51,Unknown,Unknown,54290.48,0.4,On Leave,PhD,05-11-2018,4.6,amit.pandey2367@company.com
501199,Swati Chauhan,33,HR,Bengaluru,65252.3,3.7,Active,Bachelors,21-08-2018,8.8,swati.chauhan1199@company.com
504222,Anjali Malik,46,HR,Delhi,51832.12,23.8,Inactive,Masters,19-07-2018,9.9,anjali.malik4222@company.com
501708,Preeti Bansal,52,Sales,Chennai,119574.99,23.7,Unknown,Masters,02-01-2019,6.8,preeti.bansal1708@company.com
502355,Arjun Bansal,30,Logistics,Chennai,32357.28,2.5,Inactive,Diploma,02-12-2021,2,arjun.bansal2355@company.com
500535,Arjun Chauhan,47,Support,Delhi,31400.39,10.1,Unknown,Diploma,11-06-2025,8.2,arjun.chauhan535@company.com
500570,Swati Bansal,32,IT,Delhi,130025.63,17.6,Inactive,Unknown,18-02-2016,4.4,swati.bansal570@company.com
502419,Meena Rastogi,37,Finance,Unknown,139290.69,17.4,Inactive,Unknown,20-11-2017,1.8,meena.rastogi2419@company.com
502391,Rajesh Goel,21,Marketing,Delhi,31160.49,8.6,Active,Unknown,14-10-2023,1.5,rajesh.goel2391@company.com
500510,  Sanjay Bose  ,56,Unknown,Chennai,109994.25,11.3,Inactive,Bachelors,08-12-2019,3.3,sanjay.bose510@company.com
503836,Arjun Bose,58,Sales,Pune,102379.27,30.5,Unknown,Masters,07-04-2024,6.4,arjun.bose3836@company.com
502248,Rajesh Nanda,31,Finance,Lucknow,137688.12,11.9,Active,Masters,01-04-2016,4.7,rajesh.nanda2248@company.com
500872,Priya Choudhary,49,IT,Pune,61860.14,21.2,Active,Masters,01-01-2018,2.6,priya.choudhary872@company.com
500093,Ashok Thakur,34,Operations,Unknown,148904.75,14.6,Inactive,Masters,21-07-2023,3.8,ashok.thakur93@company.com
502214,Simran Nanda,39,Operations,Delhi,124225.22,3.6,Active,Unknown,02-01-2020,6.8,simran.nanda2214@company.com
501271,Shreya Nanda,40,Operations,Ahmedabad,63427.04,30.7,Unknown,Masters,10-04-2023,1.8,shreya.nanda1271@company.com
504900,Divya Choudhary,40,Unknown,Mumbai,24937.8,17.7,Inactive,Unknown,23-04-2017,7.8,divya.choudhary4900@company.com
502876,Priya Bhatia,29,IT,Chennai,27085.37,0.9,On Leave,Unknown,27-05-2020,5.5,priya.bhatia2876@company.com
503494,Pooja Bose,50,IT,Jaipur,119867.55,13.5,Inactive,Unknown,03-01-2024,2.1,pooja.bose3494@company.com
502397,Ashok Malik,27,Logistics,Delhi,80773.18,5.4,Unknown,Masters,10-02-2022,9.3,ashok.malik2397@company.com
503950,Rohan Bansal,25,HR,Delhi,95884.45,21.7,Inactive,Unknown,27-06-2020,6.4,rohan.bansal3950@company.com
502185,Amit Malik,37,Finance,Bengaluru,121604.71,33.9,Unknown,Bachelors,18-10-2024,1.5,amit.malik2185@company.com
501781,Pooja Nanda,40,Unknown,Pune,32835.76,0.8,Inactive,Masters,18-07-2017,10,pooja.nanda1781@company.com
501968,Deepak Trivedi,58,Unknown,Unknown,48615.19,2,Inactive,Masters,16-03-2021,3.9,deepak.trivedi1968@company.com
500341,Gaurav Chauhan,25,Marketing,Mumbai,128547.51,0.3,Inactive,Bachelors,19-06-2016,3.9,gaurav.chauhan341@company.com
500061,  Isha Bhatia  ,40,Sales,Chennai,129901.63,10.9,Inactive,Masters,11-01-2017,6.3,isha.bhatia61@company.com
502384,Swati Agarwal,56,Marketing,Unknown,91588.24,1,Active,Masters,25-10-2018,4.1,swati.agarwal2384@company.com
504567,Suresh Yadav,38,IT,Unknown,69528.88,15.1,Inactive,Unknown,19-03-2022,5.5,suresh.yadav4567@company.com
504539,Deepak Khanna,54,Unknown,Bengaluru,82188.97,16.6,Active,Unknown,04-12-2022,7.7,deepak.khanna4539@company.com
503776,Shreya Goel,32,Logistics,Kolkata,86626.06,5.4,Inactive,Unknown,04-02-2023,4.9,shreya.goel3776@company.com
502648,Gaurav Bhatia,44,HR,Hyderabad,88252.38,17.6,Active,Unknown,23-03-2015,1.9,gaurav.bhatia2648@company.com
500702,Sneha Rastogi,37,HR,Unknown,41179.8,34.6,Active,Bachelors,16-01-2020,7.6,sneha.rastogi702@company.com
503078,Simran Yadav,44,Sales,Delhi,115334.74,34.6,Active,Bachelors,27-10-2023,3.6,simran.yadav3078@company.com
501751,Manish Agarwal,22,Support,Hyderabad,120034.66,15.9,Inactive,Unknown,26-06-2020,6.5,manish.agarwal1751@company.com
503111,Preeti Bhatia,47,HR,Pune,84509.32,7,Inactive,Bachelors,13-08-2024,9.8,preeti.bhatia3111@company.com
504770,Arjun Rastogi,54,Unknown,Mumbai,131564.53,9.6,Inactive,Bachelors,27-01-2017,9.2,arjun.rastogi4770@company.com
503849,Ashok Ghosh,26,Unknown,Unknown,104709.61,23.4,Active,Masters,21-02-2025,2,ashok.ghosh3849@company.com
500051,Vijay Agarwal,59,Operations,Ahmedabad,142516.56,22,Active,Unknown,09-04-2018,9.5,vijay.agarwal2231@company.com
504140,Amit Bansal,29,Marketing,Chennai,89042.32,10.5,Inactive,PhD,18-01-2023,9.9,amit.bansal4140@company.com
500165,Sneha Choudhary,24,Support,Bengaluru,94895.62,0.1,Active,Unknown,09-09-2017,2.2,sneha.choudhary165@company.com
500914,Arjun Chauhan,40,Logistics,Delhi,131822.57,25.1,Active,Bachelors,04-07-2020,4.2,arjun.chauhan914@company.com
501893,Vikram Ghosh,27,IT,Lucknow,53462.89,26.4,On Leave,Diploma,16-04-2015,7.3,vikram.ghosh1893@company.com
500092,Sneha Bose,40,Unknown,Unknown,84509.32,33.8,Inactive,Unknown,13-12-2021,7.1,sneha.bose92@company.com
502601,Karan Ghosh,58,Unknown,Ahmedabad,148152.73,17.6,On Leave,Bachelors,12-01-2024,6.3,karan.ghosh2601@company.com
503533,Nikhil Pandey,24,Marketing,Jaipur,31489.77,22.8,Active,Masters,26-09-2024,5.5,nikhil.pandey3533@company.com
500080,Manish Saxena,40,Sales,Delhi,84509.32,8.5,On Leave,Masters,26-01-2016,8.9,manish.saxena80@company.com
500632,Arjun Rastogi,38,Finance,Jaipur,21605.57,1.6,On Leave,Unknown,11-10-2024,2.6,arjun.rastogi632@company.com
501861,Swati Bansal,54,Sales,Bengaluru,22818.48,24.2,Inactive,Masters,05-06-2015,5.5,swati.bansal1861@company.com
504311,Nisha Chauhan,34,Unknown,Mumbai,84509.32,17.6,Unknown,Masters,04-10-2022,9.4,nisha.chauhan4311@company.com
502815,  Rohan Goel  ,29,Marketing,Chennai,106625.53,18.1,Active,PhD,23-07-2019,1.8,rohan.goel2815@company.com
504062,Priya Malik,39,Operations,Mumbai,79780.31,9.8,Inactive,Bachelors,21-05-2016,2.1,priya.malik4062@company.com
503998,Nikhil Bose,26,Operations,Pune,57309.54,26.5,Unknown,Bachelors,03-10-2015,9.9,nikhil.bose3998@company.com
504518,Gaurav Rastogi,50,Logistics,Delhi,32739,8.6,On Leave,Masters,07-06-2024,2.1,gaurav.rastogi4518@company.com
503079,Shreya Ghosh,53,Marketing,Jaipur,113736.89,27.1,Unknown,PhD,04-07-2024,8.4,shreya.ghosh3079@company.com
504185,Deepak Khanna,50,Sales,Bengaluru,65463.41,9.3,Unknown,Masters,18-07-2024,4.5,deepak.khanna4185@company.com
503689,Pooja Thakur,58,Marketing,Pune,95469.34,9.7,Active,Masters,27-04-2019,8.8,pooja.thakur3689@company.com
502078,Rohan Bose,27,Sales,Kolkata,42063.74,30.8,Inactive,Masters,27-04-2020,3.1,rohan.bose2078@company.com
502271,Pooja Malik,29,Operations,Chennai,44331.61,9.8,Inactive,Diploma,16-01-2021,5.7,pooja.malik2271@company.com
504277,Amit Khanna,34,Finance,Lucknow,116789.05,4.4,Active,PhD,08-11-2022,5.5,amit.khanna4277@company.com
502093,Isha Pandey,56,Finance,Delhi,77846.8,28,Unknown,Bachelors,10-07-2023,4.4,isha.pandey2093@company.com
501213,Deepak Yadav,46,Sales,Bengaluru,131203.92,4,Active,Unknown,18-12-2021,7.2,deepak.yadav1213@company.com
503976,Rahul Nanda,58,Sales,Delhi,84509.32,16.8,Active,Diploma,09-06-2017,8.9,rahul.nanda3976@company.com
503641,Sneha Yadav,57,Marketing,Lucknow,116902.77,0.3,Inactive,Bachelors,02-09-2015,4.3,sneha.yadav3641@company.com
500390,Amit Pandey,40,Unknown,Chennai,123120.99,0.4,Inactive,Diploma,01-05-2016,4,amit.pandey390@company.com
504772,Sneha Thakur,55,Support,Mumbai,149306.74,22.4,On Leave,Unknown,18-11-2017,9.2,sneha.thakur4772@company.com
503604,Ashok Bose,55,Sales,Jaipur,108602.5,22.3,On Leave,Bachelors,25-08-2016,5.6,ashok.bose3604@company.com
500828,Arjun Bose,37,Unknown,Delhi,84509.32,27.3,On Leave,Unknown,08-08-2015,1.9,arjun.bose828@company.com
501490,Divya Sinha,29,IT,Ahmedabad,67506.83,29.4,Inactive,Bachelors,01-05-2024,4,divya.sinha1490@company.com
502029,Ashok Bansal,57,Unknown,Kolkata,73441.65,25.9,On Leave,Unknown,18-11-2015,8.7,ashok.bansal2029@company.com
504977,Neha Nanda,43,Operations,Hyderabad,28982.63,4.7,On Leave,Unknown,18-01-2020,5.6,neha.nanda4977@company.com
504294,Kavita Agarwal,50,Finance,Kolkata,122882.41,31.6,Inactive,Bachelors,21-05-2025,8.1,Not Provided
503033,Rahul Rastogi,23,Unknown,Bengaluru,31398.37,7.7,Unknown,Unknown,25-01-2022,6.5,rahul.rastogi3033@company.com
501939,Vijay Saxena,37,Unknown,Lucknow,114607.88,1.7,Unknown,PhD,01-04-2020,5.7,vijay.saxena1939@company.com
501906,Gaurav Goel,26,Marketing,Kolkata,98590.28,17.6,Active,PhD,16-09-2018,8.4,gaurav.goel1906@company.com
501978,Simran Rastogi,40,Marketing,Hyderabad,22385.25,22.3,On Leave,Masters,23-01-2020,2.8,simran.rastogi1978@company.com
500854,Divya Trivedi,35,IT,Unknown,128672.78,17.3,Unknown,Unknown,16-12-2021,5.9,divya.trivedi854@company.com
502498,Gaurav Ghosh,21,Marketing,Ahmedabad,141983.28,19.4,Active,Bachelors,10-12-2024,4,gaurav.ghosh2498@company.com
503472,Sneha Rastogi,42,IT,Mumbai,49078.66,20.9,Active,Unknown,02-09-2020,1.4,sneha.rastogi3472@company.com
503255,Ashok Goel,25,Marketing,Lucknow,71160.82,24.5,Inactive,Unknown,01-10-2021,5.5,ashok.goel3255@company.com
500682,Vikram Nanda,35,Logistics,Delhi,47122.12,25.2,Inactive,Diploma,22-03-2016,1.3,vikram.nanda682@company.com
502797,Nikhil Thakur,40,Logistics,Chennai,92680.53,12.8,Active,Diploma,25-11-2025,5,nikhil.thakur2797@company.com
500946,Vikram Yadav,34,Operations,Delhi,20942.56,6.9,Inactive,Unknown,03-10-2018,9,vikram.yadav946@company.com
502620,Anjali Khanna,40,Sales,Bengaluru,113498.76,8.6,On Leave,Diploma,01-01-2016,5.9,anjali.khanna2620@company.com
500599,Nikhil Pandey,31,Support,Bengaluru,84509.32,1.2,Active,PhD,10-04-2021,1.1,nikhil.pandey599@company.com
501093,Isha Ghosh,28,Logistics,Chennai,124425.15,31.1,Inactive,Bachelors,27-04-2017,1.6,isha.ghosh1093@company.com
500313,Preeti Bansal,25,Sales,Bengaluru,139516.66,27.2,Active,PhD,07-05-2016,8.4,preeti.bansal313@company.com
501880,Anjali Nanda,49,IT,Delhi,97607.94,10.4,Unknown,Bachelors,21-08-2018,2.5,anjali.nanda1880@company.com
501721,Sneha Sinha,23,Operations,Mumbai,128248.89,22,Active,Unknown,24-06-2025,1.2,Not Provided
501777,Simran Ghosh,42,Support,Ahmedabad,24640.53,35,Unknown,Bachelors,11-11-2021,5.5,simran.ghosh564@company.com
504525,Rohan Saxena,25,Operations,Delhi,81927.58,4.2,Inactive,Masters,03-09-2018,3.9,rohan.saxena4525@company.com
501176,Simran Trivedi,31,Marketing,Unknown,60235.35,2.4,Inactive,Unknown,02-08-2019,6.5,simran.trivedi1176@company.com
504239,Preeti Saxena,49,Support,Delhi,83783.93,3.8,Active,PhD,04-06-2024,7.8,preeti.saxena4239@company.com
503120,Neha Chauhan,41,IT,Ahmedabad,29346.07,25.5,Active,Masters,07-05-2024,4.7,neha.chauhan3120@company.com
502537,Kavita Rastogi,33,Sales,Ahmedabad,94287.89,17.6,Unknown,PhD,12-02-2025,5.9,kavita.rastogi2537@company.com
500972,Nisha Ghosh,40,Sales,Ahmedabad,113596.51,2.5,Inactive,Diploma,23-01-2019,6.1,nisha.ghosh972@company.com
504755,Swati Nanda,40,HR,Kolkata,50991.7,13.7,Inactive,Diploma,13-02-2016,4.4,swati.nanda4755@company.com
501571,Swati Dixit,34,Marketing,Mumbai,47164.64,20.3,Active,PhD,01-05-2024,3.9,swati.dixit1571@company.com
503272,Vijay Bansal,55,Logistics,Unknown,135959.62,25,Unknown,Diploma,01-12-2025,5.5,vijay.bansal3272@company.com
503210,Deepak Dixit,46,Finance,Kolkata,31110.55,25.3,On Leave,Unknown,08-04-2019,2.6,deepak.dixit3210@company.com
500268,Rajesh Bansal,30,Unknown,Chennai,45884.82,22.5,Active,Unknown,24-04-2016,5.2,rajesh.bansal268@company.com
504589,Nisha Ghosh,39,Unknown,Unknown,48077.28,29.5,Inactive,PhD,05-12-2024,3,nisha.ghosh4589@company.com
503662,Swati Saxena,35,Marketing,Ahmedabad,37513.14,29.9,Active,Unknown,27-08-2025,2.5,swati.saxena3662@company.com
500137,Sanjay Agarwal,30,Support,Ahmedabad,121819.49,7.6,Inactive,Bachelors,25-01-2025,7.2,sanjay.agarwal137@company.com
504368,Manish Thakur,46,Logistics,Unknown,67654.09,17.6,Active,Diploma,06-12-2015,5,manish.thakur4368@company.com
503001,Meena Agarwal,22,Finance,Bengaluru,64850.49,31.7,Unknown,Diploma,05-01-2018,6.3,meena.agarwal3001@company.com
504190,Simran Bansal,25,Unknown,Unknown,135364.68,22.7,Active,Unknown,08-05-2018,8.1,Not Provided
504886,Isha Sinha,50,Sales,Delhi,122097.57,6.8,Active,Masters,27-02-2021,7.3,isha.sinha4886@company.com
504708,Karan Mishra,38,IT,Kolkata,85446.07,8.8,Active,Unknown,04-10-2015,3.5,karan.mishra4708@company.com
504753,Nikhil Khanna,59,Unknown,Delhi,86668.08,19.1,Active,Masters,11-04-2020,8.4,nikhil.khanna4753@company.com
503946,Rajesh Khanna,52,Marketing,Delhi,100788.48,2.5,Unknown,Masters,06-08-2023,1.8,rajesh.khanna3946@company.com
502509,Anjali Choudhary,21,Support,Delhi,29631.5,17.6,Unknown,Unknown,15-02-2023,7.7,anjali.choudhary2509@company.com
503310,Deepak Ghosh,30,Marketing,Ahmedabad,38485.5,2.2,Active,Bachelors,19-03-2018,2.4,deepak.ghosh3310@company.com
500324,Ashok Bose,35,Sales,Unknown,56055.14,1.8,Inactive,PhD,17-03-2022,6.1,ashok.bose324@company.com
504555,Vijay Mishra,29,Unknown,Kolkata,125776.3,34.9,Unknown,Bachelors,16-11-2016,4.4,vijay.mishra4555@company.com
500772,Vijay Goel,30,Logistics,Chennai,110545.05,16,Active,PhD,09-11-2020,4.4,vijay.goel772@company.com
501044,Manish Bhatia,21,HR,Chennai,60599.13,23.3,Inactive,Unknown,12-07-2020,8.2,manish.bhatia1044@company.com
501259,Sneha Nanda,40,Logistics,Ahmedabad,137449.42,12.2,Unknown,Unknown,21-05-2022,5.8,sneha.nanda1259@company.com
502413,  Nikhil Thakur  ,41,Operations,Delhi,117338.02,22.4,Active,Unknown,08-04-2021,6.3,nikhil.thakur2413@company.com
504923,Amit Yadav,55,Unknown,Mumbai,88183,11.5,Inactive,Diploma,25-07-2022,9.7,amit.yadav4923@company.com
500937,Ritu Mishra,40,Finance,Unknown,74725.02,0.4,Active,Masters,20-09-2025,3.2,ritu.mishra937@company.com
502113,Divya Malik,53,Sales,Chennai,62485.36,1.7,Active,Unknown,16-08-2019,5.5,divya.malik2113@company.com
502294,Shreya Bose,55,Marketing,Mumbai,143238.54,0.7,Active,Unknown,10-01-2018,5.7,shreya.bose2294@company.com
503681,Deepak Khanna,27,IT,Hyderabad,42603.05,21.8,Unknown,Bachelors,01-07-2018,5.5,deepak.khanna3681@company.com
502343,Rahul Choudhary,44,Logistics,Delhi,84509.32,31.6,Active,PhD,16-05-2025,4.2,rahul.choudhary2343@company.com
501635,Isha Khanna,59,Support,Bengaluru,75874.68,17.6,On Leave,Masters,21-11-2023,7.8,isha.khanna1635@company.com
502902,Preeti Choudhary,44,Unknown,Unknown,112303.36,17.6,Inactive,Bachelors,23-05-2020,5.3,Not Provided
502933,Nikhil Sinha,59,IT,Jaipur,120342.56,19.7,Unknown,Bachelors,27-12-2015,1.5,nikhil.sinha2933@company.com
501457,Simran Thakur,26,Support,Mumbai,104625.09,29,On Leave,Diploma,01-07-2024,3.6,simran.thakur1457@company.com
500637,Nikhil Pandey,59,Logistics,Delhi,66788.2,6.9,Inactive,Masters,13-08-2015,9,nikhil.pandey637@company.com
501700,Karan Saxena,29,Support,Delhi,30257.3,13.3,Inactive,Masters,06-02-2021,3.7,karan.saxena1700@company.com
502977,Deepak Bose,46,Marketing,Delhi,54803.26,13,Inactive,Masters,12-09-2023,1.3,deepak.bose2977@company.com
500892,Sanjay Rastogi,36,IT,Mumbai,64496.2,17.6,Inactive,Diploma,14-10-2015,6.3,sanjay.rastogi892@company.com
504178,Shreya Yadav,40,Unknown,Pune,53380.8,34.5,Inactive,PhD,22-10-2016,9.3,shreya.yadav4178@company.com
502325,Karan Rastogi,47,Unknown,Delhi,109066.57,13,On Leave,PhD,09-12-2019,3.3,karan.rastogi2325@company.com
503348,Priya Nanda,54,Finance,Lucknow,101966.97,25.6,Active,Diploma,18-03-2018,9.7,priya.nanda3348@company.com
500965,Nisha Bhatia,43,Support,Pune,39731.73,22.3,Inactive,Diploma,27-09-2017,9.4,nisha.bhatia965@company.com
501988,Vikram Thakur,52,Marketing,Hyderabad,20852.06,19.1,Inactive,Bachelors,25-09-2017,5.5,vikram.thakur1988@company.com
502525,Sneha Khanna,24,Sales,Jaipur,122324.51,12.9,Inactive,Masters,07-08-2016,4.2,sneha.khanna2525@company.com
500126,Ashok Thakur,43,Unknown,Chennai,133673.07,29.3,Active,Bachelors,19-11-2022,10,ashok.thakur126@company.com
503109,Deepak Mishra,51,IT,Chennai,54211.84,17.6,Active,Bachelors,21-02-2017,6,deepak.mishra3109@company.com
502507,Neha Nanda,30,Finance,Unknown,36671.38,2.3,Unknown,Masters,18-12-2015,8,neha.nanda2507@company.com
503860,Arjun Trivedi,47,Unknown,Unknown,84816.48,7.3,Unknown,Masters,02-01-2015,5.9,arjun.trivedi3860@company.com
502846,Preeti Khanna,42,Unknown,Delhi,52794.83,23.8,Inactive,Unknown,07-06-2015,2.8,preeti.khanna2846@company.com
500415,Isha Pandey,28,Unknown,Unknown,135337.64,18,Inactive,Diploma,26-07-2025,1.3,isha.pandey415@company.com
500304,Vikram Mishra,33,HR,Hyderabad,130246.76,23.8,Inactive,Unknown,14-10-2021,2,vikram.mishra304@company.com
501703,Amit Chauhan,29,Support,Chennai,59825.33,31,Active,PhD,18-02-2022,4.6,amit.chauhan1703@company.com
504569,Simran Bansal,22,IT,Chennai,102628.41,17.6,Active,PhD,05-09-2025,6.1,simran.bansal4569@company.com
502272,Anjali Goel,54,Marketing,Delhi,108899.27,19.6,Active,Diploma,15-06-2018,9.1,anjali.goel2272@company.com
503053,Amit Ghosh,43,Finance,Delhi,21705.08,17.2,Inactive,Masters,22-08-2024,7.2,amit.ghosh3053@company.com
502731,Karan Trivedi,46,Sales,Mumbai,28418.37,13.7,On Leave,Unknown,11-01-2021,8.3,Not Provided
502630,Anjali Pandey,37,Support,Bengaluru,67420.7,25.6,Inactive,Diploma,15-03-2021,9.3,anjali.pandey2630@company.com
504209,Kavita Saxena,57,Finance,Lucknow,129707.42,16.9,Active,Unknown,24-01-2015,7.4,kavita.saxena4209@company.com
504455,Divya Trivedi,38,Unknown,Chennai,93762.45,33.5,Inactive,Diploma,12-08-2025,5.5,divya.trivedi4455@company.com
504139,Nikhil Khanna,53,Logistics,Pune,85758.45,27.6,Inactive,Bachelors,14-12-2018,2.6,nikhil.khanna4139@company.com
500441,Deepak Chauhan,33,Marketing,Lucknow,44878,29.8,Inactive,Bachelors,25-03-2022,9.8,deepak.chauhan441@company.com
504580,Manish Mishra,38,Unknown,Lucknow,62630.59,23.1,Inactive,Diploma,04-06-2021,7.7,manish.mishra4580@company.com
502329,Sneha Bhatia,57,Marketing,Delhi,55203.33,23.4,Active,Bachelors,01-10-2021,4.6,sneha.bhatia2329@company.com
500265,Manish Nanda,53,Unknown,Pune,92144.29,26.1,On Leave,Unknown,19-10-2015,3.6,manish.nanda265@company.com
503738,Sanjay Ghosh,46,IT,Pune,25119.56,11.4,Unknown,Unknown,07-01-2021,3.5,sanjay.ghosh3738@company.com
504680,Nikhil Dixit,39,Logistics,Lucknow,84509.32,22.8,Active,Masters,11-11-2023,8.9,nikhil.dixit4680@company.com
504577,Deepak Dixit,27,Marketing,Kolkata,92343.73,30.2,On Leave,Unknown,13-10-2015,4.4,deepak.dixit4577@company.com
502634,Gaurav Dixit,29,Sales,Unknown,86289.45,4.2,Inactive,Unknown,09-10-2022,4.1,gaurav.dixit2634@company.com
504747,Manish Rastogi,51,Logistics,Ahmedabad,107878.72,12.9,Inactive,PhD,10-11-2018,5.5,manish.rastogi4747@company.com
502877,Nikhil Mishra,26,IT,Hyderabad,97422.35,17.6,Inactive,Diploma,08-06-2019,5.5,nikhil.mishra2877@company.com
501842,Manish Yadav,50,Operations,Ahmedabad,142136.5,12.6,Inactive,PhD,15-01-2015,10,manish.yadav1842@company.com
502400,Sneha Choudhary,55,Logistics,Kolkata,113117.3,14.7,Inactive,Unknown,06-12-2021,9.5,sneha.choudhary2400@company.com
504286,Rajesh Ghosh,31,Sales,Hyderabad,30185.99,3.7,Active,Bachelors,15-04-2018,5.7,rajesh.ghosh4286@company.com
503912,Priya Sinha,36,Unknown,Hyderabad,107121.74,1.7,Active,Bachelors,18-03-2015,8.4,Not Provided
504984,Ritu Chauhan,51,Sales,Chennai,54852.82,18.9,Active,Bachelors,11-09-2021,8,ritu.chauhan4984@company.com
500836,Preeti Chauhan,37,IT,Chennai,133216.47,16.8,Inactive,Masters,27-07-2019,5.7,preeti.chauhan836@company.com
502072,Simran Khanna,40,Operations,Ahmedabad,22355.96,1.3,Active,Bachelors,25-01-2024,3.2,simran.khanna2072@company.com
501807,Rohan Ghosh,28,IT,Hyderabad,49217.81,9.1,Unknown,Bachelors,18-12-2020,4.5,rohan.ghosh1807@company.com
504037,Rohan Malik,35,Marketing,Unknown,102508.77,9.5,Active,Diploma,04-03-2020,5.5,rohan.malik4037@company.com
501017,Manish Mishra,46,Operations,Hyderabad,22497.91,28,Unknown,Unknown,02-07-2019,5.5,manish.mishra1017@company.com
504362,Priya Agarwal,28,Operations,Bengaluru,67995,34.9,Inactive,PhD,01-07-2020,9,priya.agarwal4362@company.com
500860,Preeti Agarwal,22,Marketing,Pune,111178.87,26.4,On Leave,Bachelors,17-08-2020,5.4,preeti.agarwal860@company.com
501052,Kavita Goel,23,Operations,Hyderabad,142865.89,5.8,Unknown,Bachelors,06-11-2025,9,kavita.goel1052@company.com
504554,  Rajesh Trivedi  ,27,Sales,Bengaluru,101837.17,3.8,On Leave,Masters,19-11-2022,5.4,rajesh.trivedi4554@company.com
502908,Nikhil Bhatia,23,Unknown,Hyderabad,59352.41,31.7,Active,Masters,16-07-2015,7.1,nikhil.bhatia2908@company.com
503136,Nisha Goel,27,Operations,Mumbai,109861.47,1,Inactive,Unknown,10-05-2017,5.4,nisha.goel3136@company.com
501415,Rohan Nanda,58,HR,Jaipur,55386.93,24.4,Inactive,Bachelors,04-07-2024,3.3,rohan.nanda3703@company.com
504878,Rahul Bansal,49,Support,Chennai,71705.74,2.1,Inactive,Bachelors,07-01-2025,2.4,rahul.bansal4878@company.com
502725,Sneha Nanda,31,Marketing,Mumbai,48674.99,31,Active,Diploma,26-05-2016,5.7,sneha.nanda2725@company.com
500297,Amit Agarwal,43,Finance,Lucknow,92863.34,5,Active,Unknown,02-04-2021,3.6,amit.agarwal297@company.com
500428,Sneha Khanna,47,Finance,Jaipur,105601.04,16.2,Active,Masters,08-06-2016,8.5,sneha.khanna428@company.com
500314,Nikhil Bose,33,Logistics,Hyderabad,61589.89,33,On Leave,Masters,24-03-2017,5.5,nikhil.bose314@company.com
502742,Manish Ghosh,49,Marketing,Kolkata,84517.4,3.7,Active,Bachelors,19-05-2022,7.5,manish.ghosh2742@company.com
503309,Sneha Mishra,33,Support,Jaipur,130597.73,0.4,Inactive,Masters,14-06-2017,3,sneha.mishra3309@company.com
501241,Kavita Nanda,52,Marketing,Pune,107147.9,3.9,Inactive,Bachelors,16-07-2024,7,kavita.nanda1241@company.com
504629,  Ritu Nanda  ,54,IT,Unknown,28142.64,17.6,Inactive,Masters,06-04-2025,3.1,ritu.nanda4629@company.com
503903,Pooja Bansal,51,Marketing,Bengaluru,100427.83,34.2,Active,Masters,26-12-2022,5.5,pooja.bansal3903@company.com
502166,Preeti Sinha,40,HR,Unknown,116997.09,24.7,On Leave,PhD,15-09-2016,7.3,preeti.sinha2166@company.com
503867,Rajesh Sinha,49,IT,Mumbai,141907.01,17.6,Unknown,Bachelors,19-03-2019,5.5,rajesh.sinha3867@company.com
503649,Arjun Choudhary,24,Finance,Chennai,136406.17,19.2,On Leave,Diploma,26-09-2017,9.7,arjun.choudhary3649@company.com
503835,Karan Ghosh,59,Unknown,Mumbai,141521.73,11.6,Active,Masters,24-01-2024,9.8,karan.ghosh3835@company.com
500252,Preeti Yadav,48,HR,Chennai,69925.93,17.6,Inactive,Unknown,18-02-2025,4.1,preeti.yadav252@company.com
503432,Rajesh Nanda,51,HR,Unknown,65654.23,15.9,Active,Bachelors,25-10-2017,6.1,rajesh.nanda3432@company.com
504632,  Ashok Goel  ,26,Sales,Chennai,92442.79,15.5,On Leave,PhD,22-08-2025,2.2,ashok.goel4632@company.com
502589,Deepak Trivedi,21,Sales,Kolkata,115700.2,29.5,On Leave,Unknown,20-10-2015,8.2,deepak.trivedi2589@company.com
502845,Meena Sinha,48,Logistics,Pune,84509.32,31,Unknown,PhD,04-06-2022,8.6,meena.sinha2845@company.com
503195,Kavita Goel,41,Sales,Jaipur,139865.25,1.8,Inactive,Bachelors,19-08-2021,2.1,kavita.goel3195@company.com
502858,Anjali Dixit,28,IT,Mumbai,37340.94,21.5,Active,Bachelors,05-10-2018,6.8,anjali.dixit2858@company.com
501784,Manish Choudhary,40,Unknown,Chennai,67723.77,23.5,Inactive,Unknown,09-02-2025,1,manish.choudhary1784@company.com
503706,Amit Thakur,38,Marketing,Pune,109814.65,32.8,Active,PhD,06-02-2024,2.2,amit.thakur3706@company.com
500259,Ashok Goel,54,Unknown,Kolkata,112543.23,16.5,Inactive,Unknown,22-04-2016,5.9,ashok.goel259@company.com
504145,Preeti Khanna,37,Sales,Unknown,45151.96,32.9,On Leave,Unknown,13-11-2020,7.5,preeti.khanna4145@company.com
500986,Simran Dixit,27,HR,Lucknow,149698.22,13.4,On Leave,Bachelors,22-07-2018,8.9,simran.dixit986@company.com
503153,Ritu Agarwal,34,IT,Mumbai,44488.28,8.4,Inactive,Unknown,24-03-2024,9.8,ritu.agarwal3153@company.com
503654,Rahul Bose,30,Finance,Delhi,53510.87,15.5,Inactive,Masters,04-12-2016,7.7,rahul.bose3654@company.com
503322,Nikhil Bhatia,47,Finance,Mumbai,108820.87,31.4,Unknown,Masters,27-07-2016,6.7,nikhil.bhatia3322@company.com
504319,Anjali Choudhary,40,Support,Jaipur,102625.87,25.6,Active,Masters,14-10-2019,3.9,anjali.choudhary4319@company.com
504744,Meena Yadav,49,Marketing,Jaipur,146899.82,29.5,On Leave,Bachelors,27-09-2015,4,meena.yadav4744@company.com
501352,Divya Agarwal,52,Sales,Ahmedabad,124296.93,17.6,Inactive,Masters,02-05-2023,8,divya.agarwal1352@company.com
502999,Ashok Chauhan,59,Unknown,Unknown,50759.21,17.6,Active,Masters,11-11-2020,5.5,ashok.chauhan2999@company.com
500924,Divya Nanda,25,Sales,Hyderabad,43164.58,32.8,On Leave,PhD,03-03-2015,8.6,divya.nanda924@company.com
500954,Rohan Chauhan,48,Finance,Bengaluru,148294.61,9.7,On Leave,Masters,19-05-2018,6,rohan.chauhan954@company.com
503038,Sanjay Dixit,33,Unknown,Kolkata,55285.91,13.7,Unknown,Diploma,06-12-2018,1.6,sanjay.dixit3038@company.com
502007,Sneha Khanna,48,Unknown,Mumbai,144961.64,27.5,Active,Unknown,23-08-2018,6.6,Not Provided
500802,Gaurav Dixit,40,IT,Bengaluru,30391.69,18,Unknown,Unknown,06-02-2016,1.4,gaurav.dixit802@company.com
500500,Ritu Bansal,40,IT,Bengaluru,142139.77,29.7,Active,Masters,07-03-2024,2.1,ritu.bansal500@company.com
504614,Sanjay Bose,33,Sales,Delhi,84509.32,29.6,Inactive,Masters,07-11-2018,5.5,sanjay.bose4614@company.com
503381,Nikhil Bhatia,40,IT,Unknown,107976.39,5.4,Active,Unknown,09-06-2024,9,nikhil.bhatia3381@company.com
503152,Manish Thakur,40,Finance,Kolkata,97162.28,8.4,Active,Masters,26-12-2024,1.6,manish.thakur3152@company.com
503995,Meena Bhatia,27,Operations,Kolkata,84509.32,17.6,Inactive,Unknown,11-05-2023,1.7,meena.bhatia3995@company.com
500228,Sanjay Thakur,50,Unknown,Delhi,53139.79,25.9,Active,Unknown,17-04-2016,2,sanjay.thakur228@company.com
500380,Pooja Khanna,53,Finance,Bengaluru,124538.87,12.4,Active,Unknown,19-04-2017,7.4,pooja.khanna380@company.com
504694,Sneha Khanna,32,HR,Mumbai,66008.21,34.8,Unknown,Masters,04-06-2025,3.8,sneha.khanna4694@company.com
504216,  Manish Nanda  ,49,Unknown,Chennai,116545.9,31.7,On Leave,Unknown,08-01-2018,8.6,manish.nanda4216@company.com
503818,Isha Choudhary,47,Operations,Lucknow,26449.96,13.9,On Leave,Unknown,15-02-2020,5.6,isha.choudhary3818@company.com
500416,Kavita Choudhary,58,Unknown,Lucknow,82885.65,17.6,Active,Bachelors,11-04-2019,5.9,Not Provided
503257,Nikhil Nanda,59,Operations,Mumbai,97926.86,31.6,Inactive,PhD,23-08-2015,7.2,nikhil.nanda3257@company.com
502141,Rajesh Goel,37,Sales,Chennai,29981.34,25.5,Unknown,Masters,13-08-2017,6.4,rajesh.goel2141@company.com
504350,Amit Khanna,38,IT,Unknown,84509.32,25.3,Active,Masters,16-01-2017,7.3,amit.khanna4350@company.com
501960,Rahul Rastogi,40,Unknown,Mumbai,38233.09,1.3,On Leave,Bachelors,18-04-2023,9.7,rahul.rastogi1960@company.com
504527,Neha Sinha,28,IT,Jaipur,96270.24,17.6,Inactive,Masters,02-08-2015,7,neha.sinha4527@company.com
502749,Nisha Bansal,52,Sales,Delhi,73725.35,3.6,Active,Bachelors,13-12-2023,9.5,nisha.bansal2749@company.com
502979,Sneha Chauhan,34,Operations,Pune,72272.09,5.8,Inactive,Unknown,02-10-2022,2,sneha.chauhan2979@company.com
501423,Karan Sinha,31,Finance,Pune,94929.87,29.2,Active,Masters,11-02-2025,8.1,karan.sinha1423@company.com
502119,Priya Sinha,40,Logistics,Kolkata,92373.93,16.5,Unknown,Diploma,15-05-2018,7.2,priya.sinha2119@company.com
502655,Amit Choudhary,49,Unknown,Lucknow,127831.32,23.1,Active,Unknown,03-10-2022,9.4,amit.choudhary2655@company.com
500753,Rohan Malik,31,IT,Ahmedabad,135811.07,25.8,Inactive,PhD,07-02-2021,7.8,rohan.malik753@company.com
502370,Sneha Sinha,37,IT,Unknown,121778.79,4.7,Unknown,PhD,07-05-2021,6.1,sneha.sinha2370@company.com
501377,Divya Bansal,38,Operations,Ahmedabad,84509.32,12.8,Unknown,Masters,24-08-2021,5.1,divya.bansal1377@company.com
504566,Rohan Sinha,41,Sales,Delhi,76039.81,26.8,Active,Unknown,17-12-2019,3.2,rohan.sinha4566@company.com
504995,Ritu Ghosh,54,Support,Unknown,51298.77,30,Active,Unknown,09-06-2018,1.6,ritu.ghosh4995@company.com
500895,Rajesh Thakur,32,Logistics,Unknown,59871.34,10,Inactive,PhD,26-04-2024,4,rajesh.thakur895@company.com
500900,Deepak Goel,43,Support,Mumbai,120575.56,8.2,On Leave,PhD,22-12-2017,2.8,deepak.goel900@company.com
500740,Nisha Ghosh,50,Unknown,Bengaluru,52620.05,13.7,Active,Masters,24-07-2015,9.3,nisha.ghosh740@company.com
501214,Divya Dixit,30,Marketing,Jaipur,98220.18,17.6,Active,Diploma,24-07-2018,1.1,divya.dixit1214@company.com
504659,Suresh Nanda,48,IT,Lucknow,122363.29,30,Inactive,Masters,23-02-2023,2.3,suresh.nanda4659@company.com
500466,Amit Chauhan,55,Marketing,Pune,29448.03,14.5,Active,Bachelors,19-08-2025,6.7,amit.chauhan466@company.com
500981,Vijay Bhatia,28,Finance,Chennai,66225.82,2.3,Active,Unknown,17-02-2018,3.9,vijay.bhatia981@company.com
500280,Kavita Yadav,25,Unknown,Ahmedabad,84509.32,7.4,Inactive,PhD,23-01-2018,1.1,kavita.yadav280@company.com
503105,Ritu Mishra,29,Sales,Unknown,25837.69,32.4,Unknown,Masters,10-08-2023,5.5,ritu.mishra3105@company.com
503593,Amit Bose,57,Support,Kolkata,117843.85,17.1,Inactive,Unknown,24-10-2025,4.8,amit.bose3593@company.com
502201,Nikhil Trivedi,56,Finance,Delhi,74601.42,23.8,Active,Masters,19-06-2017,1.3,nikhil.trivedi2201@company.com
501534,Rajesh Bhatia,28,Sales,Delhi,22972.28,14,On Leave,Unknown,01-05-2023,8.9,rajesh.bhatia1534@company.com
502469,Nisha Agarwal,53,Support,Bengaluru,137874.94,6.1,On Leave,Bachelors,12-12-2016,6.1,nisha.agarwal2469@company.com
500536,Swati Agarwal,48,HR,Chennai,48518.9,2.1,Active,Unknown,13-10-2015,9.6,swati.agarwal536@company.com
502286,Priya Thakur,41,Sales,Hyderabad,103899.72,17.9,Active,Masters,07-02-2023,4.2,priya.thakur2286@company.com
503833,Rahul Ghosh,35,Finance,Delhi,36181,7.3,Active,Bachelors,26-06-2024,5.5,rahul.ghosh3833@company.com
500804,Manish Pandey,55,Operations,Bengaluru,113930.56,12.6,Unknown,Diploma,15-10-2021,5.7,manish.pandey804@company.com
500717,Pooja Pandey,57,Sales,Hyderabad,90105.53,34.2,On Leave,Unknown,24-07-2022,9.2,pooja.pandey717@company.com
504365,Preeti Dixit,32,Marketing,Jaipur,84509.32,2.4,On Leave,Masters,25-04-2021,2.5,preeti.dixit4365@company.com
500142,Deepak Choudhary,30,Unknown,Unknown,132535.33,1.9,Active,Diploma,01-02-2018,3.5,deepak.choudhary142@company.com
501495,Isha Thakur,28,Unknown,Bengaluru,75121.33,2,On Leave,Masters,12-08-2015,3.7,isha.thakur1495@company.com
501516,Rohan Ghosh,26,IT,Delhi,131253.71,7.1,Inactive,PhD,15-01-2018,2.8,rohan.ghosh1516@company.com
502803,Anjali Nanda,49,IT,Delhi,75681.2,22,Unknown,Bachelors,24-01-2022,3.1,anjali.nanda2803@company.com
503455,Preeti Sinha,29,Sales,Unknown,127050.42,2.9,Active,Unknown,26-11-2016,7.4,preeti.sinha3455@company.com
500689,Amit Rastogi,32,IT,Unknown,70617.02,19.4,Unknown,Unknown,04-12-2018,1.7,amit.rastogi689@company.com
503086,Ashok Bansal,54,IT,Chennai,78851.41,27.4,Active,Unknown,16-08-2023,3.3,ashok.bansal3086@company.com
500363,Nikhil Dixit,30,Support,Unknown,129958.95,17.6,Inactive,Masters,25-07-2015,5.5,nikhil.dixit363@company.com
503925,Karan Pandey,21,Sales,Chennai,130608.25,32.9,Inactive,Unknown,01-04-2019,10,karan.pandey3925@company.com
500760,Simran Bansal,33,Logistics,Mumbai,87556.1,3,Inactive,Unknown,26-02-2016,5.5,simran.bansal760@company.com
504458,Ashok Dixit,56,Logistics,Ahmedabad,47916.52,27.5,On Leave,Bachelors,03-05-2020,1,ashok.dixit4458@company.com
500291,Meena Malik,55,HR,Delhi,87136.04,1.5,Active,Diploma,21-07-2016,2.7,meena.malik291@company.com
501833,Suresh Chauhan,40,IT,Delhi,26987.89,22.4,Active,PhD,08-06-2016,6.5,suresh.chauhan1833@company.com
500672,Manish Chauhan,42,Unknown,Chennai,84509.32,1.1,Unknown,Diploma,26-10-2022,8.2,manish.chauhan672@company.com
504940,Suresh Thakur,50,Marketing,Delhi,63061.48,16.9,Active,PhD,12-06-2018,4.7,suresh.thakur4940@company.com
502363,Kavita Saxena,38,Unknown,Chennai,76132.98,7.4,Active,Unknown,19-10-2023,5.5,kavita.saxena2363@company.com
502570,Rohan Bansal,38,Finance,Kolkata,101132.37,13.1,On Leave,Masters,23-12-2019,8,rohan.bansal2570@company.com
502091,Ashok Mishra,35,Support,Ahmedabad,84509.32,4.7,Active,Masters,16-07-2024,7,ashok.mishra2091@company.com
504855,Ashok Thakur,28,Sales,Jaipur,63361.7,28.6,Inactive,Bachelors,24-04-2020,5.5,ashok.thakur4855@company.com
504971,Isha Chauhan,39,HR,Chennai,99549.54,27.8,Inactive,Unknown,19-04-2023,5.5,isha.chauhan4971@company.com
503509,  Gaurav Sinha  ,53,Sales,Kolkata,26630.52,22.7,Inactive,Bachelors,25-09-2015,5.5,gaurav.sinha3509@company.com
501129,Kavita Yadav,22,Unknown,Pune,58578.22,32.7,Inactive,Masters,01-09-2017,6.1,kavita.yadav1129@company.com
500190,Kavita Bansal,55,Finance,Hyderabad,68886.33,5.2,Unknown,Unknown,13-03-2018,5.1,kavita.bansal190@company.com
503766,Rahul Nanda,50,Sales,Bengaluru,63020.04,28.6,On Leave,Unknown,05-12-2020,4.3,rahul.nanda3766@company.com
500159,Swati Yadav,38,Sales,Ahmedabad,84509.32,4.6,On Leave,Masters,04-04-2018,5.1,swati.yadav159@company.com
504962,Meena Ghosh,33,HR,Delhi,127020.41,23,Inactive,Masters,14-01-2024,9,meena.ghosh4962@company.com
504784,Shreya Choudhary,35,Sales,Unknown,39261.31,26.9,On Leave,Diploma,22-08-2025,1.9,shreya.choudhary4784@company.com
502806,Deepak Malik,41,IT,Lucknow,97752.95,34.3,Active,Bachelors,04-11-2022,5.1,deepak.malik2806@company.com
501142,Rahul Ghosh,34,Sales,Jaipur,146196.18,10.5,On Leave,Bachelors,20-07-2016,5.4,rahul.ghosh1142@company.com
501875,Rohan Mishra,58,Marketing,Hyderabad,41778.17,22.3,Inactive,Unknown,11-10-2021,1.5,rohan.mishra1875@company.com
503129,Divya Ghosh,51,Support,Hyderabad,110995.36,34.2,Active,Bachelors,27-01-2020,3.3,divya.ghosh3129@company.com
502081,Vijay Dixit,57,Marketing,Chennai,43095.71,11.5,Unknown,Bachelors,22-10-2022,3.1,vijay.dixit2081@company.com
502732,Divya Bansal,29,Sales,Delhi,142037.59,17.6,Active,Masters,07-01-2015,5.5,divya.bansal2732@company.com
500049,  Kavita Goel  ,54,Sales,Bengaluru,140053.58,9,Unknown,PhD,11-07-2019,8.1,kavita.goel49@company.com
500813,Neha Malik,55,Logistics,Hyderabad,103590.45,25.3,On Leave,PhD,10-07-2025,2,neha.malik813@company.com
501284,Rohan Sinha,44,Marketing,Hyderabad,136765.36,7.1,Unknown,Bachelors,11-01-2018,8.8,rohan.sinha1284@company.com
504481,Rajesh Chauhan,24,Operations,Chennai,42231.56,31.6,Inactive,Masters,03-09-2023,1.6,rajesh.chauhan4481@company.com
501466,Anjali Trivedi,40,Finance,Delhi,72335.67,26.1,Unknown,Bachelors,16-02-2020,5.5,anjali.trivedi1466@company.com
500744,Priya Agarwal,45,Marketing,Kolkata,84509.32,23.4,On Leave,Masters,25-07-2021,5.5,priya.agarwal744@company.com
501601,Ritu Pandey,47,Sales,Jaipur,23907.91,5.9,Active,Bachelors,18-06-2019,5.5,ritu.pandey1601@company.com
503077,Priya Goel,40,Unknown,Unknown,109354.03,17,Active,Masters,01-02-2016,5.7,priya.goel3077@company.com
500877,Sneha Bose,35,IT,Bengaluru,88311.99,30.3,Unknown,Masters,14-01-2022,3.5,Not Provided
504412,Vijay Dixit,44,Unknown,Hyderabad,65815.18,12.9,Active,Bachelors,13-05-2022,3,vijay.dixit4412@company.com
504966,Pooja Bose,47,HR,Chennai,84509.32,33.8,Inactive,Masters,26-10-2018,8.3,pooja.bose4966@company.com
500057,Shreya Khanna,27,Support,Unknown,88895.72,17.3,Inactive,PhD,27-01-2022,6.8,shreya.khanna57@company.com
504957,Nisha Chauhan,51,Operations,Mumbai,21829.37,4.1,Unknown,Diploma,15-02-2021,8.1,nisha.chauhan4957@company.com
504750,Rohan Bansal,42,Logistics,Delhi,25917.86,0.9,Active,PhD,05-04-2023,2.6,rohan.bansal4750@company.com
501976,Rohan Rastogi,39,Marketing,Delhi,64591.06,18.4,Inactive,Masters,18-06-2015,3.2,rohan.rastogi1976@company.com
502500,Kavita Saxena,48,IT,Ahmedabad,40686.57,8.3,Active,Unknown,20-03-2024,1.5,kavita.saxena2500@company.com
500886,Amit Bose,49,Unknown,Delhi,84509.32,23.2,Inactive,Diploma,15-06-2019,5.5,amit.bose886@company.com
504259,Vijay Choudhary,28,Unknown,Delhi,149161.7,6.8,Inactive,Diploma,19-04-2016,4.8,vijay.choudhary4259@company.com
503734,Neha Trivedi,36,Logistics,Bengaluru,37299.69,18.6,Inactive,Masters,23-02-2017,5.5,neha.trivedi3734@company.com
501408,Isha Thakur,56,Sales,Mumbai,61216.81,28.4,Inactive,Masters,05-01-2015,3.2,isha.thakur1408@company.com
502662,Anjali Malik,56,HR,Unknown,47792.83,7,On Leave,Unknown,26-12-2024,1.6,anjali.malik2662@company.com
504948,Kavita Agarwal,26,Sales,Bengaluru,21773.76,8.7,Active,Masters,12-06-2017,6,kavita.agarwal4948@company.com
500223,Kavita Bansal,39,Finance,Unknown,68610.53,4.9,On Leave,Bachelors,17-04-2024,1.8,kavita.bansal223@company.com
501309,Sanjay Mishra,46,Marketing,Unknown,33850.56,0.5,Active,PhD,10-02-2024,9.9,sanjay.mishra1309@company.com
502524,Divya Ghosh,40,Support,Mumbai,144841.61,0.6,Unknown,Unknown,21-09-2021,4.2,divya.ghosh2524@company.com
500374,Gaurav Bansal,23,IT,Bengaluru,113514.92,18.6,Unknown,Masters,21-06-2019,2.9,gaurav.bansal374@company.com
504675,Meena Mishra,58,IT,Chennai,63339.67,28.3,Unknown,Unknown,10-09-2021,9.2,meena.mishra4675@company.com
503576,Preeti Rastogi,32,Support,Lucknow,94322.03,29.6,Unknown,Masters,06-09-2017,9.9,preeti.rastogi3576@company.com
503393,Gaurav Rastogi,22,IT,Unknown,35177.16,18.7,Inactive,Bachelors,25-03-2020,4.8,gaurav.rastogi3393@company.com
501407,Sanjay Mishra,48,Sales,Bengaluru,145155.95,4.1,Active,Unknown,25-06-2015,6.1,sanjay.mishra1407@company.com
503045,Rajesh Chauhan,45,IT,Bengaluru,147621.32,8.2,Active,Unknown,24-06-2015,4.4,rajesh.chauhan3045@company.com
502216,Amit Bansal,57,Support,Hyderabad,88640.8,21.4,Unknown,PhD,06-07-2018,9.1,amit.bansal2216@company.com
504835,Amit Yadav,40,Sales,Mumbai,23198.77,34.4,Unknown,PhD,21-04-2022,5.5,amit.yadav4835@company.com
504623,Preeti Agarwal,36,Finance,Jaipur,84509.32,26.4,Inactive,Masters,21-08-2023,3.8,preeti.agarwal4623@company.com
504435,Ashok Goel,26,Marketing,Pune,119709.22,3.7,On Leave,Bachelors,15-02-2019,8.3,ashok.goel4435@company.com
500978,Simran Bansal,53,Operations,Bengaluru,139213.63,15.5,Unknown,PhD,02-05-2021,8.5,simran.bansal978@company.com
504460,Arjun Nanda,39,Finance,Hyderabad,41730.99,21.9,Active,Masters,22-02-2017,8.3,arjun.nanda4460@company.com
504703,  Nisha Yadav  ,40,Unknown,Delhi,20707.91,34.2,Inactive,PhD,02-03-2015,3,nisha.yadav4703@company.com
500261,Deepak Nanda,24,Logistics,Lucknow,69705.69,1.3,Active,Masters,16-08-2016,6.1,deepak.nanda261@company.com
504682,Manish Thakur,27,Sales,Chennai,20864.23,17.6,On Leave,Unknown,02-02-2023,8,manish.thakur4682@company.com
502075,Simran Malik,40,HR,Delhi,52303.28,8.4,On Leave,Masters,07-09-2017,4,simran.malik2075@company.com
503973,Gaurav Rastogi,47,Marketing,Chennai,105967.36,25,Active,PhD,21-04-2024,5.5,gaurav.rastogi3973@company.com
501092,Nisha Malik,30,Operations,Lucknow,60275.56,2.1,Active,Masters,21-08-2023,3.5,nisha.malik1092@company.com
502281,Rohan Mishra,59,HR,Kolkata,30260.22,3.4,On Leave,Masters,07-12-2018,5.5,rohan.mishra2281@company.com
500902,Rohan Saxena,40,Sales,Mumbai,80402.6,26,Inactive,Unknown,02-04-2016,3.5,rohan.saxena902@company.com
501541,  Meena Bhatia  ,58,Marketing,Unknown,102913.46,7.8,On Leave,Unknown,10-01-2018,9.9,meena.bhatia1541@company.com
504592,Swati Khanna,26,Unknown,Mumbai,107554,12.7,Active,PhD,12-01-2022,3.9,swati.khanna4592@company.com
504572,Priya Pandey,52,Unknown,Kolkata,38471.78,3.9,Active,Unknown,03-04-2019,2.8,priya.pandey4572@company.com
500826,Rohan Bhatia,21,Unknown,Chennai,128859.41,21.6,Unknown,Masters,05-10-2023,1.3,rohan.bhatia826@company.com
500774,Ritu Rastogi,36,Support,Unknown,84509.32,2.8,Active,Bachelors,21-08-2020,5.5,ritu.rastogi774@company.com
500464,Sneha Goel,38,Marketing,Lucknow,121505.99,13.8,On Leave,Unknown,06-07-2024,9.2,sneha.goel464@company.com
503000,Swati Bhatia,56,HR,Unknown,146146.07,13.1,On Leave,Unknown,23-02-2016,7,swati.bhatia3000@company.com
501890,Rajesh Pandey,50,Unknown,Unknown,91136.04,11.1,Inactive,Bachelors,22-09-2022,7.3,rajesh.pandey1890@company.com
500079,Swati Thakur,39,IT,Unknown,25617.99,17.6,Unknown,PhD,08-09-2025,5.5,swati.thakur79@company.com
502586,  Simran Goel  ,21,Finance,Mumbai,101218.38,0.2,Unknown,Unknown,02-10-2023,7.6,simran.goel2586@company.com
503159,Isha Choudhary,36,IT,Delhi,85270.47,8.5,Inactive,Bachelors,14-05-2021,1.6,isha.choudhary3159@company.com
500596,Sanjay Trivedi,59,Operations,Delhi,78459.84,25.5,On Leave,Unknown,13-05-2019,9.5,sanjay.trivedi596@company.com
504930,Nisha Malik,37,Support,Lucknow,102488.61,29.3,Unknown,PhD,14-11-2018,2,nisha.malik4930@company.com
504494,Rahul Bose,30,Finance,Kolkata,84509.32,14.8,Active,Unknown,09-01-2020,5.5,Not Provided
502758,Rahul Choudhary,50,Support,Pune,146807.06,30.7,Inactive,Bachelors,22-04-2022,7,rahul.choudhary2758@company.com
502654,Simran Bansal,52,Marketing,Unknown,84509.32,13.2,Inactive,Masters,17-10-2018,6.9,simran.bansal2654@company.com
503016,Preeti Dixit,30,Support,Unknown,25029.61,11.7,On Leave,Unknown,03-08-2015,5,preeti.dixit3016@company.com
504012,Isha Chauhan,40,Logistics,Pune,84509.32,17.9,Unknown,Masters,02-09-2025,5.7,isha.chauhan4012@company.com
501077,  Ritu Bhatia  ,50,Finance,Bengaluru,110793.41,15.2,Inactive,Diploma,16-04-2016,1.6,ritu.bhatia1077@company.com
500100,Suresh Khanna,35,Unknown,Jaipur,84509.32,30.4,Active,Masters,04-02-2020,7.5,suresh.khanna100@company.com
501416,Sneha Mishra,28,Marketing,Mumbai,109037.16,2.1,On Leave,Unknown,11-01-2020,7.8,sneha.mishra1416@company.com
502324,Isha Bose,40,Sales,Mumbai,28036.07,30.2,On Leave,Masters,14-03-2024,9,isha.bose2324@company.com
500381,Vikram Rastogi,51,Finance,Unknown,49278.35,34.9,Active,Masters,05-02-2017,4.9,vikram.rastogi381@company.com
504899,Shreya Khanna,56,IT,Kolkata,134417.97,15.4,Active,Masters,17-07-2016,8.7,shreya.khanna4899@company.com
503414,Vikram Bhatia,32,Unknown,Ahmedabad,92970.94,17.7,On Leave,Masters,26-07-2019,5.5,vikram.bhatia3414@company.com
501263,Anjali Khanna,28,IT,Chennai,68686.44,6.7,Inactive,Diploma,09-04-2023,9.5,anjali.khanna1263@company.com
500952,Sneha Chauhan,53,Marketing,Kolkata,120925.63,22,Active,Bachelors,13-07-2017,5.3,sneha.chauhan952@company.com
504896,Suresh Choudhary,43,IT,Bengaluru,47762.82,28.9,Unknown,Diploma,07-03-2025,6.6,suresh.choudhary4896@company.com
500636,Deepak Bose,28,Unknown,Pune,39011.38,26.9,Inactive,Bachelors,08-06-2023,4.3,deepak.bose636@company.com
501477,Ritu Sinha,40,Unknown,Delhi,93797.38,23.4,Inactive,Masters,12-06-2020,1.5,ritu.sinha1477@company.com
500785,Neha Sinha,56,HR,Delhi,84509.32,17.6,On Leave,PhD,09-03-2016,4.8,neha.sinha785@company.com
502579,Divya Agarwal,43,Unknown,Delhi,103459.23,1,Active,Masters,08-02-2021,5.6,divya.agarwal2579@company.com
500460,Deepak Mishra,59,IT,Pune,147828.85,32.7,Active,Unknown,06-06-2023,4.8,deepak.mishra460@company.com
503848,Ritu Sinha,36,HR,Mumbai,37858.7,16.9,On Leave,Bachelors,19-05-2020,5.3,ritu.sinha3848@company.com
503254,Sneha Yadav,32,HR,Chennai,77915.86,17.6,Inactive,PhD,06-04-2017,5.5,sneha.yadav3254@company.com
504297,Rahul Thakur,49,IT,Jaipur,139540.95,9.5,Inactive,Bachelors,17-09-2020,4,rahul.thakur4297@company.com
500542,Gaurav Bose,43,Marketing,Ahmedabad,103952.23,23.6,Inactive,PhD,03-11-2020,1.4,gaurav.bose542@company.com
500812,Shreya Goel,25,Operations,Delhi,136394.25,16.5,Unknown,Unknown,01-03-2024,9.1,shreya.goel812@company.com
502554,Shreya Rastogi,51,Marketing,Mumbai,90048.85,18.7,Inactive,Unknown,16-01-2018,9.5,shreya.rastogi2554@company.com
500898,Nisha Chauhan,28,Marketing,Ahmedabad,85001.36,12.5,Active,Bachelors,17-04-2021,9.7,nisha.chauhan898@company.com
502014,Arjun Mishra,31,HR,Unknown,147870.72,0.7,Inactive,Bachelors,19-12-2017,5.5,arjun.mishra2014@company.com
502380,Rohan Goel,34,Unknown,Unknown,134494.42,24.6,On Leave,Diploma,13-06-2019,1.5,rohan.goel2380@company.com
503771,Arjun Goel,21,Finance,Delhi,88879.75,12.3,Active,Masters,08-12-2023,1,arjun.goel3771@company.com
502331,Vikram Choudhary,53,Support,Pune,20394.45,13.1,Inactive,PhD,06-11-2022,1.5,vikram.choudhary2331@company.com
503880,Gaurav Rastogi,21,IT,Bengaluru,59778.69,10.8,Unknown,Masters,13-07-2024,6.6,gaurav.rastogi3880@company.com
503622,Divya Bansal,31,Support,Mumbai,84509.32,8.2,Active,Bachelors,15-06-2021,9.7,divya.bansal3622@company.com
502222,Priya Bhatia,51,Support,Jaipur,108429.16,31.1,Unknown,Unknown,27-06-2016,1.7,priya.bhatia2222@company.com
500386,Shreya Malik,57,Sales,Bengaluru,148554.82,12.4,Active,PhD,21-10-2022,5.3,shreya.malik386@company.com
500186,Gaurav Thakur,26,IT,Hyderabad,134545.2,34.2,Active,Bachelors,10-03-2022,5.5,gaurav.thakur186@company.com
500453,Neha Nanda,23,Sales,Lucknow,114890.1,13.7,Unknown,Bachelors,05-11-2021,2.6,neha.nanda453@company.com
502776,Nikhil Agarwal,46,Marketing,Unknown,145029.6,13.9,Active,Unknown,23-04-2017,5.5,nikhil.agarwal2776@company.com
502184,Simran Chauhan,26,Support,Bengaluru,101055.39,24.2,Inactive,Masters,10-02-2021,5.5,simran.chauhan4737@company.com
500498,Manish Khanna,31,Marketing,Unknown,66192.08,5,Inactive,Unknown,24-02-2024,3.6,manish.khanna498@company.com
504612,Swati Choudhary,55,IT,Lucknow,59855.08,25.3,Inactive,Diploma,11-07-2020,5.5,swati.choudhary4612@company.com
504936,Gaurav Trivedi,24,Finance,Lucknow,128195.66,3.2,Active,Masters,19-04-2025,1.6,gaurav.trivedi4936@company.com
503461,Amit Saxena,31,Support,Chennai,58647.85,29.2,Active,Masters,19-12-2018,5.5,amit.saxena3461@company.com
502018,Manish Mishra,29,Marketing,Unknown,61677.92,19.7,Active,Masters,05-10-2016,4.2,manish.mishra2018@company.com
501701,Pooja Bhatia,58,Logistics,Jaipur,41743.98,0.1,On Leave,Unknown,14-08-2020,3.7,pooja.bhatia1701@company.com
503395,Divya Yadav,45,Sales,Mumbai,101325.01,1.1,Inactive,Masters,12-09-2018,9,divya.yadav3395@company.com
501181,Arjun Agarwal,58,Logistics,Unknown,56677.37,25.1,Unknown,Unknown,09-07-2019,2.3,Not Provided
504391,Kavita Pandey,59,HR,Jaipur,36364.57,1.9,Active,Masters,12-07-2023,1.9,kavita.pandey4391@company.com
504047,Sanjay Sinha,30,HR,Bengaluru,79811.52,34.6,Active,Diploma,04-02-2023,6,sanjay.sinha4047@company.com
504251,Suresh Ghosh,24,Logistics,Mumbai,136213.67,16,On Leave,Unknown,02-08-2015,5.6,suresh.ghosh4251@company.com
503134,Vikram Rastogi,32,Support,Delhi,146079.84,6.3,Active,Bachelors,05-09-2025,3.9,vikram.rastogi4304@company.com
500527,  Rahul Bose  ,40,Finance,Unknown,141215.14,26.7,Active,Unknown,01-01-2023,7.7,rahul.bose527@company.com
502111,Arjun Ghosh,59,Unknown,Bengaluru,42115.3,25.1,Unknown,Masters,04-12-2022,9.9,Not Provided
500427,Sneha Bhatia,28,HR,Unknown,84509.32,6.1,Active,Unknown,21-07-2021,5.2,sneha.bhatia427@company.com
502544,Sneha Rastogi,28,Marketing,Hyderabad,99869.33,27,Active,Diploma,09-02-2025,2.6,sneha.rastogi2544@company.com
500552,Sneha Agarwal,47,HR,Unknown,46586.99,22.8,Active,Unknown,17-01-2021,3.4,sneha.agarwal552@company.com
504308,Manish Goel,21,Sales,Lucknow,120507.39,10,Unknown,PhD,17-12-2020,6.6,manish.goel4308@company.com
501108,Ritu Ghosh,21,Finance,Lucknow,65615.39,26.1,On Leave,Diploma,07-05-2017,4.6,ritu.ghosh1108@company.com
501528,Vijay Bansal,49,IT,Bengaluru,87516.29,16,Active,Masters,19-02-2020,5.7,vijay.bansal1528@company.com
500669,Neha Dixit,35,Marketing,Mumbai,127304.62,7.3,On Leave,Masters,11-04-2019,9,neha.dixit669@company.com
503425,Neha Agarwal,52,Sales,Bengaluru,149465.81,7.6,Inactive,Bachelors,14-09-2021,10,neha.agarwal3425@company.com
504674,Nikhil Goel,27,IT,Ahmedabad,81736.21,7.8,Inactive,Masters,16-04-2017,8.3,nikhil.goel4674@company.com
500311,Divya Bhatia,59,Operations,Bengaluru,110492.27,16.1,On Leave,Masters,26-06-2017,9,divya.bhatia311@company.com
504049,Anjali Malik,43,Sales,Lucknow,84509.32,30.9,On Leave,Masters,13-07-2019,8.8,anjali.malik4049@company.com
501177,Swati Thakur,22,Finance,Bengaluru,39581.47,17.8,On Leave,PhD,16-04-2021,5.5,swati.thakur1177@company.com
500784,Arjun Ghosh,56,Unknown,Pune,26775.72,0.4,On Leave,Bachelors,17-07-2018,8.7,arjun.ghosh784@company.com
501718,Preeti Ghosh,49,IT,Pune,117940.79,14.5,Active,Diploma,04-04-2019,9.3,preeti.ghosh1718@company.com
500230,Vikram Nanda,43,Marketing,Bengaluru,129103.57,16.7,Active,Bachelors,11-08-2025,1.7,vikram.nanda230@company.com
501206,Priya Dixit,40,Operations,Unknown,117938.93,34.7,Inactive,Diploma,16-09-2022,5,priya.dixit1206@company.com
502059,Ashok Goel,37,Unknown,Unknown,47177.47,9.3,Active,Bachelors,14-06-2022,8.1,ashok.goel2059@company.com
504875,Arjun Pandey,55,IT,Kolkata,68445.75,13.5,Active,Bachelors,22-10-2015,6.2,arjun.pandey4875@company.com
502167,Amit Dixit,41,HR,Chennai,112644.9,4.7,Active,Unknown,02-04-2022,9.8,amit.dixit2167@company.com
500299,Kavita Nanda,59,IT,Unknown,148011.7,24.3,Inactive,Bachelors,20-10-2020,7.7,kavita.nanda299@company.com
502399,Pooja Ghosh,45,Logistics,Kolkata,84509.32,28.5,Active,PhD,07-01-2018,6.1,pooja.ghosh2399@company.com
504642,Neha Mishra,41,Unknown,Lucknow,34995.11,26.4,Inactive,Masters,26-04-2016,5.5,neha.mishra4642@company.com
502453,Pooja Pandey,56,IT,Mumbai,80995.53,14.2,On Leave,Diploma,16-02-2016,4.4,pooja.pandey2453@company.com
503479,Kavita Trivedi,34,IT,Chennai,113021.84,31.4,Inactive,Unknown,07-09-2022,5.4,kavita.trivedi3479@company.com
502100,Vikram Malik,27,Finance,Chennai,133648.68,13.4,Active,Unknown,14-03-2015,7.5,vikram.malik2100@company.com
502429,Nisha Rastogi,27,IT,Delhi,84509.32,14.9,On Leave,Diploma,11-12-2020,4.6,nisha.rastogi2429@company.com
504991,Suresh Agarwal,31,Operations,Hyderabad,147782.17,0.6,Inactive,Unknown,22-11-2015,5.5,suresh.agarwal4991@company.com
504441,Kavita Bhatia,40,IT,Chennai,71409.17,27.1,Unknown,PhD,11-10-2017,5.5,kavita.bhatia4441@company.com
504103,Vikram Ghosh,54,Finance,Bengaluru,76038.19,24.7,Active,PhD,23-04-2018,8.8,vikram.ghosh4103@company.com
501025,Vijay Trivedi,40,Unknown,Mumbai,22619.25,4.9,Inactive,Bachelors,09-07-2022,7.4,vijay.trivedi1025@company.com
500538,Meena Malik,45,Marketing,Delhi,59228.4,5.4,On Leave,Diploma,23-06-2025,8.8,meena.malik538@company.com
502711,Ritu Dixit,29,Operations,Pune,40999.74,25.4,Inactive,Bachelors,14-08-2024,5.5,ritu.dixit2711@company.com
502560,Divya Dixit,48,Marketing,Chennai,95203.17,23.8,Inactive,Bachelors,04-08-2021,7.9,divya.dixit2560@company.com
501549,Arjun Nanda,48,Finance,Delhi,92633.5,9.2,Inactive,Masters,06-05-2023,1.3,arjun.nanda1549@company.com
503442,Arjun Mishra,39,Sales,Ahmedabad,95721.46,34.9,Active,Masters,23-08-2018,2.9,Not Provided
503820,Ashok Sinha,23,Marketing,Pune,34224.08,0.9,Unknown,PhD,03-04-2016,7.1,ashok.sinha3820@company.com
501581,Swati Saxena,27,Sales,Delhi,149689.55,17.6,On Leave,Unknown,17-09-2020,7.7,swati.saxena1581@company.com
500796,Priya Dixit,52,Unknown,Kolkata,51746.14,29.8,Active,Bachelors,05-07-2022,9.9,priya.dixit796@company.com
504990,Deepak Ghosh,46,Marketing,Unknown,59227.87,17.4,On Leave,Masters,01-10-2025,6,deepak.ghosh4990@company.com
503846,Isha Thakur,42,Unknown,Bengaluru,36440.14,18,Inactive,Masters,15-09-2020,1.2,isha.thakur3846@company.com
501069,Isha Bose,24,Unknown,Unknown,122622.77,2,Inactive,Bachelors,06-11-2021,9.1,isha.bose1069@company.com
502077,Deepak Khanna,59,IT,Lucknow,97609.13,12.9,On Leave,Masters,13-05-2017,7.8,deepak.khanna2077@company.com
501418,Gaurav Saxena,54,Operations,Delhi,69190.4,6.9,Unknown,Unknown,11-04-2017,5,gaurav.saxena1418@company.com
504220,Swati Dixit,35,Operations,Ahmedabad,139357.04,17.6,Unknown,Unknown,26-12-2022,3.7,swati.dixit4220@company.com
504427,Divya Trivedi,42,Sales,Unknown,119404.1,6.1,On Leave,PhD,15-08-2019,9.3,divya.trivedi4427@company.com
503514,Sneha Trivedi,37,HR,Chennai,101397.12,8,Inactive,PhD,13-01-2018,3.5,sneha.trivedi3514@company.com
503807,Arjun Bose,42,Marketing,Jaipur,122360.96,3,Active,Unknown,06-08-2021,3.9,arjun.bose3807@company.com
503611,Rajesh Rastogi,21,Finance,Delhi,127666.81,11.1,Active,Bachelors,07-05-2021,3.2,rajesh.rastogi3611@company.com
503162,Vikram Ghosh,25,Marketing,Mumbai,98526.2,4.3,Active,Bachelors,06-03-2023,5.5,vikram.ghosh3162@company.com
504914,Vikram Chauhan,34,Unknown,Bengaluru,108509.02,16.7,Inactive,Masters,15-03-2015,5.5,vikram.chauhan4914@company.com
503274,Vikram Agarwal,27,Finance,Delhi,126302,11,Inactive,Masters,18-06-2023,5.5,vikram.agarwal3274@company.com
502417,Ritu Trivedi,55,IT,Unknown,81506.76,17.6,Active,Masters,27-01-2023,4.3,ritu.trivedi2417@company.com
504843,Priya Choudhary,57,Sales,Pune,54711.36,9.1,Inactive,Bachelors,07-01-2024,3.3,priya.choudhary4843@company.com
503081,Sneha Trivedi,52,Finance,Unknown,27828,18.3,On Leave,Bachelors,17-10-2019,6,sneha.trivedi3081@company.com
503160,Nikhil Chauhan,26,HR,Chennai,119748.86,32.8,Inactive,Diploma,22-11-2015,5.5,nikhil.chauhan3160@company.com
504215,Arjun Dixit,59,Operations,Chennai,84509.32,10.1,Active,PhD,24-06-2015,5.5,arjun.dixit4215@company.com
501616,Sanjay Thakur,49,Operations,Kolkata,131866.75,17.6,Active,Bachelors,24-09-2024,4.8,sanjay.thakur1616@company.com
503581,Vikram Pandey,52,Marketing,Chennai,106618.28,17.6,Inactive,PhD,03-11-2015,3.9,vikram.pandey3581@company.com
504996,Gaurav Saxena,34,Operations,Bengaluru,56281.17,4.1,Active,Bachelors,26-12-2025,2,gaurav.saxena4996@company.com
501334,Vijay Thakur,36,Unknown,Hyderabad,69814.13,2,Inactive,PhD,17-11-2020,9.4,vijay.thakur4055@company.com
501819,Anjali Saxena,26,Sales,Bengaluru,143726.42,32.3,Active,Diploma,15-04-2025,7.9,anjali.saxena1819@company.com
504182,Swati Rastogi,33,Operations,Pune,84509.32,6.9,Inactive,Diploma,03-11-2015,5.6,swati.rastogi4182@company.com
504315,Nikhil Sinha,56,Sales,Kolkata,116981.7,32.3,Active,Bachelors,25-06-2025,2.9,nikhil.sinha4315@company.com
500262,Swati Khanna,31,Unknown,Ahmedabad,114743.4,8.1,On Leave,Masters,15-09-2024,1.9,swati.khanna262@company.com
500366,Rahul Rastogi,32,Marketing,Unknown,116595.17,3.7,Active,PhD,03-06-2018,3.5,rahul.rastogi366@company.com
503933,Rahul Sinha,52,HR,Kolkata,109812.17,4.1,Inactive,Bachelors,16-08-2022,1.2,rahul.sinha3933@company.com
501717,Nisha Ghosh,46,Marketing,Kolkata,24877.88,21.2,Unknown,Bachelors,20-03-2018,3.6,nisha.ghosh1717@company.com
502719,Pooja Khanna,23,Marketing,Unknown,107471.41,1.8,Inactive,PhD,27-07-2023,3.8,pooja.khanna2719@company.com
501776,Sanjay Rastogi,38,Unknown,Hyderabad,67699.68,17.8,Unknown,PhD,11-11-2019,8.9,sanjay.rastogi1776@company.com
502042,Vikram Malik,35,Operations,Mumbai,53218.13,10.2,Inactive,Masters,21-08-2021,5.7,vikram.malik2042@company.com
504529,Swati Dixit,34,Unknown,Delhi,84509.32,12.5,Active,Masters,21-06-2021,6.2,swati.dixit4529@company.com
502689,Rohan Bhatia,40,Unknown,Chennai,56173.32,33.9,Unknown,Unknown,10-09-2022,5.5,rohan.bhatia2689@company.com
502001,Shreya Sinha,22,Finance,Pune,27588.28,13.2,Inactive,Diploma,22-05-2017,6.5,shreya.sinha2001@company.com
500128,Ashok Sinha,33,IT,Unknown,111672.39,18,Inactive,Diploma,22-06-2021,2.5,ashok.sinha128@company.com
501798,Divya Rastogi,59,Unknown,Kolkata,81380.84,25.7,Active,Unknown,24-09-2015,8.1,divya.rastogi1798@company.com
504568,Rajesh Choudhary,32,IT,Pune,145712.7,10.1,Inactive,Diploma,23-12-2023,6.6,rajesh.choudhary4568@company.com
503732,Gaurav Bhatia,45,IT,Hyderabad,135753.35,23.1,Active,Masters,10-07-2024,7.1,gaurav.bhatia3732@company.com
504229,Preeti Rastogi,23,Marketing,Mumbai,98045.86,2.9,Active,Bachelors,13-08-2017,3.6,preeti.rastogi4229@company.com
500531,Amit Bose,34,Marketing,Chennai,121967.09,21.2,Active,Masters,03-04-2025,4.5,amit.bose531@company.com
503303,Gaurav Trivedi,36,Operations,Unknown,73100.45,27.3,On Leave,PhD,17-01-2017,4.9,gaurav.trivedi3303@company.com
504564,Rohan Choudhary,26,HR,Ahmedabad,63384.53,16.5,On Leave,Unknown,18-09-2019,5,rohan.choudhary4564@company.com
501472,Gaurav Yadav,29,Operations,Mumbai,132991.23,13.5,Inactive,Unknown,09-01-2016,8.9,gaurav.yadav1472@company.com
501268,Arjun Ghosh,57,Unknown,Mumbai,90452.68,17.9,Active,Unknown,11-10-2025,7.2,arjun.ghosh1268@company.com
501397,Kavita Choudhary,51,Sales,Mumbai,109349.7,17.6,Active,Masters,26-12-2015,8.5,kavita.choudhary1397@company.com
504179,Meena Agarwal,38,Logistics,Hyderabad,28478.91,22.4,Inactive,Unknown,09-10-2022,5.5,meena.agarwal4179@company.com
502497,Rajesh Bansal,40,Sales,Bengaluru,138085.94,7.4,Unknown,Masters,11-01-2016,8.5,rajesh.bansal2497@company.com
503809,Kavita Bhatia,24,Unknown,Delhi,80318.3,17.4,Active,Unknown,27-12-2017,9.8,kavita.bhatia3809@company.com
500816,Rahul Chauhan,42,Unknown,Chennai,84509.32,7.5,Active,PhD,18-03-2024,3.4,rahul.chauhan816@company.com
504672,Rahul Chauhan,41,IT,Unknown,141412.79,31.1,Unknown,PhD,05-01-2016,2.3,rahul.chauhan4672@company.com
502249,Nikhil Goel,36,Operations,Chennai,59706.3,24.2,Unknown,Diploma,14-02-2016,3.7,nikhil.goel2249@company.com
500657,Karan Chauhan,41,Unknown,Pune,59920.01,28.3,On Leave,Bachelors,03-04-2021,2.6,karan.chauhan657@company.com
504344,Nisha Dixit,35,Unknown,Pune,133426.13,16.5,Active,Bachelors,23-02-2024,9.5,nisha.dixit4344@company.com
504404,Swati Trivedi,53,Unknown,Chennai,138230.41,0.8,Unknown,Diploma,26-08-2022,5.5,swati.trivedi4404@company.com
502653,Meena Agarwal,51,Sales,Jaipur,106953.14,17,Inactive,Diploma,13-12-2023,6.6,Not Provided
503241,Arjun Rastogi,52,Operations,Unknown,111695.89,17.6,Active,Unknown,18-10-2021,8.1,arjun.rastogi3241@company.com
502984,Meena Bansal,58,Operations,Lucknow,86727.28,8.4,Inactive,Unknown,15-08-2015,3.4,meena.bansal2984@company.com
502418,Gaurav Trivedi,25,Marketing,Unknown,61778.97,6.4,Unknown,Bachelors,13-04-2025,5.7,gaurav.trivedi2418@company.com
501393,Shreya Sinha,30,Marketing,Bengaluru,77300.72,19.1,On Leave,Masters,06-11-2022,2.4,shreya.sinha1393@company.com
502752,Vikram Rastogi,38,Logistics,Unknown,112699.14,21.2,Active,Masters,27-05-2022,2.4,vikram.rastogi2752@company.com
502262,Karan Bose,50,Sales,Kolkata,111381.8,26,Unknown,Unknown,06-01-2020,9.7,karan.bose2262@company.com
504118,Vikram Agarwal,42,IT,Bengaluru,122463.08,25.8,Active,Diploma,05-06-2024,2.8,vikram.agarwal4118@company.com
500743,Vikram Sinha,40,Unknown,Delhi,135793.24,14.5,Inactive,Masters,16-06-2020,5.5,vikram.sinha743@company.com
500090,Nikhil Saxena,49,Operations,Chennai,146136.01,17.6,Active,Diploma,24-11-2020,2,nikhil.saxena90@company.com
501033,Vikram Nanda,56,Unknown,Unknown,100218.61,15.5,On Leave,Unknown,24-08-2015,2.8,vikram.nanda1033@company.com
504655,Nisha Chauhan,53,Unknown,Lucknow,104192.57,21.4,Unknown,Diploma,12-04-2016,5.5,nisha.chauhan4655@company.com
504627,Suresh Sinha,54,HR,Jaipur,40567.18,11.7,Active,Masters,01-01-2024,7.5,suresh.sinha4627@company.com
500852,  Arjun Rastogi  ,22,Logistics,Kolkata,75390.73,24.7,Inactive,Diploma,03-12-2015,1.6,arjun.rastogi852@company.com
504008,Ashok Chauhan,39,Sales,Unknown,30739.8,19.6,Active,Masters,13-12-2022,6.8,ashok.chauhan4008@company.com
501274,Divya Ghosh,42,Marketing,Unknown,145033.5,19.2,Inactive,Unknown,15-04-2019,5,divya.ghosh1274@company.com
504979,Shreya Pandey,59,Unknown,Delhi,109703.42,22.8,On Leave,Diploma,07-03-2017,6.6,shreya.pandey4979@company.com
502647,Vijay Yadav,48,Marketing,Bengaluru,75643.74,34.1,On Leave,PhD,06-04-2018,7.7,vijay.yadav2647@company.com
502378,Arjun Bansal,56,Marketing,Delhi,137931.05,23.3,Active,Unknown,26-10-2023,5.5,arjun.bansal2378@company.com
503094,Vijay Bansal,50,Marketing,Kolkata,97032.73,34.5,Inactive,Unknown,23-11-2017,9.4,vijay.bansal3094@company.com
503219,Nikhil Sinha,54,Operations,Bengaluru,72788.78,27.3,Active,Masters,03-05-2018,9.5,nikhil.sinha3219@company.com
502357,Sanjay Sinha,42,IT,Ahmedabad,102701.12,19.8,Inactive,Diploma,25-02-2015,9,sanjay.sinha2357@company.com
501068,Meena Khanna,27,Support,Lucknow,44370.35,32.6,Inactive,Unknown,14-05-2021,4.7,meena.khanna1068@company.com
502108,Vikram Malik,53,Unknown,Unknown,124240.98,1.2,Inactive,PhD,20-07-2022,5.2,vikram.malik2108@company.com
504058,Vijay Sinha,35,Unknown,Chennai,84509.32,28.4,Active,PhD,02-06-2022,1.1,vijay.sinha4058@company.com
502447,Rohan Malik,24,Logistics,Chennai,84509.32,27.3,Active,Masters,02-12-2022,5.6,rohan.malik2447@company.com
501778,Rohan Bhatia,45,IT,Hyderabad,84509.32,22.8,Unknown,PhD,10-12-2015,3.2,rohan.bhatia1778@company.com
504154,Ashok Pandey,40,Finance,Delhi,92320.1,28.2,Active,PhD,25-08-2021,4.5,ashok.pandey4154@company.com
503463,Gaurav Sinha,45,Support,Hyderabad,131128.16,21.8,Active,PhD,21-09-2022,3.9,gaurav.sinha3463@company.com
503307,  Meena Yadav  ,26,Marketing,Delhi,73354.1,18.6,Inactive,Masters,01-08-2023,5.7,meena.yadav3307@company.com
502236,Neha Agarwal,54,Unknown,Ahmedabad,52392.62,14.9,Active,Bachelors,20-02-2023,2.7,neha.agarwal2236@company.com
500347,Deepak Chauhan,38,Operations,Ahmedabad,38575.58,4.3,Active,Bachelors,26-04-2025,5.5,deepak.chauhan347@company.com
502105,Pooja Choudhary,48,Sales,Lucknow,63523.28,16.3,On Leave,Masters,05-05-2023,7.3,pooja.choudhary2105@company.com
501820,Rohan Choudhary,54,Unknown,Pune,48090.14,3.9,Active,Unknown,21-08-2023,3.2,rohan.choudhary1820@company.com
503215,Amit Pandey,43,Sales,Lucknow,149037.08,21.1,Active,PhD,15-09-2020,4.4,amit.pandey3215@company.com
503716,Karan Pandey,35,Marketing,Bengaluru,137874.74,30.4,Inactive,Unknown,14-06-2020,7,karan.pandey3716@company.com
503573,Divya Bhatia,59,Support,Jaipur,110055.56,10.7,Active,Bachelors,03-05-2015,8.6,divya.bhatia3573@company.com
502088,Neha Dixit,48,Marketing,Lucknow,42134.6,17.1,Active,Masters,03-04-2021,3,neha.dixit2088@company.com
502663,Rajesh Sinha,35,Operations,Lucknow,52795.25,4.6,On Leave,Diploma,09-02-2022,9.7,rajesh.sinha2663@company.com
500389,Gaurav Bansal,45,Unknown,Unknown,84509.32,5.8,Active,Diploma,24-05-2025,4.3,gaurav.bansal389@company.com
503801,Suresh Rastogi,45,Sales,Unknown,136730.17,15.5,On Leave,Bachelors,07-03-2022,7.3,suresh.rastogi3801@company.com
501929,Divya Thakur,49,Logistics,Unknown,84509.32,13.3,Active,Unknown,24-11-2016,4,divya.thakur1929@company.com
500331,Rahul Khanna,55,Sales,Delhi,27687.3,17.1,On Leave,Unknown,10-01-2016,7.6,rahul.khanna331@company.com
502852,Sneha Sinha,31,Logistics,Unknown,36202.52,17.6,Active,Diploma,17-10-2019,5.1,sneha.sinha2852@company.com
500335,Nikhil Agarwal,35,Support,Mumbai,97512.36,22.1,Inactive,Unknown,22-06-2015,5.2,nikhil.agarwal335@company.com
500196,Rohan Yadav,41,IT,Hyderabad,53355.81,16.5,Active,Unknown,05-07-2025,5.5,rohan.yadav196@company.com
502468,Simran Trivedi,56,Sales,Unknown,52619.68,17.6,Inactive,Bachelors,27-02-2021,1.4,simran.trivedi2468@company.com
500123,Pooja Malik,44,IT,Jaipur,143283.3,15.5,Inactive,PhD,17-09-2017,2.8,pooja.malik123@company.com
504791,Shreya Thakur,47,IT,Mumbai,35563.84,8.1,Inactive,Unknown,10-10-2021,5.5,Not Provided
502827,Shreya Trivedi,29,Marketing,Lucknow,71238.84,18.5,Active,Masters,07-02-2024,4.5,shreya.trivedi2827@company.com
503364,Meena Saxena,46,IT,Ahmedabad,91021.82,10.7,Inactive,Unknown,23-11-2015,8.4,meena.saxena3364@company.com
503901,Amit Agarwal,22,Logistics,Ahmedabad,135030.44,10.9,Inactive,Bachelors,21-01-2024,5.4,amit.agarwal3901@company.com
502791,Divya Choudhary,54,Operations,Bengaluru,31581.13,30.3,Active,Masters,27-02-2025,3.4,divya.choudhary2791@company.com
501688,Arjun Nanda,34,Finance,Chennai,89497.75,22.5,Active,Unknown,23-04-2024,2.1,arjun.nanda1688@company.com
504334,Suresh Khanna,31,HR,Kolkata,89494.96,8.8,Unknown,Masters,14-12-2020,7.8,suresh.khanna4334@company.com
500620,Gaurav Bansal,28,Sales,Unknown,95330.43,34.4,Inactive,Bachelors,17-03-2025,5.5,gaurav.bansal620@company.com
501265,Divya Rastogi,40,Finance,Bengaluru,57632.77,29.3,Inactive,Masters,07-04-2024,4.8,divya.rastogi1265@company.com
502799,Amit Agarwal,45,IT,Unknown,84509.32,17.6,On Leave,Bachelors,15-04-2024,3,amit.agarwal2799@company.com
500340,Rohan Goel,27,IT,Ahmedabad,73726.21,29.9,Active,Unknown,10-11-2019,8.7,rohan.goel340@company.com
504749,Karan Trivedi,26,Sales,Delhi,84509.32,27.5,Inactive,Bachelors,19-09-2015,8.1,karan.trivedi4749@company.com
501946,Isha Chauhan,57,Logistics,Mumbai,40399.78,31.8,Inactive,PhD,24-11-2016,4.8,isha.chauhan1946@company.com
502311,Arjun Goel,36,Sales,Delhi,23758.59,10.4,On Leave,Bachelors,04-07-2020,1.2,arjun.goel2311@company.com
502388,Rajesh Ghosh,34,Unknown,Unknown,26840.61,23.8,On Leave,Diploma,08-12-2016,3,rajesh.ghosh2388@company.com
503656,Manish Mishra,26,Finance,Mumbai,79722.3,7.4,Inactive,Unknown,17-01-2017,7.1,manish.mishra3656@company.com
502495,Shreya Bansal,38,IT,Jaipur,49755.21,22,Unknown,Unknown,14-08-2021,5.5,shreya.bansal2495@company.com
504884,Vijay Khanna,57,Finance,Unknown,70234.15,12.5,Inactive,Bachelors,08-07-2015,9.6,vijay.khanna4884@company.com
501824,Rohan Trivedi,40,Logistics,Delhi,43178.96,23.2,Active,Diploma,07-11-2022,7,rohan.trivedi1824@company.com
502015,Suresh Trivedi,32,IT,Unknown,40834.8,22.3,Active,Bachelors,09-08-2015,1.6,suresh.trivedi2015@company.com
500010,Divya Saxena,32,Logistics,Bengaluru,26865.09,6.2,Unknown,Unknown,04-04-2018,9.5,divya.saxena10@company.com
502061,Preeti Trivedi,59,Support,Chennai,84509.32,30,Unknown,Masters,07-08-2023,2.5,preeti.trivedi2061@company.com
502254,Shreya Ghosh,54,Marketing,Lucknow,123492.67,12,Active,Masters,19-02-2021,5.5,shreya.ghosh2254@company.com
503624,Karan Trivedi,24,Unknown,Chennai,120193.3,23.6,Active,Bachelors,18-06-2017,1.3,karan.trivedi3624@company.com
501827,Preeti Sinha,53,HR,Unknown,114111.52,13.9,Active,PhD,27-12-2018,1.2,preeti.sinha1827@company.com
502966,Nisha Saxena,56,Unknown,Chennai,110236.42,10.2,Inactive,Masters,15-07-2020,3.8,nisha.saxena2966@company.com
502218,Rajesh Bhatia,34,Finance,Delhi,77970.02,11.6,Inactive,Bachelors,19-06-2024,1.8,rajesh.bhatia2218@company.com
504746,Karan Chauhan,56,Marketing,Delhi,116781.13,11,Inactive,Unknown,19-01-2020,8.4,karan.chauhan4746@company.com
501366,Arjun Trivedi,37,Support,Chennai,93232.09,23.5,Unknown,Unknown,20-06-2025,9.6,arjun.trivedi1366@company.com
502012,Karan Dixit,37,Unknown,Bengaluru,116606.5,5,Unknown,Unknown,26-10-2018,5.5,karan.dixit2012@company.com
500274,Simran Mishra,30,Operations,Delhi,73631.51,31.1,Active,Unknown,08-02-2024,5.5,simran.mishra274@company.com
504999,Gaurav Choudhary,33,HR,Jaipur,83585.09,17.3,Unknown,Unknown,19-01-2025,5.2,gaurav.choudhary4999@company.com
503737,Suresh Ghosh,29,Finance,Ahmedabad,30969.27,10.4,Active,Unknown,22-05-2025,5.3,suresh.ghosh3737@company.com
500667,Deepak Dixit,48,Support,Kolkata,45177.97,24.8,Inactive,Masters,18-08-2019,4.5,deepak.dixit667@company.com
500766,Deepak Saxena,23,Marketing,Delhi,78839.33,29.9,Inactive,Masters,02-06-2019,7.6,deepak.saxena766@company.com
504262,Manish Bansal,42,HR,Mumbai,134130.14,10.4,Unknown,Masters,10-03-2017,6.3,manish.bansal4262@company.com
500298,Sanjay Rastogi,21,Unknown,Unknown,84509.32,7.6,Inactive,Masters,02-01-2015,8.3,sanjay.rastogi298@company.com
501514,Gaurav Choudhary,57,Logistics,Lucknow,33820.43,12.7,Unknown,Masters,10-05-2025,6.8,gaurav.choudhary1514@company.com
502878,Nisha Saxena,31,IT,Bengaluru,62708.24,14.1,On Leave,Diploma,20-07-2024,5.9,nisha.saxena2878@company.com
500399,Shreya Rastogi,28,Sales,Kolkata,62056.27,8.9,Inactive,Unknown,20-01-2021,1.1,shreya.rastogi399@company.com
501753,Nisha Nanda,28,Support,Chennai,96514.84,22.9,Active,Masters,20-07-2021,2.1,nisha.nanda1753@company.com
503082,Gaurav Sinha,39,IT,Mumbai,40613.07,17.5,Unknown,Masters,12-04-2019,4.7,gaurav.sinha3082@company.com
502000,  Kavita Saxena  ,56,Marketing,Mumbai,84509.32,0.8,Inactive,Unknown,23-06-2019,5.4,kavita.saxena2000@company.com
501189,Kavita Ghosh,47,HR,Mumbai,145129.04,19,On Leave,Masters,23-10-2021,5.5,kavita.ghosh1189@company.com
501046,  Isha Saxena  ,43,IT,Unknown,113872.25,10.5,Active,Masters,22-01-2019,5.1,isha.saxena1046@company.com
502990,Manish Rastogi,57,Finance,Hyderabad,117915.8,11,Unknown,Diploma,07-09-2017,1.1,manish.rastogi2990@company.com
501216,Anjali Goel,56,Finance,Kolkata,84509.32,29.7,Unknown,Masters,12-09-2019,5.7,anjali.goel1216@company.com
504417,Anjali Bansal,28,IT,Bengaluru,90504.67,2.2,Inactive,Masters,19-08-2018,6.1,anjali.bansal4417@company.com
504705,Rohan Thakur,21,Support,Chennai,29042.68,12.9,Active,PhD,15-11-2020,1,rohan.thakur4705@company.com
500038,Isha Bansal,33,Support,Kolkata,33673.43,15.7,Inactive,Diploma,19-08-2024,4.3,isha.bansal38@company.com
500888,Deepak Pandey,39,Sales,Kolkata,110127.72,17.6,Active,Bachelors,05-09-2022,5.5,deepak.pandey888@company.com
500855,Pooja Bose,26,Sales,Chennai,94376.48,3.7,Inactive,Bachelors,13-05-2018,3.8,pooja.bose855@company.com
504445,Pooja Bose,58,IT,Ahmedabad,92569.24,20.1,Active,Unknown,07-11-2019,5.8,pooja.bose4445@company.com
503192,Preeti Rastogi,21,Unknown,Unknown,35287.64,8,Unknown,Bachelors,03-09-2018,7,preeti.rastogi3192@company.com
501770,Meena Malik,47,Logistics,Mumbai,148671.68,17.6,Inactive,Bachelors,17-07-2020,1.4,meena.malik1770@company.com
503468,Kavita Rastogi,31,Unknown,Bengaluru,67075.62,33.1,On Leave,Unknown,09-12-2019,7.4,kavita.rastogi3468@company.com
500244,Meena Bhatia,24,Operations,Delhi,43891.75,25.9,Inactive,Masters,16-01-2019,3.4,meena.bhatia244@company.com
501728,Manish Pandey,58,Unknown,Chennai,114470.57,12.8,Inactive,Unknown,11-01-2019,3.3,manish.pandey1728@company.com
501323,Preeti Bose,42,Unknown,Unknown,138285.83,17.2,Inactive,Bachelors,10-07-2020,2.1,preeti.bose1323@company.com
504186,  Priya Goel  ,52,IT,Delhi,90809.25,11.2,Active,PhD,20-11-2019,5.5,priya.goel4186@company.com
501078,Pooja Trivedi,35,Finance,Unknown,145999.05,17.6,Active,Unknown,04-12-2015,5.5,pooja.trivedi1078@company.com
504927,Deepak Bansal,37,Marketing,Pune,67832.9,32.1,Inactive,Diploma,17-08-2020,4.4,deepak.bansal4927@company.com
502523,Isha Thakur,53,Unknown,Mumbai,110007.21,17.6,Inactive,PhD,08-03-2022,5.5,isha.thakur2523@company.com
502239,Kavita Pandey,31,Unknown,Hyderabad,116949.1,8.3,Inactive,Unknown,12-09-2023,5.5,kavita.pandey2239@company.com
501088,Arjun Sinha,46,Unknown,Unknown,102369.95,33.9,Active,Bachelors,04-01-2021,2,arjun.sinha1088@company.com
501896,Nisha Saxena,40,Marketing,Delhi,129478.52,13.9,On Leave,PhD,27-07-2015,6.8,nisha.saxena1896@company.com
504766,Neha Bansal,39,Unknown,Unknown,96509.42,4.6,Active,PhD,09-01-2022,5.8,neha.bansal4766@company.com
500410,Amit Dixit,47,Finance,Ahmedabad,89803.33,9.7,Unknown,Masters,07-03-2024,8.2,amit.dixit410@company.com
504506,Manish Mishra,36,Marketing,Lucknow,129720.58,15,Unknown,PhD,01-08-2025,2.1,manish.mishra4506@company.com
502881,Ashok Bansal,45,Operations,Ahmedabad,25533.38,25.5,On Leave,Unknown,24-09-2016,7.9,ashok.bansal2881@company.com
503323,Karan Bhatia,39,Finance,Delhi,84509.32,24.1,Active,Unknown,23-02-2015,2.5,karan.bhatia3323@company.com
501918,Priya Chauhan,22,Marketing,Jaipur,25673.49,30.7,Active,Masters,13-08-2022,9.7,priya.chauhan1918@company.com
503878,Divya Sinha,40,Unknown,Mumbai,146881.86,33,Active,Unknown,09-05-2017,5.7,divya.sinha3878@company.com
503375,Neha Rastogi,30,Operations,Unknown,27603.31,29.4,Inactive,PhD,19-08-2019,5.5,neha.rastogi3375@company.com
501566,  Sanjay Mishra  ,33,HR,Hyderabad,22991.6,7.9,Active,Bachelors,16-06-2017,5.2,sanjay.mishra1566@company.com
504531,  Suresh Pandey  ,56,Finance,Chennai,147215.03,8.9,Inactive,Unknown,08-03-2021,6.6,suresh.pandey4531@company.com
503051,Swati Chauhan,56,Unknown,Chennai,83950.57,17.6,On Leave,Masters,25-09-2017,9.2,swati.chauhan3051@company.com
502098,Gaurav Choudhary,31,Operations,Mumbai,94964.21,22.8,Unknown,Masters,03-09-2021,4.3,gaurav.choudhary2098@company.com
504832,Kavita Yadav,28,Sales,Mumbai,142008.05,29.3,Inactive,PhD,13-06-2019,2.5,kavita.yadav4832@company.com
502610,Suresh Bose,36,Sales,Hyderabad,99254.88,10.5,Active,Bachelors,13-01-2017,4.9,suresh.bose2610@company.com
501739,Nisha Ghosh,35,Sales,Pune,95086.18,3.8,Active,Masters,15-01-2020,5.5,nisha.ghosh1739@company.com
504570,Swati Khanna,31,IT,Hyderabad,133284.75,23.1,Inactive,Bachelors,26-11-2015,9,swati.khanna4570@company.com
504487,Isha Ghosh,55,Support,Chennai,61735.23,12.2,Active,Masters,08-06-2021,7.5,isha.ghosh4487@company.com
501948,Deepak Yadav,51,Sales,Unknown,105943.42,12.9,Inactive,Unknown,24-05-2017,8.3,deepak.yadav1948@company.com
502840,Arjun Sinha,43,Marketing,Bengaluru,132424.21,17.6,Unknown,Masters,12-05-2020,9.9,arjun.sinha2840@company.com
500111,Swati Malik,38,Marketing,Delhi,74400.28,28,Active,PhD,15-03-2024,5.5,swati.malik111@company.com
503448,Nikhil Sinha,29,Operations,Mumbai,47333.68,17.6,Active,Bachelors,08-08-2017,3.2,nikhil.sinha3448@company.com
500967,Gaurav Thakur,57,Unknown,Lucknow,136772.55,29.1,Inactive,PhD,11-10-2024,6.1,gaurav.thakur967@company.com
504801,Vijay Malik,35,Support,Bengaluru,122245.53,11.5,On Leave,Diploma,08-08-2023,5.5,vijay.malik4801@company.com
502675,Isha Nanda,41,Finance,Bengaluru,129871.56,19.6,Active,Unknown,14-03-2025,5.9,isha.nanda2675@company.com
501444,Nisha Nanda,36,Unknown,Delhi,114986.17,30.4,Inactive,Masters,19-07-2024,2,nisha.nanda1444@company.com
502837,Pooja Bansal,23,Marketing,Bengaluru,21557.87,7.7,Inactive,Bachelors,01-02-2020,3.4,pooja.bansal2837@company.com
502703,Divya Saxena,59,Marketing,Kolkata,84648.88,15.6,Active,Diploma,26-09-2023,3.3,divya.saxena2703@company.com
504230,Ritu Thakur,43,HR,Pune,141298.35,20.4,Active,Bachelors,05-08-2024,1.9,ritu.thakur4230@company.com
504858,Suresh Dixit,24,Marketing,Chennai,108600.03,1.4,Active,Unknown,07-04-2017,5.3,suresh.dixit4858@company.com
500524,  Priya Pandey  ,44,HR,Mumbai,27388.53,31.6,On Leave,Bachelors,27-07-2020,7.4,priya.pandey524@company.com
504409,Priya Malik,40,IT,Chennai,84846.44,17.6,On Leave,Unknown,18-10-2025,5.5,priya.malik4409@company.com
503616,Pooja Khanna,35,Unknown,Mumbai,37107.81,17.6,On Leave,Bachelors,23-01-2022,5.5,pooja.khanna3616@company.com
504901,Suresh Choudhary,38,Marketing,Pune,82185.93,4.9,Active,PhD,19-09-2015,5.2,Not Provided
500086,Nisha Mishra,38,HR,Chennai,121168.58,28.1,Unknown,Bachelors,18-10-2019,2.4,nisha.mishra86@company.com
501983,Divya Dixit,23,HR,Unknown,122700.06,9.6,Active,Unknown,23-03-2022,8.4,divya.dixit1983@company.com
502476,Isha Pandey,50,Support,Bengaluru,135376.35,13.5,Unknown,Masters,17-03-2025,1.7,isha.pandey2476@company.com
504263,Swati Dixit,35,Finance,Jaipur,68122.69,31.3,On Leave,Unknown,23-12-2018,4,swati.dixit4263@company.com
503686,Divya Malik,26,IT,Pune,133612.54,0.8,Unknown,PhD,24-04-2015,9.1,divya.malik3686@company.com
500040,Neha Dixit,28,HR,Bengaluru,84509.32,31.6,Inactive,Bachelors,23-02-2016,8.1,neha.dixit40@company.com
502768,Rajesh Goel,25,Unknown,Jaipur,84509.32,12.8,Unknown,Bachelors,07-06-2022,4.2,rajesh.goel2768@company.com
501161,Shreya Agarwal,30,Marketing,Hyderabad,46704.68,14.8,Unknown,Diploma,19-09-2021,5.5,shreya.agarwal1161@company.com
504773,Ritu Dixit,34,Support,Lucknow,57272.76,18.4,On Leave,Bachelors,11-02-2025,1,ritu.dixit4773@company.com
501665,Rajesh Dixit,40,Marketing,Unknown,115381.5,5.7,Active,Bachelors,02-12-2022,9.7,rajesh.dixit1665@company.com
501540,Ashok Sinha,29,HR,Lucknow,74246.32,21.1,Active,Masters,07-11-2015,7.3,ashok.sinha1540@company.com
504556,Suresh Agarwal,40,Sales,Delhi,55123.99,9.7,Unknown,Masters,16-08-2022,8.8,suresh.agarwal4556@company.com
503602,Meena Chauhan,24,Support,Bengaluru,84509.32,19.1,Unknown,Masters,05-09-2021,1.1,meena.chauhan3602@company.com
500491,Rohan Thakur,44,Sales,Unknown,75631.36,5,Inactive,Masters,03-09-2018,7.8,rohan.thakur491@company.com
500973,Divya Rastogi,23,Unknown,Delhi,41219.13,2,Unknown,Unknown,26-07-2020,3.2,divya.rastogi973@company.com
501796,Anjali Malik,50,Marketing,Chennai,99099.33,10.3,Active,Diploma,18-03-2017,5.7,anjali.malik1796@company.com
501394,Arjun Thakur,34,Operations,Unknown,146513.97,13.8,Inactive,Masters,01-10-2023,5.1,arjun.thakur1394@company.com
504757,Neha Nanda,32,Marketing,Jaipur,83894.59,1.5,Inactive,Bachelors,25-11-2020,3.6,neha.nanda4757@company.com
500642,Priya Goel,53,Marketing,Mumbai,148049.29,34.8,Inactive,Bachelors,18-08-2021,5.7,priya.goel642@company.com
501919,Vijay Bhatia,59,Operations,Kolkata,84509.32,1.5,Active,Masters,25-07-2019,5.4,vijay.bhatia1919@company.com
501736,Deepak Malik,42,Logistics,Lucknow,57064.86,11.9,On Leave,Masters,20-04-2020,2.8,deepak.malik1736@company.com
501130,Vijay Nanda,50,Operations,Bengaluru,94039.01,29.6,Unknown,Unknown,12-08-2018,9.5,vijay.nanda1130@company.com
501203,Nikhil Malik,56,Finance,Mumbai,44500.37,3.7,Inactive,Masters,12-06-2018,8.6,nikhil.malik1203@company.com
501201,Karan Bose,35,Sales,Mumbai,46107.6,27.1,Inactive,Bachelors,08-11-2024,5.8,karan.bose1201@company.com
501695,Gaurav Mishra,33,Logistics,Jaipur,87244.82,1,Inactive,Masters,16-11-2024,8,gaurav.mishra1695@company.com
504759,Karan Dixit,26,IT,Unknown,119977.4,14.2,Inactive,Unknown,12-10-2017,2.9,karan.dixit4759@company.com
501035,Arjun Khanna,56,Unknown,Mumbai,50524.54,30.3,Active,Diploma,03-10-2020,8.5,arjun.khanna1035@company.com
500307,Gaurav Mishra,29,Unknown,Mumbai,23115.37,12.2,Unknown,Diploma,25-02-2015,8.1,gaurav.mishra307@company.com
501678,Arjun Saxena,47,Sales,Hyderabad,52780.43,8.7,Unknown,Unknown,23-12-2025,2.2,Not Provided
504246,Vikram Yadav,40,Marketing,Unknown,65840.24,17.6,On Leave,Unknown,22-02-2023,2.5,vikram.yadav4246@company.com
501659,Vikram Choudhary,40,Unknown,Mumbai,103819.06,21.3,Inactive,Bachelors,26-03-2017,5.5,vikram.choudhary1659@company.com
502499,Suresh Choudhary,34,IT,Unknown,123499.54,21.9,Unknown,Unknown,11-06-2021,2.9,suresh.choudhary2499@company.com
501031,Priya Bhatia,50,Operations,Delhi,131099.86,10.8,Unknown,Unknown,25-11-2023,6.1,priya.bhatia1031@company.com
504291,Ashok Ghosh,29,IT,Delhi,136824.61,17.6,On Leave,Bachelors,11-08-2017,5.5,ashok.ghosh4291@company.com
503064,Amit Sinha,57,Unknown,Hyderabad,35076.48,21.2,Inactive,PhD,25-04-2019,7.4,amit.sinha3064@company.com
502659,Rajesh Malik,59,Finance,Unknown,80570.19,17.6,Active,Masters,03-01-2015,7,rajesh.malik2659@company.com
500183,Isha Sinha,55,IT,Ahmedabad,52201.59,24.5,Unknown,PhD,17-09-2020,5.2,isha.sinha183@company.com
502165,Sanjay Bansal,57,Sales,Unknown,61049.26,18.1,Active,Bachelors,23-02-2020,6,sanjay.bansal2165@company.com
504640,Nisha Bose,42,Unknown,Mumbai,64887.95,5.7,Inactive,Diploma,15-03-2015,8.7,nisha.bose4640@company.com
503520,Amit Ghosh,47,Finance,Ahmedabad,26991.24,21.8,Active,Masters,04-11-2025,8.3,amit.ghosh3520@company.com
503141,Ritu Pandey,52,Operations,Unknown,126990.44,33.6,Inactive,Unknown,23-01-2025,6.5,ritu.pandey3141@company.com
500384,Gaurav Choudhary,23,Support,Hyderabad,46760.31,25.2,Inactive,Masters,24-11-2025,4.5,gaurav.choudhary384@company.com
501625,Swati Bhatia,36,IT,Unknown,59996.45,11.6,Inactive,Diploma,12-07-2022,4.4,swati.bhatia1625@company.com
503954,Rohan Pandey,51,IT,Bengaluru,72409.48,20.3,Active,Unknown,12-09-2021,1.5,rohan.pandey3954@company.com
503006,Shreya Bansal,57,Unknown,Jaipur,127670.62,20.4,Active,Masters,25-09-2020,7.6,shreya.bansal3006@company.com
502135,Priya Nanda,48,IT,Ahmedabad,84509.32,32.2,Active,Bachelors,09-01-2018,4,priya.nanda2135@company.com
501326,Ritu Yadav,40,IT,Unknown,73893.61,26.2,Unknown,Masters,18-03-2015,6.6,ritu.yadav1326@company.com
504698,Manish Pandey,26,Marketing,Delhi,28770.17,14.9,Unknown,PhD,06-06-2024,2.9,manish.pandey4698@company.com
501094,Sneha Dixit,50,Support,Mumbai,130080.1,15,Active,Masters,07-07-2018,5.5,sneha.dixit1094@company.com
502085,Sneha Choudhary,27,Sales,Unknown,80274.28,2.2,Inactive,PhD,18-06-2019,2.8,sneha.choudhary2085@company.com
503071,Anjali Khanna,57,Marketing,Jaipur,133154.36,6.3,Unknown,Bachelors,11-05-2024,4.5,anjali.khanna3071@company.com
503659,Preeti Bhatia,55,Unknown,Unknown,24774.42,20.4,Active,Masters,06-08-2015,7.7,preeti.bhatia3659@company.com
504641,Meena Saxena,52,Marketing,Unknown,84509.32,0.7,Inactive,PhD,19-04-2016,3.6,meena.saxena4641@company.com
501188,Swati Agarwal,40,Operations,Bengaluru,38963.34,16.8,Inactive,Masters,06-09-2023,3.8,swati.agarwal1188@company.com
503947,Ashok Ghosh,48,Unknown,Chennai,142319.82,6.2,Active,Bachelors,08-01-2025,9.7,ashok.ghosh3947@company.com
501660,Ashok Yadav,21,Logistics,Lucknow,34300.48,23,Inactive,Bachelors,19-06-2024,6.4,ashok.yadav1660@company.com
503775,Ritu Trivedi,30,Support,Delhi,79872.53,14.8,On Leave,Bachelors,14-06-2015,4.9,ritu.trivedi3775@company.com
502788,Ashok Sinha,58,Logistics,Jaipur,91017.21,24.1,Unknown,Masters,06-09-2024,5.8,ashok.sinha2788@company.com
502936,Vikram Yadav,59,Operations,Unknown,44661.27,19.8,Unknown,Unknown,05-01-2015,9.5,vikram.yadav2936@company.com
504414,Rajesh Agarwal,52,Unknown,Hyderabad,139936.41,7.2,On Leave,Bachelors,27-08-2016,6.9,rajesh.agarwal4414@company.com
503267,Rahul Thakur,34,IT,Bengaluru,84509.32,17.9,Inactive,Unknown,17-07-2017,9.1,Not Provided
503761,Deepak Sinha,33,HR,Unknown,139270.98,25.5,Active,Bachelors,12-02-2025,5.2,deepak.sinha3761@company.com
501234,Rohan Bhatia,31,Marketing,Pune,62064.81,28.4,Active,PhD,20-12-2016,5.7,rohan.bhatia1234@company.com
503894,Suresh Chauhan,48,HR,Delhi,54045.52,8.1,Unknown,Unknown,14-11-2023,6.6,suresh.chauhan3894@company.com
504902,Preeti Goel,29,IT,Bengaluru,35717.86,34.8,Inactive,Bachelors,06-08-2015,3.9,preeti.goel4902@company.com
501804,Anjali Nanda,54,Operations,Chennai,22456.61,10.3,On Leave,Masters,24-12-2024,3.7,anjali.nanda1804@company.com
504296,Preeti Saxena,43,Logistics,Mumbai,129577.18,15.3,Active,Bachelors,20-01-2025,5.3,preeti.saxena4296@company.com
503840,Rohan Nanda,55,IT,Ahmedabad,76564.06,4.5,Inactive,Unknown,06-08-2024,9.8,rohan.nanda3840@company.com
503483,Karan Malik,29,Support,Delhi,118402.35,6.2,Inactive,Unknown,03-10-2023,9.8,karan.malik3483@company.com
500472,Ashok Bhatia,44,Operations,Lucknow,69278.75,19.3,Inactive,Unknown,01-01-2019,4,ashok.bhatia472@company.com
500023,Nisha Ghosh,43,Unknown,Mumbai,46526.55,7.1,Unknown,Masters,26-02-2021,6.6,nisha.ghosh23@company.com
501237,Sanjay Mishra,58,Sales,Bengaluru,114788.39,25.6,Active,Masters,03-05-2021,8.5,sanjay.mishra1237@company.com
501626,Preeti Yadav,47,Sales,Ahmedabad,129033.71,3.8,Inactive,Masters,03-11-2022,1.9,preeti.yadav1626@company.com
501425,Divya Trivedi,45,Marketing,Bengaluru,25545.46,24.7,Inactive,Masters,26-12-2017,8.6,divya.trivedi1425@company.com
503580,Amit Nanda,52,Sales,Mumbai,84509.32,6.1,Active,Masters,18-07-2016,9.5,amit.nanda3580@company.com
500994,Suresh Choudhary,46,Marketing,Mumbai,147794.65,17.2,Inactive,Bachelors,12-08-2022,2.5,suresh.choudhary994@company.com
504548,Amit Nanda,37,Logistics,Mumbai,95035.18,20.2,Active,Masters,07-09-2023,7.5,amit.nanda4548@company.com
504242,Arjun Nanda,48,IT,Pune,48195.32,22.8,Unknown,Bachelors,05-11-2022,8.1,arjun.nanda4242@company.com
502968,Swati Ghosh,28,Sales,Ahmedabad,134792.34,11,Unknown,PhD,07-04-2017,6.8,swati.ghosh2968@company.com
504331,Suresh Mishra,39,Marketing,Bengaluru,26019.39,30.2,Inactive,Masters,09-12-2017,1.6,suresh.mishra401@company.com
501089,Ritu Ghosh,23,Sales,Lucknow,41709.94,0.5,Inactive,Unknown,23-10-2023,5.5,ritu.ghosh1089@company.com
502973,Vijay Rastogi,52,Marketing,Unknown,25079.66,26.1,On Leave,Unknown,01-04-2024,7.1,vijay.rastogi2973@company.com
502039,Sanjay Saxena,53,IT,Unknown,27705.9,28,Unknown,Diploma,26-01-2017,8,sanjay.saxena2039@company.com
503938,Rahul Mishra,59,Finance,Lucknow,70399.17,5,Inactive,Masters,15-09-2022,5.5,rahul.mishra3938@company.com
501454,Arjun Saxena,44,Support,Bengaluru,35256.15,17.1,Active,Unknown,12-12-2024,5,arjun.saxena1454@company.com
503680,Arjun Rastogi,42,Marketing,Bengaluru,114274.98,19.1,Inactive,Bachelors,01-04-2023,4.5,arjun.rastogi3680@company.com
503583,Kavita Rastogi,33,Unknown,Chennai,124987.53,3,On Leave,Masters,15-09-2025,5.5,kavita.rastogi3583@company.com
500444,Divya Ghosh,37,Unknown,Lucknow,84509.32,33.2,On Leave,Bachelors,01-03-2024,1.6,divya.ghosh444@company.com
500275,Meena Nanda,44,Marketing,Ahmedabad,119008.91,4.2,Active,Masters,03-08-2015,5.5,meena.nanda275@company.com
502347,Shreya Saxena,50,Marketing,Lucknow,124739.61,15.2,Active,Bachelors,10-04-2015,6.6,Not Provided
503608,Divya Yadav,48,Unknown,Bengaluru,136587.94,27.4,Inactive,Bachelors,06-07-2024,8,divya.yadav3608@company.com
502801,Amit Bansal,24,Logistics,Lucknow,91883.49,16.4,On Leave,Masters,23-09-2021,7.8,amit.bansal2801@company.com
500603,Sneha Nanda,40,Marketing,Unknown,142943.92,2.1,Inactive,Masters,04-03-2021,4.9,sneha.nanda603@company.com
503916,Preeti Bhatia,31,Unknown,Lucknow,92540.39,22.6,Inactive,Bachelors,25-09-2021,4.8,preeti.bhatia3916@company.com
504354,Sneha Sinha,21,HR,Bengaluru,82515.67,32.9,On Leave,Bachelors,01-11-2024,5.5,sneha.sinha4354@company.com
504261,Anjali Chauhan,49,Logistics,Mumbai,84509.32,24.8,On Leave,PhD,25-06-2016,9.5,anjali.chauhan4261@company.com
500963,Pooja Bose,37,IT,Unknown,34553.74,9,Inactive,Masters,05-08-2015,5.7,pooja.bose963@company.com
501351,Swati Rastogi,48,Operations,Mumbai,40125.49,12.5,Inactive,Unknown,03-01-2019,5.5,swati.rastogi1351@company.com
501570,Preeti Ghosh,29,Unknown,Delhi,119445.35,21.3,Active,Masters,18-03-2023,5.5,preeti.ghosh1570@company.com
501604,Amit Bose,38,Unknown,Hyderabad,125204.81,22.5,Unknown,Masters,02-03-2019,5.5,amit.bose1604@company.com
501317,Rajesh Saxena,23,Operations,Mumbai,53956.23,9.2,Inactive,Unknown,22-10-2023,6.3,rajesh.saxena1317@company.com
502151,Arjun Malik,40,IT,Mumbai,96055.29,5.1,On Leave,Masters,15-09-2018,4.5,arjun.malik2151@company.com
503547,Neha Bhatia,37,HR,Kolkata,128022.83,10.8,Unknown,Unknown,07-02-2022,3.5,neha.bhatia3547@company.com
503825,Sanjay Ghosh,36,Marketing,Kolkata,119818.63,15.8,Active,Bachelors,12-12-2017,5.1,sanjay.ghosh3825@company.com
504439,Amit Chauhan,24,Sales,Unknown,100444.47,14,Active,Masters,05-06-2022,8.9,amit.chauhan4439@company.com
500350,Divya Khanna,26,HR,Ahmedabad,116548.93,9.2,Active,Masters,18-12-2015,2.8,divya.khanna350@company.com
504553,Preeti Malik,51,IT,Ahmedabad,74293.55,7.7,Unknown,Masters,19-11-2023,4.5,preeti.malik4553@company.com
502491,Anjali Bansal,46,Logistics,Lucknow,101191.55,3.8,Inactive,Unknown,07-07-2015,1.6,anjali.bansal2491@company.com
501686,Shreya Ghosh,50,IT,Kolkata,99605.53,33.4,Active,PhD,01-01-2022,7.7,shreya.ghosh1686@company.com
503341,Divya Dixit,48,Unknown,Mumbai,86938.4,25.9,Active,Bachelors,05-08-2017,1.1,divya.dixit3341@company.com
500360,Meena Rastogi,51,Support,Hyderabad,60604.61,4.3,Inactive,Masters,15-09-2020,5.5,meena.rastogi360@company.com
502377,Anjali Bansal,52,Unknown,Mumbai,110985.06,10.1,Inactive,Bachelors,15-11-2016,6.4,anjali.bansal2377@company.com
500120,Karan Saxena,25,Finance,Jaipur,48920.04,21.3,Unknown,Bachelors,03-12-2017,2.6,karan.saxena120@company.com
501643,Vijay Malik,59,Unknown,Bengaluru,84509.32,18.3,On Leave,Diploma,15-10-2022,4.1,vijay.malik1643@company.com
502221,Sanjay Nanda,30,Marketing,Delhi,84509.32,24.4,Active,Masters,07-09-2019,5.5,sanjay.nanda2221@company.com
503019,Divya Agarwal,55,HR,Jaipur,72133.3,19.1,Active,Masters,11-04-2022,5.5,divya.agarwal3019@company.com
503065,  Karan Goel  ,34,Logistics,Pune,83399.81,34.4,Inactive,Diploma,04-09-2024,8,karan.goel3065@company.com
500814,Divya Khanna,32,Marketing,Unknown,64127.46,4.7,Active,Masters,23-03-2016,5.3,divya.khanna814@company.com
504132,Sanjay Rastogi,24,Sales,Mumbai,35629.04,9.9,Active,Masters,07-06-2024,7.7,sanjay.rastogi4132@company.com
501588,Suresh Ghosh,53,Marketing,Unknown,84509.32,23.3,Inactive,PhD,22-01-2018,6.8,suresh.ghosh1588@company.com
501882,Vikram Sinha,32,Logistics,Unknown,114229.45,10.2,Unknown,PhD,03-10-2016,5.1,vikram.sinha1882@company.com
504157,Suresh Goel,52,IT,Delhi,142829.75,17.6,Unknown,Bachelors,24-06-2018,9.5,suresh.goel4157@company.com
503810,Preeti Agarwal,42,IT,Jaipur,50239.74,26.8,Inactive,Masters,17-10-2020,5.5,preeti.agarwal3810@company.com
502813,Nikhil Malik,25,Unknown,Mumbai,129777.66,34.9,On Leave,Bachelors,06-05-2023,4.4,nikhil.malik2813@company.com
503262,Ritu Trivedi,44,Marketing,Delhi,35775.52,14.4,Unknown,Bachelors,08-08-2019,2.2,ritu.trivedi3262@company.com
501358,  Kavita Agarwal  ,24,IT,Chennai,54372.86,8.4,Unknown,Masters,21-01-2025,5.5,kavita.agarwal1358@company.com
500029,Priya Rastogi,38,IT,Lucknow,59341.09,21.3,Active,PhD,19-04-2017,8.3,priya.rastogi29@company.com
500566,  Manish Pandey  ,34,Operations,Ahmedabad,91698.19,13.7,Unknown,Masters,02-05-2024,2.8,manish.pandey566@company.com
500031,Simran Bansal,30,Sales,Delhi,43931.84,7.8,Active,Masters,22-09-2024,9.4,simran.bansal31@company.com
502898,Amit Bose,44,Marketing,Kolkata,92755.81,32.5,Active,Bachelors,19-09-2017,5.4,amit.bose2898@company.com
501998,Nikhil Trivedi,25,Support,Delhi,133237.73,17.8,Unknown,Bachelors,07-04-2023,7.6,nikhil.trivedi1998@company.com
501064,Vijay Rastogi,30,Marketing,Delhi,80191.38,8.6,Active,Bachelors,17-11-2018,5.3,vijay.rastogi1064@company.com
504112,  Simran Dixit  ,56,Marketing,Delhi,105881.09,17.6,Inactive,Masters,11-10-2016,6.8,simran.dixit4112@company.com
502965,Kavita Choudhary,42,HR,Delhi,104834.99,16.4,Inactive,Unknown,08-08-2022,8.9,kavita.choudhary2965@company.com
501805,Deepak Thakur,31,Unknown,Delhi,63737.42,30.5,Inactive,Masters,26-06-2016,9.1,deepak.thakur1805@company.com
500683,Ashok Rastogi,46,Support,Lucknow,121225.89,5.6,Active,Unknown,15-03-2022,2.1,ashok.rastogi683@company.com
502739,Simran Pandey,30,HR,Bengaluru,141185.19,18.1,Unknown,Bachelors,14-12-2024,5.9,simran.pandey2739@company.com
503312,Rahul Nanda,55,Operations,Delhi,62885.81,19.1,Unknown,Unknown,11-07-2024,8.5,rahul.nanda3312@company.com
503663,Gaurav Pandey,35,Marketing,Pune,126060.73,4.9,Unknown,Unknown,10-12-2025,5.5,gaurav.pandey3663@company.com
502475,Simran Bose,57,Unknown,Bengaluru,113275.59,13.8,Active,Unknown,05-01-2016,5.4,simran.bose2475@company.com
502583,Divya Goel,40,Operations,Jaipur,140019.15,13.6,Active,Bachelors,17-02-2021,3.9,divya.goel2583@company.com
503058,Kavita Ghosh,50,Sales,Delhi,138011.24,25.8,On Leave,Bachelors,15-07-2023,7.6,kavita.ghosh3058@company.com
503391,Kavita Choudhary,21,Unknown,Mumbai,129382.31,7.3,Active,Bachelors,26-12-2022,2.4,kavita.choudhary3391@company.com
503660,Priya Malik,30,Logistics,Unknown,45826.99,18.2,Inactive,Diploma,25-12-2022,8.8,priya.malik3660@company.com
504960,Simran Dixit,46,Sales,Delhi,85252.09,24.7,Active,Bachelors,24-02-2021,7.7,simran.dixit4960@company.com
501258,Arjun Rastogi,51,IT,Mumbai,75239.12,16.5,Active,Bachelors,05-11-2022,4.3,arjun.rastogi1258@company.com
502625,Kavita Trivedi,58,Sales,Pune,97037.01,14.9,Inactive,Unknown,02-11-2015,5.5,kavita.trivedi2625@company.com
503963,Rohan Dixit,39,IT,Lucknow,41897.23,15.7,Active,Unknown,04-05-2025,2.2,rohan.dixit3963@company.com
501614,Sneha Saxena,32,Unknown,Kolkata,130925.15,4.6,Active,Bachelors,14-03-2024,6.5,sneha.saxena1614@company.com
501726,Shreya Bose,40,Finance,Bengaluru,135278.6,17.3,Inactive,Unknown,15-12-2023,5.5,shreya.bose1726@company.com
500359,Preeti Chauhan,32,Operations,Kolkata,96606.01,4.2,Active,Diploma,04-11-2017,9.4,preeti.chauhan359@company.com
500168,Amit Ghosh,40,Finance,Delhi,77018.2,13.8,Inactive,Unknown,25-06-2018,7.2,amit.ghosh168@company.com
502421,Vijay Mishra,56,Support,Bengaluru,87684.01,34.7,Active,Unknown,22-02-2019,4.9,vijay.mishra2421@company.com
503536,Karan Khanna,29,Marketing,Mumbai,24043.11,24.2,Inactive,Masters,03-12-2019,5.5,karan.khanna3536@company.com
504289,Nikhil Choudhary,29,Marketing,Chennai,133629.69,0.9,Active,Masters,03-10-2019,5.5,nikhil.choudhary4289@company.com
504876,Rahul Bansal,27,Marketing,Unknown,25713.41,28.8,Active,Diploma,18-07-2022,5.7,rahul.bansal4876@company.com
503470,Ashok Bhatia,21,Sales,Delhi,64013.94,3.1,Inactive,PhD,24-08-2016,5.5,ashok.bhatia3470@company.com
501451,Arjun Thakur,40,Sales,Pune,119524.79,24.2,Inactive,PhD,23-06-2024,9.3,arjun.thakur1451@company.com
501431,Gaurav Thakur,57,Operations,Delhi,101598.83,17.3,On Leave,Unknown,25-04-2021,3.7,gaurav.thakur1431@company.com
502721,Rahul Sinha,37,Operations,Bengaluru,57980.76,3.5,Unknown,Masters,16-11-2017,9.3,rahul.sinha2721@company.com
502031,Suresh Yadav,40,Operations,Ahmedabad,116885.09,16.3,Inactive,PhD,12-07-2017,8.1,suresh.yadav2031@company.com
502714,Vikram Ghosh,57,Unknown,Unknown,22239.12,5.7,Inactive,Masters,01-08-2017,4.7,vikram.ghosh2714@company.com
500408,Rohan Agarwal,51,Logistics,Delhi,59787.15,10.6,Unknown,PhD,03-11-2025,8.1,rohan.agarwal408@company.com
503882,Meena Trivedi,40,Finance,Chennai,110214.32,13.3,Active,Diploma,18-05-2015,4.5,meena.trivedi3882@company.com
502045,Swati Sinha,51,Operations,Mumbai,84509.32,17.9,On Leave,Unknown,10-01-2025,5.9,swati.sinha2045@company.com
500971,Deepak Nanda,46,Marketing,Lucknow,84509.32,2.9,Active,Unknown,23-01-2023,10,deepak.nanda971@company.com
504511,Preeti Bose,46,Finance,Bengaluru,140831.84,15.5,Inactive,Unknown,21-12-2023,2.9,preeti.bose4511@company.com
504094,Gaurav Bansal,42,Support,Chennai,97441.96,17.2,Active,Unknown,15-04-2020,2.6,gaurav.bansal4094@company.com
500695,Anjali Agarwal,44,IT,Ahmedabad,33723.07,5.4,Active,Diploma,06-08-2023,6.2,anjali.agarwal695@company.com
504206,Ritu Chauhan,39,Unknown,Delhi,41726.68,2.2,On Leave,PhD,26-06-2018,8.3,ritu.chauhan4206@company.com
503230,  Rajesh Mishra  ,47,Marketing,Bengaluru,101125.47,14.8,Inactive,Bachelors,24-04-2019,7.2,rajesh.mishra3230@company.com
502748,Priya Goel,29,Logistics,Chennai,141390.92,17.6,On Leave,Bachelors,23-07-2024,5.5,priya.goel2748@company.com
500375,Manish Agarwal,48,IT,Jaipur,41843.68,27.3,Inactive,PhD,24-07-2015,5.5,manish.agarwal375@company.com
500750,Simran Rastogi,41,Unknown,Lucknow,72799.61,13.3,Unknown,Unknown,10-05-2018,1.1,Not Provided
503871,Ritu Mishra,34,Unknown,Kolkata,59147.66,21.6,Active,Masters,09-02-2022,8.9,ritu.mishra3871@company.com
502920,Karan Trivedi,42,Marketing,Unknown,127654.44,20.1,Active,Unknown,17-03-2019,4.4,karan.trivedi2920@company.com
503980,Vikram Saxena,48,Logistics,Unknown,40911.62,12.2,Unknown,Diploma,05-03-2015,3.2,vikram.saxena3980@company.com
501954,Divya Ghosh,53,Support,Delhi,86792.29,5.6,Inactive,Bachelors,18-07-2023,2.8,divya.ghosh1954@company.com
503694,Gaurav Choudhary,40,Support,Ahmedabad,73114.69,27.6,Active,Diploma,07-06-2018,5.9,gaurav.choudhary3694@company.com
501856,Kavita Rastogi,49,Logistics,Chennai,134176.38,14.2,Inactive,Bachelors,13-09-2025,7,kavita.rastogi1856@company.com
503237,Karan Yadav,52,Marketing,Chennai,93793.95,20.7,On Leave,Unknown,23-12-2019,1.4,karan.yadav3237@company.com
503636,Karan Trivedi,57,IT,Unknown,25634.45,11.2,Active,Bachelors,27-06-2016,4.7,karan.trivedi3636@company.com
503177,Swati Saxena,48,Marketing,Mumbai,23263.69,19.2,Unknown,PhD,25-03-2015,8.3,swati.saxena3177@company.com
501583,Sneha Bose,28,IT,Delhi,20299.79,24.6,Active,Bachelors,08-07-2021,6.8,sneha.bose1583@company.com
502747,Simran Saxena,39,Finance,Delhi,108246.79,0.4,Inactive,Unknown,02-11-2019,5.5,simran.saxena2747@company.com
501835,Deepak Chauhan,52,Finance,Ahmedabad,53777.01,33.7,Inactive,Unknown,19-07-2020,6.6,deepak.chauhan1835@company.com
500906,Sanjay Chauhan,59,Sales,Chennai,64131.7,1.8,On Leave,Diploma,10-11-2022,2.9,sanjay.chauhan906@company.com
502632,  Shreya Pandey  ,51,Unknown,Hyderabad,103260.42,32.1,On Leave,Unknown,14-06-2019,2.7,shreya.pandey2632@company.com
501005,Amit Agarwal,24,Operations,Kolkata,130516.14,20.7,Active,Unknown,21-02-2022,5.5,amit.agarwal1005@company.com
503631,Anjali Trivedi,28,IT,Delhi,78963.32,17.3,Active,Bachelors,21-08-2025,2.1,anjali.trivedi3631@company.com
503542,Shreya Sinha,37,Support,Chennai,85452.98,1.6,Active,PhD,23-09-2022,4.1,shreya.sinha3542@company.com
503747,Vikram Chauhan,43,HR,Delhi,113883.79,2.7,Inactive,Bachelors,26-01-2021,5.6,vikram.chauhan3747@company.com
500920,Pooja Bansal,23,IT,Ahmedabad,75823.52,17.7,Inactive,PhD,03-03-2019,4.9,Not Provided
500189,Deepak Goel,29,Logistics,Mumbai,85920.43,28.8,On Leave,PhD,06-02-2024,4,deepak.goel189@company.com
502868,Ritu Malik,41,HR,Hyderabad,51675.46,7.2,Active,Diploma,05-02-2015,5.4,ritu.malik2868@company.com
503316,Nisha Nanda,45,Support,Mumbai,36789.82,24.5,On Leave,Bachelors,17-10-2021,7.2,nisha.nanda3316@company.com
503276,Rahul Chauhan,51,Finance,Chennai,84509.32,19.8,On Leave,PhD,08-05-2024,7,rahul.chauhan3276@company.com
500862,Arjun Saxena,34,Sales,Chennai,26014.53,25.7,Unknown,Masters,04-08-2023,9.1,arjun.saxena862@company.com
503857,Deepak Thakur,22,Support,Bengaluru,73210.59,7,Inactive,Diploma,07-08-2025,1.2,deepak.thakur3857@company.com
503290,Meena Nanda,39,IT,Delhi,111924.56,15,Active,Unknown,12-11-2020,5.5,meena.nanda3290@company.com
500829,Meena Trivedi,58,Sales,Lucknow,84509.32,25.9,Unknown,Masters,24-05-2015,4.1,meena.trivedi829@company.com
504804,Rajesh Pandey,50,HR,Chennai,92855.22,17.6,On Leave,Masters,23-02-2015,9.7,rajesh.pandey4804@company.com
504234,Rohan Bansal,50,Logistics,Chennai,117161.46,25,Unknown,Bachelors,08-06-2021,5.8,rohan.bansal4234@company.com
504795,Manish Saxena,51,IT,Chennai,52714.98,27,Active,Masters,06-09-2020,6.2,manish.saxena4795@company.com
503634,Sanjay Thakur,59,HR,Ahmedabad,141371.4,32.2,Active,Diploma,22-05-2021,3.3,sanjay.thakur3634@company.com
502975,Meena Bansal,57,HR,Bengaluru,84509.32,7.2,On Leave,Unknown,18-08-2017,5.5,meena.bansal2975@company.com
500718,Swati Dixit,40,Support,Delhi,84509.32,14.8,On Leave,Masters,24-09-2023,3.8,swati.dixit718@company.com
500245,Suresh Pandey,38,Logistics,Jaipur,58787.51,17.6,Active,Bachelors,02-08-2018,8.6,suresh.pandey245@company.com
500201,Arjun Bhatia,37,Logistics,Ahmedabad,84509.32,20.9,Active,Diploma,15-07-2020,4.9,arjun.bhatia201@company.com
500455,Priya Bhatia,25,IT,Jaipur,138216.05,8.6,Active,Diploma,14-11-2019,10,priya.bhatia455@company.com
504860,Isha Chauhan,42,Support,Hyderabad,90654.88,33.6,Unknown,Masters,05-07-2018,6.2,isha.chauhan4860@company.com
501248,Meena Nanda,29,Marketing,Unknown,51644.44,18.8,Active,Unknown,17-09-2015,4.4,meena.nanda1248@company.com
500116,Gaurav Agarwal,42,Sales,Hyderabad,119674.7,14.6,Active,Diploma,21-02-2017,2.1,gaurav.agarwal116@company.com
500218,Anjali Malik,59,Marketing,Lucknow,29542.01,10.1,On Leave,Masters,07-07-2023,5.9,anjali.malik218@company.com
502154,Anjali Dixit,58,IT,Unknown,59591.89,27.1,Inactive,Diploma,11-09-2016,4.3,anjali.dixit2154@company.com
503956,Sneha Bose,32,Unknown,Jaipur,86924.64,2.3,Unknown,Bachelors,15-03-2016,6,sneha.bose3956@company.com
500205,Sanjay Sinha,49,Unknown,Chennai,142736.39,11.9,Inactive,Unknown,01-12-2018,9.9,sanjay.sinha205@company.com
501076,Rohan Ghosh,42,Sales,Bengaluru,69155.01,1.1,Inactive,Masters,15-11-2023,2.5,rohan.ghosh1076@company.com
504697,Arjun Saxena,52,Sales,Lucknow,98501.08,15.1,On Leave,Unknown,26-07-2020,2.4,arjun.saxena4697@company.com
504395,Vikram Rastogi,25,Sales,Pune,84542.26,3.7,Active,Diploma,27-10-2022,8.4,vikram.rastogi4395@company.com
500707,Priya Bhatia,42,Unknown,Delhi,53313.56,18.1,Active,Unknown,17-06-2021,1.9,priya.bhatia707@company.com
504778,Anjali Trivedi,38,Unknown,Lucknow,84509.32,5.1,Inactive,Masters,18-04-2017,8.7,anjali.trivedi4778@company.com
503513,Sanjay Mishra,34,Logistics,Bengaluru,119629.54,7.2,Active,Diploma,10-01-2016,1.3,sanjay.mishra3513@company.com
503883,Divya Chauhan,49,Marketing,Ahmedabad,148444.94,30.7,Active,Bachelors,03-11-2024,4.2,divya.chauhan3883@company.com
502181,Ashok Saxena,27,Marketing,Bengaluru,39493.38,9.7,Inactive,Bachelors,23-12-2022,4.2,ashok.saxena2181@company.com
503083,  Amit Bhatia  ,22,IT,Delhi,36351.98,27.1,On Leave,Unknown,15-08-2022,2.4,amit.bhatia3083@company.com
502609,Shreya Dixit,28,IT,Mumbai,86171.58,0.7,On Leave,Masters,03-10-2022,1.6,shreya.dixit2609@company.com
501437,Deepak Agarwal,28,Unknown,Unknown,48947.46,15.1,Inactive,PhD,17-01-2024,2.4,deepak.agarwal1437@company.com
501443,Deepak Goel,31,Operations,Chennai,59883.16,25.4,Unknown,PhD,11-07-2020,8.7,deepak.goel1443@company.com
502348,Rajesh Dixit,33,Logistics,Unknown,123520.42,35,Inactive,PhD,21-01-2017,7.4,rajesh.dixit2348@company.com
502631,Karan Thakur,28,IT,Bengaluru,47793.33,33,Inactive,Unknown,26-11-2023,7.4,karan.thakur2631@company.com
501228,Swati Dixit,22,Sales,Unknown,135767.75,23.4,Inactive,Unknown,13-07-2023,7.5,swati.dixit1228@company.com
502263,Preeti Pandey,46,Sales,Kolkata,117956.7,32.8,Active,PhD,04-11-2017,5.5,preeti.pandey2263@company.com
503628,Priya Trivedi,30,Unknown,Chennai,141597.28,3.6,On Leave,Diploma,08-12-2020,1.8,priya.trivedi3628@company.com
502505,  Vijay Yadav  ,40,Sales,Hyderabad,51738.11,20.8,Inactive,Unknown,16-06-2022,8.5,vijay.yadav2505@company.com
503342,Suresh Malik,40,Marketing,Mumbai,147873.78,17.6,Inactive,Masters,15-01-2019,2.3,suresh.malik3342@company.com
502283,Manish Sinha,32,Operations,Mumbai,138232.83,24.8,On Leave,Unknown,03-01-2023,4.9,manish.sinha2283@company.com
504137,Priya Saxena,32,Finance,Unknown,64148.93,17.6,Unknown,Masters,13-11-2015,8.5,priya.saxena4137@company.com
502755,Neha Saxena,56,Sales,Bengaluru,59811.3,16.4,Unknown,Diploma,16-06-2015,1.6,neha.saxena2755@company.com
501012,Amit Goel,46,Marketing,Chennai,84509.32,32,Inactive,Bachelors,10-11-2020,4.5,amit.goel1012@company.com
504449,Rajesh Bhatia,34,HR,Mumbai,123410.68,10.1,Unknown,Unknown,18-10-2020,5.5,rajesh.bhatia4449@company.com
503119,  Rohan Nanda  ,33,HR,Pune,51228.43,14,On Leave,Masters,08-11-2016,9.6,rohan.nanda3119@company.com
500799,Rohan Ghosh,56,Unknown,Pune,34396.83,34.6,On Leave,Bachelors,18-07-2019,9,rohan.ghosh799@company.com
502615,Simran Goel,26,Unknown,Unknown,124266.16,18.5,Inactive,Masters,22-11-2015,5.5,simran.goel2615@company.com
502551,Karan Yadav,52,IT,Pune,85438.56,22.6,Unknown,PhD,11-05-2017,5.6,karan.yadav2551@company.com
503015,Isha Thakur,44,Sales,Hyderabad,98077.13,9.6,Inactive,Unknown,22-01-2020,5.5,isha.thakur3015@company.com
501277,Rahul Bansal,28,Operations,Kolkata,128299.81,25,On Leave,PhD,01-04-2023,5.9,rahul.bansal1277@company.com
501346,Preeti Bose,56,Finance,Hyderabad,116600.24,7.2,On Leave,PhD,11-11-2017,1.3,preeti.bose1346@company.com
501865,  Swati Nanda  ,57,Finance,Delhi,95991.57,10.3,Active,Masters,27-05-2020,4.8,swati.nanda1865@company.com
502364,Arjun Ghosh,28,Marketing,Bengaluru,115918.46,34.8,Active,Unknown,27-12-2019,2.1,arjun.ghosh2364@company.com
500771,Nikhil Pandey,24,Sales,Chennai,54927.95,18.9,Inactive,PhD,21-02-2023,1.7,nikhil.pandey771@company.com
501349,Kavita Sinha,24,Sales,Ahmedabad,84509.32,21,Unknown,Unknown,14-12-2015,5.5,kavita.sinha1349@company.com
501730,Anjali Bhatia,57,Support,Unknown,125762.02,7.7,Active,Unknown,09-10-2020,5,anjali.bhatia1730@company.com
502095,Neha Bhatia,40,Support,Chennai,90075.69,18.4,On Leave,Diploma,04-10-2018,7.3,neha.bhatia2095@company.com
501755,Vijay Goel,52,IT,Mumbai,98861.73,6.7,On Leave,Masters,08-09-2019,4.5,vijay.goel1755@company.com
500901,Shreya Rastogi,24,Sales,Delhi,63404.68,12.6,Inactive,PhD,12-03-2021,6.9,shreya.rastogi901@company.com
504951,Rahul Bhatia,40,Sales,Bengaluru,32539.34,19.4,Unknown,Unknown,20-12-2018,2.1,rahul.bhatia4951@company.com
504725,Karan Agarwal,24,Marketing,Kolkata,96616.35,27.8,Unknown,Diploma,18-06-2019,9.7,karan.agarwal4725@company.com
504502,Manish Thakur,37,Sales,Jaipur,121553.42,34.8,Active,Unknown,20-10-2023,8.3,manish.thakur4502@company.com
504317,Nisha Pandey,59,IT,Unknown,96415.61,3.5,Active,Masters,18-04-2024,2.3,nisha.pandey4317@company.com
504985,Deepak Thakur,40,Marketing,Unknown,71413.09,6.4,Unknown,Bachelors,14-07-2020,2.2,deepak.thakur4985@company.com
500993,Suresh Bansal,44,Logistics,Chennai,52356.88,33.1,Inactive,Unknown,20-11-2023,3.7,suresh.bansal993@company.com
502083,Sanjay Chauhan,39,Unknown,Unknown,32640.38,1.7,Unknown,Unknown,14-07-2023,1.2,sanjay.chauhan2083@company.com
500550,Sneha Mishra,28,Support,Unknown,140114.65,15.5,Active,PhD,02-06-2021,5.2,sneha.mishra550@company.com
502115,Deepak Malik,26,Support,Lucknow,77635.66,32,Inactive,Diploma,18-01-2019,7,deepak.malik2115@company.com
501681,Amit Chauhan,54,Marketing,Bengaluru,96135.02,21.7,Inactive,Unknown,16-05-2023,8.5,amit.chauhan1681@company.com
500044,Pooja Yadav,41,Logistics,Ahmedabad,128356.75,26.9,Inactive,Bachelors,26-05-2018,8.4,pooja.yadav44@company.com
504853,Shreya Mishra,27,Unknown,Lucknow,76912.43,13.3,On Leave,Masters,01-07-2021,8.7,shreya.mishra4853@company.com
502636,Vikram Khanna,29,Operations,Bengaluru,70806.23,13.6,Inactive,Diploma,16-12-2021,7.4,vikram.khanna2636@company.com
500810,Priya Dixit,31,Sales,Chennai,95195.18,30.8,Inactive,Bachelors,16-09-2025,1.5,priya.dixit810@company.com
503388,Sneha Ghosh,40,Unknown,Delhi,56399.78,9.3,Active,Unknown,16-08-2020,8,Not Provided
504695,Sanjay Ghosh,58,IT,Bengaluru,35333.44,33.7,Inactive,PhD,22-04-2018,2.4,sanjay.ghosh4695@company.com
500793,Vikram Goel,47,Finance,Unknown,29591.2,24.3,Active,Masters,19-09-2024,4.6,vikram.goel793@company.com
504070,Manish Khanna,25,Unknown,Pune,120806.24,32.5,On Leave,Bachelors,13-05-2023,9.4,manish.khanna4070@company.com
504274,Divya Dixit,33,Finance,Kolkata,99735.86,32.2,Active,Bachelors,18-06-2018,2.9,divya.dixit4274@company.com
501008,Ashok Bansal,53,HR,Bengaluru,129129.01,17.9,Active,Bachelors,27-05-2025,5.3,ashok.bansal1008@company.com
502893,Sanjay Rastogi,52,Logistics,Delhi,117226.28,31.3,Active,Diploma,12-04-2015,3.5,sanjay.rastogi2893@company.com
501553,Ashok Dixit,56,IT,Jaipur,98764.17,14.3,Inactive,Bachelors,22-08-2017,2.8,ashok.dixit1553@company.com
503495,  Vikram Malik  ,26,Unknown,Ahmedabad,84509.32,10.6,Inactive,Unknown,26-03-2023,2.8,vikram.malik3495@company.com
501226,Nikhil Sinha,34,Sales,Delhi,28512.58,33.4,On Leave,Unknown,11-04-2015,5.5,nikhil.sinha1226@company.com
500581,Preeti Sinha,26,IT,Bengaluru,104519.71,6.2,Inactive,Bachelors,26-04-2024,6.7,preeti.sinha581@company.com
503724,Swati Khanna,28,Support,Kolkata,84509.32,12.8,Active,Bachelors,24-09-2024,3.3,swati.khanna3724@company.com
504810,Neha Rastogi,39,Logistics,Bengaluru,95926.48,0.9,On Leave,Masters,01-03-2024,7.8,neha.rastogi4810@company.com
504347,Simran Malik,31,Marketing,Hyderabad,45775.68,23,On Leave,PhD,04-11-2021,3.5,simran.malik4347@company.com
503652,Sneha Trivedi,29,Marketing,Ahmedabad,36494.49,10.8,Unknown,Bachelors,27-01-2018,7.8,sneha.trivedi3652@company.com
501379,Divya Nanda,35,Unknown,Mumbai,33969.61,8.5,Unknown,Unknown,24-01-2015,5.5,divya.nanda1379@company.com
500518,Gaurav Rastogi,34,Sales,Kolkata,144229.16,19.8,Unknown,Bachelors,06-08-2016,8.9,gaurav.rastogi518@company.com
501685,Karan Agarwal,30,Marketing,Delhi,62515.42,0.4,Inactive,Unknown,27-09-2025,1.8,karan.agarwal1685@company.com
501561,Simran Dixit,53,Unknown,Hyderabad,134468.71,21.2,Inactive,Masters,26-07-2024,4,simran.dixit1561@company.com
501741,Gaurav Malik,36,Operations,Chennai,26987.2,14,Inactive,Bachelors,13-03-2016,6.3,gaurav.malik1741@company.com
500032,Neha Ghosh,31,Sales,Chennai,49832.86,14,Unknown,PhD,21-03-2018,5.5,neha.ghosh32@company.com
502773,Kavita Bose,38,Marketing,Bengaluru,127680.02,3.2,Unknown,Masters,01-06-2018,8,kavita.bose2773@company.com
501826,  Swati Saxena  ,56,Finance,Hyderabad,35759.06,17.6,On Leave,Masters,03-10-2022,8.4,swati.saxena1826@company.com
500559,Pooja Khanna,49,Marketing,Delhi,132944.7,32.3,Inactive,Bachelors,19-08-2023,4.9,pooja.khanna559@company.com
503955,Vijay Malik,21,Sales,Bengaluru,95135.08,5.6,Active,Bachelors,19-12-2025,5.6,vijay.malik3955@company.com
501949,Isha Malik,55,Unknown,Kolkata,99330.22,9,Inactive,Masters,12-06-2021,6.7,isha.malik1949@company.com
501630,Swati Thakur,46,Support,Delhi,33285.76,29.1,Inactive,Unknown,08-05-2021,2.9,swati.thakur1630@company.com
501003,Divya Malik,34,Marketing,Delhi,110403.22,17.6,Unknown,Bachelors,09-07-2025,2.3,divya.malik1003@company.com
501680,Manish Malik,53,Marketing,Mumbai,27110.25,23.2,On Leave,Bachelors,24-11-2021,7.3,manish.malik1680@company.com
502356,Simran Bansal,31,Marketing,Hyderabad,129570.5,28.7,Inactive,Diploma,11-09-2017,7,simran.bansal2356@company.com
502874,Deepak Nanda,24,Unknown,Delhi,109072.51,32.4,Inactive,Bachelors,09-02-2024,2.4,deepak.nanda2874@company.com
501523,Ashok Agarwal,48,Logistics,Hyderabad,95406.57,28.2,Inactive,Masters,25-01-2020,2.1,Not Provided
500264,Isha Malik,28,Support,Chennai,144954.03,2.4,On Leave,Masters,15-01-2016,3.5,isha.malik264@company.com
500184,Ashok Choudhary,40,Sales,Bengaluru,148480,33.6,On Leave,Unknown,22-04-2015,5.5,ashok.choudhary184@company.com
500911,Arjun Yadav,23,Sales,Delhi,76686.91,2.7,On Leave,Masters,16-03-2024,1.7,arjun.yadav911@company.com
501231,Rajesh Goel,46,Operations,Bengaluru,110740.1,2.6,Inactive,Diploma,23-06-2017,8.2,rajesh.goel1231@company.com
500703,Kavita Trivedi,25,Finance,Ahmedabad,121306.72,22.8,Inactive,Bachelors,11-01-2020,8.6,kavita.trivedi703@company.com
501632,Rohan Chauhan,44,Unknown,Ahmedabad,90289.06,17.8,Unknown,Unknown,26-09-2024,9.9,rohan.chauhan1632@company.com
502713,Pooja Pandey,42,Operations,Bengaluru,133843.98,32.3,Active,Masters,19-02-2025,1.5,pooja.pandey2713@company.com
501574,Shreya Nanda,58,IT,Chennai,49319.04,19.6,Unknown,Diploma,06-12-2015,1.1,shreya.nanda1574@company.com
501417,Preeti Mishra,38,Operations,Chennai,53070.78,27,Active,Masters,14-04-2019,5.5,preeti.mishra1417@company.com
503440,Kavita Ghosh,32,Sales,Lucknow,64374.11,17.6,Active,Unknown,21-03-2023,7.2,kavita.ghosh3440@company.com
502463,Meena Nanda,52,Unknown,Lucknow,133941.39,21.4,Active,Unknown,03-06-2024,1.6,meena.nanda2463@company.com
504912,Gaurav Bhatia,27,Unknown,Bengaluru,101986.99,11.6,Active,PhD,07-07-2019,6.3,gaurav.bhatia4912@company.com
503625,Deepak Chauhan,49,Finance,Hyderabad,104936.84,1.5,Unknown,Masters,18-01-2024,1.6,deepak.chauhan3625@company.com
504048,Karan Mishra,40,Operations,Jaipur,110973.1,33,On Leave,Bachelors,17-08-2025,9.5,karan.mishra4048@company.com
504104,  Nisha Bhatia  ,29,Unknown,Mumbai,90326.31,2.9,Inactive,PhD,06-05-2016,9,nisha.bhatia4104@company.com
504700,Anjali Trivedi,49,Marketing,Ahmedabad,131695.33,9.6,On Leave,Masters,19-01-2024,9.6,anjali.trivedi4700@company.com
502641,Preeti Bose,45,IT,Bengaluru,78101.12,29.9,Unknown,Bachelors,21-11-2020,7.5,preeti.bose2641@company.com
504498,Gaurav Dixit,57,IT,Delhi,87916,32.2,Unknown,Unknown,15-12-2015,2.3,gaurav.dixit4498@company.com
501238,Isha Thakur,26,HR,Lucknow,102557.97,33.5,Active,Masters,14-08-2018,3.2,isha.thakur1238@company.com
501834,Kavita Pandey,27,IT,Delhi,144788.56,10.4,Inactive,Bachelors,06-06-2022,6.5,kavita.pandey1834@company.com
502733,Amit Chauhan,26,Support,Bengaluru,31800.19,0.1,Active,Masters,21-10-2018,1.8,amit.chauhan2733@company.com
504794,Swati Khanna,50,Unknown,Lucknow,81989.97,5.7,Inactive,Bachelors,20-03-2020,3.1,swati.khanna4794@company.com
504649,Gaurav Mishra,21,IT,Delhi,52780.9,20.6,Inactive,Masters,19-02-2015,6.9,gaurav.mishra4649@company.com
502312,Rahul Agarwal,55,Unknown,Ahmedabad,109603.87,30,Active,Masters,13-04-2020,8.2,rahul.agarwal2312@company.com
501061,Sneha Saxena,46,Unknown,Unknown,84509.32,26.5,Active,Unknown,04-03-2017,4.1,sneha.saxena1061@company.com
501354,Sanjay Khanna,57,Logistics,Delhi,101698.98,8.8,Unknown,Unknown,25-06-2015,5.5,sanjay.khanna1354@company.com
504620,Rahul Dixit,27,HR,Ahmedabad,99724.26,21.9,Inactive,Masters,11-03-2020,9.1,rahul.dixit4620@company.com
504067,Preeti Bansal,48,Finance,Kolkata,51676.64,27.7,Inactive,Masters,18-07-2020,5,preeti.bansal4067@company.com
502535,Anjali Pandey,25,Logistics,Bengaluru,143570.16,30.5,Inactive,Masters,09-11-2020,4.1,anjali.pandey2535@company.com
504100,Swati Agarwal,25,Unknown,Chennai,69161.94,3.7,On Leave,Bachelors,11-04-2022,1.7,swati.agarwal4100@company.com
503227,Divya Agarwal,46,Marketing,Mumbai,92353.96,27.9,On Leave,Bachelors,17-06-2020,3.3,divya.agarwal3227@company.com
501293,Anjali Saxena,54,Unknown,Chennai,108879.18,19.3,On Leave,Bachelors,16-08-2020,5.1,anjali.saxena1293@company.com
501024,Kavita Chauhan,59,IT,Lucknow,94766.3,24.1,Active,Diploma,06-07-2020,5.2,kavita.chauhan1024@company.com
500014,Preeti Bose,42,Sales,Hyderabad,55111.6,30.4,Inactive,Unknown,05-12-2022,8.4,preeti.bose14@company.com
504461,Manish Pandey,47,Finance,Chennai,44368.29,10.6,On Leave,Unknown,23-03-2016,5.7,manish.pandey4461@company.com
500547,Rajesh Pandey,39,Support,Chennai,81165.16,34.8,Inactive,Masters,02-02-2015,8.3,rajesh.pandey547@company.com
501427,Arjun Choudhary,40,Logistics,Bengaluru,92216.65,17.6,Active,Unknown,02-03-2022,6.3,arjun.choudhary1427@company.com
503523,Anjali Sinha,26,Marketing,Bengaluru,46655.66,19.6,Active,Masters,02-09-2019,5.5,anjali.sinha3523@company.com
501971,Karan Bansal,29,Support,Delhi,127903.92,5,Unknown,Masters,26-08-2016,5.5,karan.bansal1971@company.com
500883,Divya Saxena,26,IT,Unknown,84509.32,5.1,Active,Diploma,10-06-2019,7.4,divya.saxena883@company.com
502759,Nikhil Mishra,27,Marketing,Delhi,128219.01,24,Inactive,Diploma,08-11-2019,8.6,nikhil.mishra2759@company.com
500161,Rohan Trivedi,48,Support,Mumbai,43750.75,18.4,Inactive,Unknown,11-12-2018,2.1,rohan.trivedi161@company.com
500099,Gaurav Goel,45,HR,Mumbai,68667.19,17.6,Inactive,Masters,11-02-2025,8.6,gaurav.goel99@company.com
500112,Amit Choudhary,34,Operations,Chennai,68332.22,9.4,Active,Unknown,22-05-2017,4.5,amit.choudhary112@company.com
503796,Sneha Bhatia,42,Marketing,Chennai,103298.46,10.9,Unknown,Diploma,20-06-2016,9.3,sneha.bhatia3796@company.com
502089,Divya Yadav,21,Logistics,Bengaluru,108827.87,29.1,Unknown,Masters,21-09-2017,7,divya.yadav2089@company.com
500003,Preeti Agarwal,31,Finance,Pune,109089.82,17.6,On Leave,Masters,10-01-2022,8.4,preeti.agarwal3@company.com
503961,Vijay Ghosh,52,Sales,Mumbai,108596.23,6.5,Active,Diploma,01-09-2021,5.5,vijay.ghosh3961@company.com
500690,Amit Saxena,51,HR,Bengaluru,68913.67,31.4,Active,Bachelors,01-01-2022,5.5,amit.saxena690@company.com
503770,Meena Pandey,42,Support,Chennai,73802.72,12,Active,PhD,08-05-2017,2.9,meena.pandey3770@company.com
500146,Vijay Bansal,32,Marketing,Hyderabad,105120.95,15.8,Active,Bachelors,21-01-2022,3,vijay.bansal146@company.com
501775,Simran Khanna,22,Sales,Lucknow,27966.1,10.4,On Leave,Bachelors,09-04-2020,5.5,simran.khanna1775@company.com
501114,Sneha Bhatia,31,Logistics,Unknown,84509.32,0.8,Inactive,Bachelors,22-08-2018,5,sneha.bhatia1114@company.com
501609,Rajesh Goel,26,Unknown,Hyderabad,23005.91,20.1,Inactive,PhD,15-11-2020,1.4,rajesh.goel1609@company.com
501363,Preeti Yadav,46,HR,Hyderabad,59071.62,17.6,Active,PhD,24-09-2025,8.2,preeti.yadav1363@company.com
501559,Nisha Bhatia,22,Sales,Unknown,50365.31,20.3,Unknown,Masters,21-12-2015,9.3,Not Provided
504033,Sanjay Malik,53,IT,Unknown,71273.96,11.1,On Leave,Unknown,26-01-2023,6,sanjay.malik4033@company.com
501841,Ashok Chauhan,30,Support,Kolkata,27317.22,25.7,Inactive,Diploma,22-12-2025,5.4,ashok.chauhan1841@company.com
504022,Priya Bose,23,Unknown,Kolkata,23224.69,28.6,Inactive,PhD,18-12-2015,8.9,priya.bose4022@company.com
500643,Anjali Goel,31,IT,Kolkata,127521.82,33.8,Unknown,PhD,18-06-2015,6.5,anjali.goel643@company.com
500648,Vijay Chauhan,22,Unknown,Pune,58125.25,8.7,Inactive,Bachelors,09-11-2015,7.2,vijay.chauhan648@company.com
503256,Nikhil Rastogi,33,Sales,Delhi,73761.86,9.8,On Leave,Bachelors,04-03-2024,9.1,nikhil.rastogi3256@company.com
502772,Shreya Sinha,47,Support,Unknown,118240.88,5.8,Unknown,Masters,04-08-2016,6.1,shreya.sinha2772@company.com
504116,Rahul Pandey,33,Marketing,Unknown,69575.16,23.7,On Leave,Masters,17-09-2018,4.4,rahul.pandey4116@company.com
502026,Vikram Nanda,30,IT,Lucknow,145845.08,19.6,Active,Masters,27-05-2015,5.5,vikram.nanda2026@company.com
504540,Arjun Ghosh,47,Logistics,Hyderabad,117163.98,34.1,Inactive,Bachelors,19-01-2015,5.2,arjun.ghosh4540@company.com
504827,Anjali Bansal,32,Support,Unknown,102322.39,7.8,On Leave,Diploma,08-03-2019,8.8,anjali.bansal4827@company.com
500396,Simran Sinha,40,IT,Unknown,149761.93,24.4,Active,Unknown,03-03-2025,5.5,simran.sinha396@company.com
504767,Nikhil Choudhary,48,HR,Ahmedabad,96153.99,33.8,Active,Masters,09-03-2025,7.2,nikhil.choudhary4767@company.com
502594,Meena Thakur,36,Logistics,Delhi,138517.11,14.4,Active,Masters,21-08-2024,2.7,meena.thakur2594@company.com
503263,Manish Choudhary,34,Unknown,Lucknow,58669.88,34.8,On Leave,Diploma,09-07-2024,2.2,manish.choudhary3263@company.com
501522,Amit Chauhan,33,HR,Pune,29691.5,16,Inactive,Masters,03-06-2017,8.2,amit.chauhan1522@company.com
502581,Swati Mishra,24,Sales,Delhi,147491.27,8.5,Inactive,Unknown,01-06-2025,8.8,swati.mishra2581@company.com
500848,Isha Choudhary,58,Marketing,Unknown,34095.05,5.7,Active,Unknown,02-06-2023,1.3,isha.choudhary848@company.com
503965,Ashok Bansal,51,IT,Mumbai,51398.09,24.7,On Leave,Diploma,23-01-2017,8.8,ashok.bansal3965@company.com
504666,Rahul Dixit,51,Finance,Lucknow,59769.02,33.5,Active,Diploma,12-02-2023,2.7,rahul.dixit4666@company.com
502909,Rohan Choudhary,53,Sales,Mumbai,59446.7,3.9,Active,Masters,23-12-2019,5.1,rohan.choudhary2909@company.com
502096,Neha Bhatia,43,Marketing,Jaipur,84509.32,5,On Leave,Bachelors,09-03-2021,9.3,neha.bhatia2096@company.com
501113,Divya Sinha,46,Marketing,Bengaluru,26275.18,30.8,Unknown,Bachelors,20-08-2022,5.3,divya.sinha1113@company.com
500127,Gaurav Pandey,59,Operations,Chennai,142871.79,13.4,Inactive,Unknown,03-10-2024,1.5,gaurav.pandey127@company.com
504383,Sanjay Bose,52,Sales,Delhi,84640.25,11.3,Unknown,Masters,05-04-2015,3.5,sanjay.bose4383@company.com
501636,Meena Bansal,35,Logistics,Delhi,89793.85,31.6,Active,PhD,22-09-2022,8.8,meena.bansal1636@company.com
502741,Nikhil Khanna,53,Sales,Hyderabad,135176.76,24.6,On Leave,Masters,25-09-2018,6.2,nikhil.khanna2741@company.com
504411,Shreya Goel,59,Operations,Mumbai,35575.1,30.2,Active,Diploma,13-08-2015,6.3,shreya.goel4411@company.com
502197,Vikram Bhatia,40,Sales,Delhi,135528.83,17.6,Active,Unknown,11-11-2023,9.6,vikram.bhatia2197@company.com
502407,Rohan Thakur,22,Sales,Pune,29375.04,20.6,Active,Bachelors,26-12-2015,3.1,rohan.thakur2407@company.com
504862,Arjun Thakur,34,HR,Unknown,136417.51,24.8,Unknown,Masters,17-10-2022,1.2,arjun.thakur4862@company.com
503757,Vikram Bose,50,Logistics,Lucknow,51191.89,9.1,On Leave,Diploma,19-05-2019,6.9,vikram.bose3757@company.com
500011,Priya Choudhary,35,Sales,Hyderabad,57066.26,16,Active,Bachelors,06-09-2018,2.1,priya.choudhary11@company.com
503146,Suresh Malik,22,Sales,Mumbai,75217.8,19.2,Inactive,Bachelors,27-04-2018,8.3,suresh.malik3146@company.com
503264,  Preeti Mishra  ,21,Marketing,Lucknow,39296.32,24.4,Inactive,Unknown,19-05-2015,7.3,preeti.mishra3264@company.com
500890,Isha Trivedi,50,Sales,Jaipur,34679.58,28.2,Active,Masters,06-03-2022,3.9,isha.trivedi890@company.com
502224,Vikram Sinha,46,Support,Mumbai,42581.71,10.5,Inactive,Masters,05-06-2020,5.2,vikram.sinha2224@company.com
504597,Kavita Yadav,50,Logistics,Unknown,120433.85,17.6,Unknown,Unknown,24-03-2015,7.5,kavita.yadav4597@company.com
501106,Priya Yadav,53,Sales,Bengaluru,92571.45,32.7,Unknown,Unknown,27-03-2022,6.3,priya.yadav1106@company.com
504270,Shreya Mishra,28,Marketing,Mumbai,31217.55,13.1,On Leave,Bachelors,21-11-2018,4.8,shreya.mishra4270@company.com
500678,Isha Yadav,53,Marketing,Pune,105049.54,8.8,Inactive,Bachelors,04-06-2018,1,isha.yadav678@company.com
504854,  Divya Agarwal  ,26,Operations,Bengaluru,84509.32,22.6,Inactive,Bachelors,22-04-2022,4.1,divya.agarwal4854@company.com
504265,Meena Chauhan,51,Logistics,Lucknow,85327.42,4.7,Active,Diploma,20-06-2025,2.2,meena.chauhan4265@company.com
500439,Swati Agarwal,55,Finance,Bengaluru,107873.49,32.4,Active,PhD,15-07-2022,5.5,swati.agarwal439@company.com
501828,Kavita Bhatia,58,Marketing,Chennai,84509.32,16,Inactive,Masters,07-08-2024,2.8,kavita.bhatia1828@company.com
502321,Sanjay Malik,24,IT,Bengaluru,53458.97,14.1,Active,Unknown,17-11-2019,9.6,sanjay.malik2321@company.com
501208,Sanjay Pandey,32,Operations,Chennai,29314.06,29.1,Active,Unknown,12-08-2025,5.6,sanjay.pandey1208@company.com
503875,Vikram Rastogi,22,Logistics,Mumbai,24040,6.3,Active,Diploma,17-03-2018,7.8,vikram.rastogi3875@company.com
503258,Neha Bhatia,22,Sales,Kolkata,22776.43,12.3,On Leave,Unknown,21-01-2023,5.5,neha.bhatia3258@company.com
500241,Preeti Khanna,27,Unknown,Delhi,52177.66,12.4,Inactive,PhD,11-02-2016,5.5,preeti.khanna241@company.com
502041,Manish Trivedi,51,Finance,Bengaluru,105836.65,24.4,Active,Masters,11-02-2021,7,manish.trivedi2041@company.com
502603,Meena Yadav,35,Marketing,Delhi,78062.41,2,Active,Bachelors,09-12-2016,9.8,meena.yadav2603@company.com
501202,Simran Sinha,31,IT,Bengaluru,96483.64,12,Unknown,Bachelors,05-11-2025,7,simran.sinha1202@company.com
500769,Gaurav Rastogi,43,Marketing,Delhi,146779.63,13.1,On Leave,Diploma,04-09-2021,5.7,gaurav.rastogi769@company.com
501830,Isha Trivedi,58,Marketing,Delhi,135221.16,1.3,Active,Masters,26-05-2019,5.4,isha.trivedi1830@company.com
502199,Kavita Chauhan,40,Unknown,Delhi,25740.97,18.9,Inactive,Bachelors,01-10-2017,9.3,kavita.chauhan2199@company.com
502573,Ashok Sinha,52,Operations,Bengaluru,70692.48,21.5,Active,Unknown,22-11-2020,8,ashok.sinha2573@company.com
504119,Arjun Trivedi,37,Sales,Kolkata,61120.1,34,On Leave,Diploma,22-10-2017,6.1,arjun.trivedi4119@company.com
503949,Shreya Chauhan,32,Sales,Unknown,43582.71,11.7,Active,Unknown,15-11-2018,6.8,shreya.chauhan3949@company.com
502672,Meena Ghosh,36,Finance,Bengaluru,84509.32,17.6,Active,Diploma,11-09-2016,5.5,meena.ghosh2672@company.com
501289,Simran Agarwal,37,Support,Delhi,132685.23,4.3,Unknown,Masters,10-12-2017,8.4,simran.agarwal1289@company.com
502458,Nikhil Nanda,21,Support,Chennai,47789.85,21.7,Active,Diploma,01-03-2016,7.2,nikhil.nanda2458@company.com
502336,Shreya Ghosh,28,IT,Mumbai,139204.01,5.3,Inactive,Unknown,26-03-2019,2.2,shreya.ghosh2336@company.com
500912,Suresh Thakur,33,Operations,Ahmedabad,106653.02,18.8,On Leave,Unknown,07-05-2023,1.8,suresh.thakur912@company.com
504562,Manish Bansal,43,Logistics,Bengaluru,33568.16,32.5,Active,PhD,13-12-2020,9.1,manish.bansal4562@company.com
500839,Vikram Agarwal,59,Marketing,Jaipur,52742.07,15.4,Active,Unknown,27-05-2022,7.4,Not Provided
502084,Ritu Rastogi,35,IT,Delhi,111409.81,5.7,Inactive,Masters,10-12-2021,9.8,ritu.rastogi2084@company.com
504745,Amit Bose,24,Unknown,Unknown,116726.88,17.6,Unknown,Unknown,16-05-2022,5.5,amit.bose4745@company.com
504462,Simran Rastogi,49,Unknown,Mumbai,71029.79,6,Unknown,Unknown,19-03-2015,4.4,simran.rastogi4462@company.com
500094,Amit Yadav,54,Sales,Pune,22089.93,3.3,Unknown,Diploma,12-12-2018,5.5,amit.yadav94@company.com
504976,Kavita Malik,44,Logistics,Delhi,104457.99,32.3,Active,PhD,01-10-2022,8.5,kavita.malik4976@company.com
503655,Meena Bansal,39,HR,Unknown,84509.32,24.6,Inactive,PhD,27-11-2015,4.9,meena.bansal3655@company.com
503844,Shreya Trivedi,40,IT,Unknown,85618.34,21.2,On Leave,Bachelors,06-11-2023,8.7,shreya.trivedi3844@company.com
503842,Arjun Saxena,52,Marketing,Hyderabad,23513.7,17.6,Active,Bachelors,20-04-2020,3.5,arjun.saxena3842@company.com
502738,Meena Nanda,40,IT,Mumbai,105239.1,17.6,Inactive,PhD,24-06-2022,6.3,meena.nanda2738@company.com
500048,Nikhil Ghosh,40,Logistics,Jaipur,21745.64,2.5,Unknown,Unknown,21-10-2024,4.3,nikhil.ghosh48@company.com
502114,Priya Yadav,44,Marketing,Pune,55844.4,6.3,Inactive,Unknown,02-07-2017,2.9,priya.yadav2114@company.com
502702,Ashok Yadav,52,Marketing,Ahmedabad,136185.19,0.6,Active,Bachelors,27-06-2018,8.6,ashok.yadav2702@company.com
503286,Kavita Bansal,28,IT,Chennai,136866.12,18.3,Unknown,Bachelors,13-10-2021,4.5,kavita.bansal3286@company.com
501864,Priya Bose,36,Finance,Unknown,66250.48,8.3,Active,Bachelors,08-02-2016,5,priya.bose1864@company.com
501648,Rajesh Choudhary,23,Sales,Chennai,63386.42,4.6,Active,Masters,10-05-2017,10,rajesh.choudhary1648@company.com
500320,  Isha Goel  ,41,Marketing,Chennai,46177.07,3.2,Unknown,Unknown,22-09-2019,9.1,isha.goel320@company.com
501087,Preeti Nanda,42,IT,Mumbai,145778.66,11.5,On Leave,Unknown,22-03-2020,4.2,preeti.nanda1087@company.com
501851,Pooja Pandey,26,Operations,Delhi,37732.75,28.8,Active,Unknown,13-12-2021,7.6,pooja.pandey1851@company.com
502943,Isha Goel,26,Unknown,Jaipur,144372.2,13.3,Active,Diploma,06-01-2017,3.8,isha.goel2943@company.com
500694,Meena Malik,31,Logistics,Pune,84509.32,32.6,Active,Unknown,21-06-2020,2.3,meena.malik694@company.com
500931,Pooja Agarwal,39,Unknown,Chennai,128892.04,11.7,Inactive,Unknown,09-12-2024,1.7,pooja.agarwal931@company.com
502849,Manish Yadav,43,Marketing,Delhi,84509.32,23.8,Active,Bachelors,13-09-2021,2.1,manish.yadav2849@company.com
502245,Nikhil Thakur,27,Operations,Mumbai,32479.73,4,On Leave,Bachelors,04-05-2025,7.8,nikhil.thakur2245@company.com
502171,Priya Nanda,50,Marketing,Hyderabad,112055.76,9.9,Inactive,Masters,21-11-2024,5.5,priya.nanda2171@company.com
500652,Arjun Nanda,48,Finance,Chennai,46036.06,26.8,Active,Masters,15-12-2018,4.3,arjun.nanda652@company.com
500373,Ashok Rastogi,23,Sales,Jaipur,85750.17,14.9,On Leave,Unknown,13-12-2017,3.4,ashok.rastogi373@company.com
503749,Suresh Saxena,45,Marketing,Bengaluru,102910.19,5.2,Active,PhD,01-09-2020,4.4,suresh.saxena3749@company.com
501298,Shreya Khanna,53,Finance,Unknown,77647.59,1.5,On Leave,Unknown,18-10-2016,2.8,shreya.khanna1298@company.com
503799,Rajesh Khanna,52,Sales,Pune,23174.62,34.1,Active,Bachelors,23-06-2022,7.4,rajesh.khanna3799@company.com
503526,Swati Nanda,59,IT,Mumbai,97009.69,15.8,Active,Unknown,17-11-2021,5.4,swati.nanda3526@company.com
504144,Swati Pandey,21,Sales,Hyderabad,116756.77,1.3,Unknown,Bachelors,24-01-2020,7.9,swati.pandey4144@company.com
504516,Vijay Bose,33,Support,Mumbai,42664.11,31.8,Active,PhD,14-03-2018,7.9,vijay.bose4516@company.com
500600,Sneha Thakur,50,Support,Pune,47741.62,26,Active,Diploma,27-12-2024,4.4,sneha.thakur600@company.com
503722,Nikhil Chauhan,30,Support,Unknown,52892.65,6.5,Inactive,PhD,17-10-2024,1.9,nikhil.chauhan3722@company.com
504269,Rahul Goel,50,Logistics,Mumbai,22402.69,30.8,On Leave,PhD,13-04-2024,4.7,rahul.goel4269@company.com
501131,Ritu Dixit,37,Operations,Pune,123848.63,7.4,Active,Diploma,11-11-2023,5,ritu.dixit1131@company.com
503122,Manish Yadav,36,Marketing,Ahmedabad,49450.45,26,Inactive,PhD,12-08-2020,7.4,Not Provided
501409,Pooja Yadav,56,Finance,Pune,127333.45,17.5,Unknown,Bachelors,22-04-2021,3.9,pooja.yadav1409@company.com
500548,Rajesh Bose,33,Finance,Chennai,109504.6,28.2,On Leave,PhD,09-10-2017,1.4,rajesh.bose548@company.com
500397,Amit Pandey,47,Finance,Unknown,109384.14,29.3,Inactive,Unknown,23-05-2018,5.5,amit.pandey397@company.com
503345,Amit Agarwal,57,Support,Delhi,141034.69,17.6,Active,Masters,22-10-2020,3.3,amit.agarwal3345@company.com
504998,Nikhil Malik,23,IT,Delhi,84509.32,25.6,On Leave,PhD,08-01-2021,5.5,nikhil.malik4998@company.com
504911,Rajesh Pandey,28,Finance,Chennai,54368.77,11,Active,Unknown,11-09-2022,3.8,rajesh.pandey4911@company.com
502545,Rajesh Agarwal,58,Support,Delhi,99107.28,24.2,Active,PhD,16-10-2024,5.5,rajesh.agarwal2545@company.com
501082,Preeti Yadav,37,Marketing,Unknown,37570.86,32.9,On Leave,Masters,13-04-2017,6.3,preeti.yadav1082@company.com
502040,Sneha Yadav,27,Sales,Delhi,109920.05,13.2,Active,Bachelors,11-09-2016,2.6,sneha.yadav2040@company.com
500482,Priya Khanna,28,Support,Bengaluru,25163.93,27.9,Active,Bachelors,11-05-2017,2.4,priya.khanna482@company.com
501378,Suresh Agarwal,21,Logistics,Chennai,116219.67,20.6,Active,Masters,21-08-2022,6.2,suresh.agarwal1378@company.com
502572,Amit Goel,36,IT,Lucknow,128383.27,1.7,Unknown,Masters,24-08-2018,4.3,amit.goel2572@company.com
502783,Suresh Chauhan,46,IT,Unknown,110763.57,17.6,Inactive,Unknown,02-11-2023,6.2,suresh.chauhan2783@company.com
501913,Nisha Malik,29,Sales,Bengaluru,109277.12,29.9,Inactive,Bachelors,25-03-2021,5.5,nisha.malik1913@company.com
500608,Shreya Nanda,51,Unknown,Delhi,89189.49,1.4,On Leave,Unknown,18-03-2015,4.5,shreya.nanda608@company.com
503562,Anjali Thakur,59,Unknown,Ahmedabad,36868.83,17.6,Unknown,Bachelors,11-07-2025,9.3,anjali.thakur3562@company.com
502683,Nisha Nanda,29,Unknown,Ahmedabad,86318.18,31.3,Inactive,Unknown,27-07-2025,1.5,nisha.nanda2683@company.com
500012,Gaurav Chauhan,58,Operations,Chennai,100697.41,33.1,Active,Bachelors,21-08-2018,4.8,gaurav.chauhan12@company.com
504729,  Divya Bose  ,24,HR,Unknown,84509.32,3.2,Inactive,Masters,03-04-2018,7,divya.bose4729@company.com
502767,Divya Dixit,57,Operations,Mumbai,32306.02,25.8,Active,Unknown,24-11-2020,1.9,divya.dixit2767@company.com
500873,Rajesh Ghosh,38,Logistics,Delhi,84509.32,19.5,Active,Bachelors,26-05-2025,7.9,rajesh.ghosh873@company.com
503651,Rahul Bose,33,Marketing,Jaipur,38113.02,10.4,Active,Diploma,19-08-2017,7.7,rahul.bose3651@company.com
501705,Priya Malik,25,Operations,Unknown,145932.63,22.6,Inactive,Unknown,08-02-2025,4.4,priya.malik1705@company.com
503599,Isha Bansal,30,Sales,Chennai,136088.64,10.7,On Leave,Unknown,07-08-2019,9.4,isha.bansal3599@company.com
504346,Sanjay Trivedi,54,Sales,Pune,138225.23,32.2,Active,Bachelors,13-06-2022,2.4,sanjay.trivedi4346@company.com
500627,Ashok Mishra,40,Sales,Chennai,84509.32,1.3,On Leave,Unknown,25-08-2023,9.4,ashok.mishra627@company.com
504358,Ashok Thakur,40,Finance,Kolkata,84509.32,22.8,Active,Masters,04-07-2023,3,ashok.thakur4358@company.com
501646,Isha Ghosh,44,IT,Pune,65497.86,14.4,Active,Masters,04-02-2016,4.6,isha.ghosh1646@company.com
504722,Deepak Bose,26,Finance,Delhi,108131.66,19.2,Active,Diploma,25-08-2016,5.5,deepak.bose4722@company.com
504044,Priya Bhatia,29,Unknown,Jaipur,137016.98,22.4,Active,Unknown,17-12-2021,3.5,priya.bhatia4044@company.com
504712,Preeti Thakur,22,Marketing,Kolkata,91256.02,27,Active,Bachelors,14-06-2018,1.9,preeti.thakur4712@company.com
504944,Suresh Pandey,54,Unknown,Mumbai,39677.35,2,Inactive,PhD,02-01-2021,5.5,suresh.pandey4944@company.com
503270,Amit Bhatia,59,Marketing,Lucknow,57197.97,6.4,On Leave,Bachelors,19-10-2016,1.9,amit.bhatia3270@company.com
503892,  Neha Choudhary  ,30,Support,Kolkata,124721.8,13.3,Inactive,Unknown,05-08-2025,5.5,neha.choudhary3892@company.com
500650,Priya Sinha,39,Support,Bengaluru,47557.66,16.4,Active,Unknown,24-02-2020,1.5,priya.sinha650@company.com
501603,Simran Ghosh,25,Support,Unknown,84509.32,34.3,On Leave,Unknown,12-05-2020,2.2,simran.ghosh1603@company.com
502246,Divya Sinha,55,Sales,Ahmedabad,138385.62,34.5,On Leave,Diploma,13-04-2020,2.2,divya.sinha2246@company.com
500149,Priya Bose,38,Finance,Delhi,28822.6,9.6,Active,Bachelors,11-11-2021,1.8,priya.bose149@company.com
504180,Ritu Agarwal,34,Support,Chennai,78534.79,27.4,Inactive,Diploma,17-05-2021,4.2,ritu.agarwal4180@company.com
502195,Suresh Malik,29,Marketing,Chennai,137428.51,21.2,Active,Diploma,19-11-2016,9.2,suresh.malik2195@company.com
502409,Pooja Nanda,53,HR,Delhi,28855.62,27.6,Active,PhD,25-11-2024,9.8,pooja.nanda2409@company.com
504720,Gaurav Trivedi,46,IT,Jaipur,103475.59,6.2,Inactive,Masters,09-02-2019,5.5,gaurav.trivedi4720@company.com
502862,Sanjay Agarwal,52,Logistics,Bengaluru,39209.04,13.3,Inactive,Bachelors,25-02-2022,9.5,sanjay.agarwal2862@company.com
501016,Amit Dixit,57,Unknown,Chennai,126453.15,31.3,Unknown,Masters,18-01-2025,4.2,amit.dixit1016@company.com
501430,Ritu Yadav,29,IT,Bengaluru,72447.07,25.4,Inactive,PhD,01-03-2015,4.6,ritu.yadav1430@company.com
500651,  Manish Goel  ,26,Support,Pune,45403.46,30.9,Active,Bachelors,26-10-2023,8.6,manish.goel651@company.com
500586,Preeti Ghosh,51,Operations,Kolkata,38426.29,23.2,Active,Diploma,12-10-2017,5.9,preeti.ghosh586@company.com
504869,Nikhil Chauhan,28,IT,Pune,129681.87,6.9,On Leave,Unknown,10-08-2025,3.9,nikhil.chauhan4869@company.com
503288,Sanjay Nanda,34,Finance,Jaipur,103970.91,19,On Leave,Masters,21-02-2023,5.2,Not Provided
502679,Rajesh Malik,36,IT,Delhi,98105.22,3.8,Inactive,Unknown,14-05-2025,3.6,rajesh.malik2679@company.com
501926,Gaurav Sinha,29,Unknown,Delhi,69959.2,16.2,Active,Masters,14-05-2023,5.8,gaurav.sinha1926@company.com
503164,Pooja Sinha,56,Sales,Delhi,49661.78,9.7,Unknown,Unknown,01-03-2022,9.9,pooja.sinha3164@company.com
504669,Neha Mishra,56,HR,Mumbai,22459.59,3.6,Active,Bachelors,17-06-2015,2,neha.mishra4669@company.com
503087,  Neha Bose  ,57,IT,Unknown,105334.94,12.6,Inactive,Unknown,05-01-2015,4.1,neha.bose3087@company.com
502280,Nikhil Dixit,49,Logistics,Pune,114543.78,32.6,Active,Masters,20-12-2025,2.6,nikhil.dixit2280@company.com
500378,Karan Ghosh,21,Logistics,Mumbai,52258.6,34.4,On Leave,Unknown,09-06-2020,7.1,karan.ghosh378@company.com
503499,Deepak Malik,40,Support,Jaipur,90774.25,1.9,Active,Masters,15-05-2023,3.5,deepak.malik3499@company.com
500569,Rahul Mishra,35,Support,Lucknow,84509.32,23.7,Inactive,Masters,15-12-2023,4.8,rahul.mishra569@company.com
500067,Isha Malik,47,Support,Kolkata,106675.6,11.6,Active,Unknown,11-07-2024,5.2,isha.malik67@company.com
504762,Karan Bhatia,52,Marketing,Delhi,84509.32,22.9,Inactive,Unknown,01-06-2018,4.2,karan.bhatia4762@company.com
500026,Suresh Bansal,58,IT,Ahmedabad,95520.17,31.9,Unknown,Diploma,27-02-2017,3,suresh.bansal26@company.com
502710,Sneha Chauhan,36,Operations,Lucknow,102789.9,21,Inactive,Unknown,10-08-2017,3.1,sneha.chauhan2710@company.com
500545,Isha Thakur,39,Operations,Mumbai,122631.18,18.6,Active,Masters,13-06-2024,5.3,isha.thakur545@company.com
501373,Simran Malik,34,Unknown,Ahmedabad,84948.4,0.7,Inactive,PhD,14-05-2021,5.5,simran.malik1373@company.com
501239,Rahul Choudhary,49,Unknown,Hyderabad,84509.32,12.2,Active,Diploma,19-06-2018,5.1,rahul.choudhary1239@company.com
502204,Deepak Bose,55,IT,Mumbai,99385.79,19.6,On Leave,Unknown,06-10-2015,1.7,deepak.bose2204@company.com
501821,Vikram Dixit,35,HR,Ahmedabad,68699.28,1.4,Inactive,PhD,07-12-2024,7,vikram.dixit1821@company.com
501994,Vijay Bansal,36,HR,Chennai,45522.66,7.5,On Leave,Bachelors,03-01-2024,2.5,vijay.bansal1994@company.com
504941,Anjali Bansal,50,Marketing,Ahmedabad,66803.64,4,Active,Masters,10-03-2016,2.6,anjali.bansal4941@company.com
502956,Ashok Goel,30,Unknown,Delhi,103795.55,8.1,Active,Bachelors,06-01-2017,7.2,ashok.goel2956@company.com
504689,Rohan Bhatia,27,Support,Ahmedabad,91072.15,34.7,Active,Masters,14-12-2024,8.6,rohan.bhatia4689@company.com
501117,Deepak Nanda,30,Operations,Unknown,70070.61,32,On Leave,Diploma,16-08-2021,9.4,deepak.nanda1117@company.com
504609,Rajesh Goel,40,Marketing,Delhi,137363.73,22.6,Active,Diploma,05-11-2022,5.5,rajesh.goel4609@company.com
500028,Sanjay Bhatia,30,Marketing,Delhi,59280.41,21,Active,Bachelors,23-09-2022,7.7,sanjay.bhatia28@company.com
500387,Divya Malik,38,Marketing,Hyderabad,72852.22,29.5,Active,Unknown,26-09-2021,2.7,divya.malik387@company.com
501355,Vikram Khanna,58,Unknown,Bengaluru,127492.43,26.3,Active,Bachelors,03-03-2025,8.7,vikram.khanna1355@company.com
502290,Sneha Malik,37,Sales,Delhi,63798.43,4.8,Unknown,Masters,16-10-2016,3.2,sneha.malik2290@company.com
504626,Rohan Pandey,24,Support,Mumbai,112148.8,3.1,Inactive,Diploma,16-04-2016,3.7,rohan.pandey4626@company.com
504798,  Vikram Bose  ,48,Unknown,Pune,84509.32,9.3,Inactive,Diploma,15-10-2017,4,vikram.bose4798@company.com
503806,Arjun Rastogi,27,Operations,Chennai,84509.32,25.5,Active,Unknown,05-07-2024,6.2,arjun.rastogi3806@company.com
502131,  Swati Trivedi  ,57,Unknown,Mumbai,52981.93,31.5,Inactive,PhD,13-10-2023,6.2,swati.trivedi2131@company.com
500985,Nikhil Bansal,30,Logistics,Bengaluru,21473.97,12.9,Inactive,Bachelors,23-07-2017,7.5,nikhil.bansal985@company.com
500546,Swati Goel,45,Finance,Mumbai,95033.22,9.6,Active,Bachelors,15-10-2024,5.5,swati.goel546@company.com
503822,  Neha Dixit  ,47,IT,Unknown,131213.03,10.1,Unknown,Masters,21-04-2021,3.8,neha.dixit3822@company.com
501119,Meena Bansal,52,Sales,Bengaluru,143997.16,16,Active,Diploma,21-08-2017,8.3,meena.bansal1119@company.com
500212,Suresh Bhatia,38,Unknown,Unknown,44410.44,34.7,On Leave,Masters,10-09-2023,7.4,suresh.bhatia212@company.com
503695,Deepak Dixit,37,Operations,Jaipur,149008.26,17.5,Unknown,PhD,22-07-2022,5.2,deepak.dixit3695@company.com
504524,Vikram Malik,56,HR,Bengaluru,74463.74,19.6,Inactive,Masters,19-01-2022,4.4,vikram.malik4524@company.com
504809,Preeti Rastogi,48,IT,Ahmedabad,23151.35,17.6,Inactive,Masters,10-01-2024,4.6,preeti.rastogi4809@company.com
504111,Shreya Chauhan,42,IT,Pune,59232.4,13.5,Inactive,Bachelors,11-04-2018,6.2,shreya.chauhan4111@company.com
500864,Ashok Rastogi,22,Marketing,Bengaluru,34026.79,5.9,Active,Diploma,07-08-2015,5.3,ashok.rastogi864@company.com
502049,Sneha Chauhan,23,Unknown,Delhi,114598.8,21,Unknown,Diploma,20-02-2018,7.1,sneha.chauhan2049@company.com
501611,Kavita Thakur,39,IT,Pune,145477.68,23,On Leave,PhD,13-06-2018,9.2,kavita.thakur1611@company.com
502219,Neha Choudhary,58,Unknown,Chennai,111542.02,5.9,Active,Masters,09-02-2025,2.7,neha.choudhary2219@company.com
501325,Isha Rastogi,39,Sales,Kolkata,37511.9,15.8,On Leave,Unknown,08-07-2025,2.4,isha.rastogi1325@company.com
504928,Swati Thakur,48,Support,Lucknow,84509.32,14.6,Inactive,Masters,25-04-2022,8.3,swati.thakur4928@company.com
500424,Karan Dixit,44,Sales,Delhi,32952.1,22.8,On Leave,Bachelors,25-02-2019,1.1,karan.dixit424@company.com
503539,Nisha Dixit,24,Support,Delhi,112813.54,5.6,Active,Unknown,13-06-2019,7.7,nisha.dixit3539@company.com
500465,Sanjay Agarwal,51,Logistics,Pune,120238.23,6.7,Active,Masters,04-03-2023,6.9,sanjay.agarwal465@company.com
500167,Deepak Thakur,52,IT,Unknown,84509.32,28.5,Inactive,Bachelors,13-05-2015,5.3,deepak.thakur167@company.com
503007,Swati Yadav,47,IT,Delhi,84509.32,5,Unknown,Masters,08-07-2017,8.2,swati.yadav3007@company.com
500420,Karan Nanda,29,Unknown,Bengaluru,126027.78,13.2,Active,Diploma,21-07-2016,4.3,karan.nanda420@company.com
500729,Amit Malik,59,Finance,Kolkata,38400.41,4.3,Active,Unknown,18-11-2017,7.9,amit.malik729@company.com
502873,Simran Malik,35,Marketing,Hyderabad,59601.37,17.6,Unknown,Masters,19-12-2025,6.5,simran.malik2873@company.com
501512,Ritu Khanna,56,Finance,Jaipur,55511.49,31.5,Inactive,Unknown,11-01-2024,1.2,ritu.khanna1512@company.com
502025,Ritu Chauhan,29,Sales,Hyderabad,114486.83,12.6,Inactive,PhD,27-04-2022,5.4,ritu.chauhan2025@company.com
504366,  Pooja Thakur  ,30,Sales,Chennai,58729.65,17.1,Active,Masters,09-04-2020,4.9,pooja.thakur4366@company.com
504563,Neha Bansal,38,Operations,Jaipur,103575.42,29.6,Active,PhD,13-06-2021,5.5,neha.bansal4563@company.com
504907,Amit Bhatia,28,Operations,Mumbai,26332.85,23.5,Inactive,Masters,08-01-2017,1.7,amit.bhatia4907@company.com
501845,Sanjay Sinha,40,Unknown,Jaipur,54534.79,23.8,Inactive,Bachelors,26-12-2016,2.7,sanjay.sinha1845@company.com
503408,Priya Mishra,41,IT,Pune,57781.01,3.3,On Leave,Bachelors,03-11-2020,4.8,priya.mishra3408@company.com
500076,Ashok Malik,22,Unknown,Ahmedabad,146696.72,23.9,Inactive,Masters,13-02-2025,5.9,ashok.malik76@company.com
504734,Isha Bhatia,42,Unknown,Chennai,87657.42,11.1,Unknown,PhD,25-04-2018,1.4,isha.bhatia4734@company.com
501989,Ritu Ghosh,57,IT,Lucknow,118101.27,23.7,On Leave,Masters,14-10-2015,8.7,ritu.ghosh1989@company.com
500521,Arjun Yadav,55,Sales,Unknown,31057.89,5.9,Inactive,Diploma,09-06-2016,5.6,arjun.yadav521@company.com
502896,Rajesh Bose,43,Finance,Delhi,34666.08,14,Active,Unknown,18-11-2025,7,rajesh.bose2896@company.com
501773,Vijay Mishra,21,Logistics,Lucknow,95564.07,1.9,Active,Unknown,10-04-2019,6.9,vijay.mishra1773@company.com
503147,Ashok Mishra,45,Sales,Mumbai,71727.47,25.9,Inactive,Bachelors,08-11-2022,7.6,ashok.mishra3147@company.com
501013,Vijay Trivedi,45,IT,Mumbai,124763.1,33.1,Active,Bachelors,07-12-2016,7.9,vijay.trivedi1013@company.com
500235,Anjali Thakur,26,Unknown,Delhi,41258.05,10.5,Inactive,Masters,03-10-2015,2.3,anjali.thakur235@company.com
504807,Sneha Thakur,54,Finance,Jaipur,117586.3,9,Active,Masters,21-05-2021,7.8,sneha.thakur4807@company.com
501878,Shreya Agarwal,40,Unknown,Ahmedabad,84650.64,22.9,Active,PhD,05-05-2016,4,shreya.agarwal1878@company.com
504403,  Rajesh Rastogi  ,37,IT,Mumbai,66881.73,4.3,Unknown,Masters,18-02-2016,6.6,rajesh.rastogi4403@company.com
501823,Nisha Chauhan,33,Sales,Ahmedabad,55432.51,15.5,On Leave,Diploma,09-05-2017,4.7,nisha.chauhan1823@company.com
502917,Preeti Trivedi,34,Finance,Unknown,93339.81,32.6,Inactive,PhD,01-11-2015,1.8,preeti.trivedi2917@company.com
500961,Neha Yadav,59,Unknown,Delhi,87899.57,8.3,Active,Diploma,26-12-2015,6.3,neha.yadav961@company.com
501619,Preeti Nanda,40,IT,Unknown,100860.82,9.7,Inactive,Unknown,18-04-2017,5.8,preeti.nanda1619@company.com
503021,Kavita Nanda,50,Marketing,Unknown,107211.64,8.1,Unknown,Diploma,05-12-2018,8.8,kavita.nanda3021@company.com
503069,Vikram Goel,31,IT,Delhi,92240.33,17.6,On Leave,Masters,06-11-2021,5,vikram.goel3069@company.com
501687,Arjun Sinha,38,Operations,Unknown,133864.04,32.3,Unknown,Diploma,05-04-2021,8.4,arjun.sinha1687@company.com
501871,Gaurav Goel,53,Marketing,Mumbai,108618.26,16.3,Inactive,PhD,18-05-2015,9.8,gaurav.goel1871@company.com
500285,Sanjay Nanda,47,Logistics,Unknown,127627.26,25.3,Active,Unknown,13-09-2025,1.1,sanjay.nanda285@company.com
504059,Sanjay Saxena,47,IT,Hyderabad,98020.78,15,On Leave,Unknown,11-06-2016,9,sanjay.saxena4059@company.com
502021,Isha Pandey,42,Marketing,Chennai,64868.84,8.3,Active,PhD,06-01-2021,7.8,isha.pandey2021@company.com
501055,  Isha Bhatia  ,34,HR,Unknown,34622.87,25.2,Unknown,Unknown,03-03-2023,5.5,isha.bhatia1055@company.com
502931,Rajesh Yadav,46,Unknown,Bengaluru,127126.41,34.7,Active,Masters,01-07-2017,8.6,rajesh.yadav2931@company.com
501447,Amit Malik,54,IT,Delhi,41549.76,26.9,On Leave,Bachelors,25-02-2015,5.5,amit.malik1447@company.com
503528,Amit Trivedi,37,Sales,Delhi,42071.98,26.2,Inactive,PhD,13-11-2016,9.4,amit.trivedi3528@company.com
502412,Meena Mishra,56,Unknown,Ahmedabad,97624.53,27.9,Inactive,Unknown,18-01-2019,1.7,meena.mishra2412@company.com
500377,Rohan Khanna,52,Unknown,Bengaluru,126958.2,32.5,Active,Diploma,18-08-2018,6.3,rohan.khanna377@company.com
504091,Suresh Rastogi,40,HR,Jaipur,92823.92,28.7,Inactive,Unknown,13-12-2021,1,suresh.rastogi4091@company.com
503289,Shreya Trivedi,32,Support,Jaipur,61839.89,28.4,Inactive,PhD,14-06-2015,2.5,shreya.trivedi3289@company.com
502043,Rajesh Pandey,31,IT,Ahmedabad,36328.6,12.1,Active,Unknown,14-02-2019,1.2,rajesh.pandey2043@company.com
502860,Sanjay Goel,45,Unknown,Hyderabad,100032.83,17.6,Active,Masters,22-09-2023,6.8,sanjay.goel2860@company.com
503056,Karan Agarwal,43,Unknown,Kolkata,69267.08,26.2,Inactive,Diploma,05-11-2021,8.8,karan.agarwal3056@company.com
504799,Arjun Ghosh,39,Unknown,Lucknow,25360.8,29.8,Inactive,Bachelors,16-09-2016,7.6,arjun.ghosh4799@company.com
502149,Isha Thakur,43,Support,Unknown,30702.3,21.4,Inactive,Masters,26-06-2016,5.4,isha.thakur2149@company.com
503780,Deepak Sinha,31,Operations,Unknown,146326.12,15.6,On Leave,Bachelors,09-12-2017,5.7,deepak.sinha3780@company.com
502569,Priya Goel,59,HR,Delhi,148318.78,29,Inactive,PhD,22-04-2025,8.5,priya.goel2569@company.com
502829,Nikhil Goel,58,Unknown,Unknown,59117.66,24.3,On Leave,Masters,19-04-2015,3.2,nikhil.goel2829@company.com
500932,  Swati Nanda  ,47,HR,Ahmedabad,71663.36,1.4,Active,Unknown,11-05-2024,7.4,swati.nanda932@company.com
502644,Priya Saxena,21,Logistics,Delhi,82504.71,34.4,Active,Masters,05-02-2018,3,priya.saxena2644@company.com
504870,Sanjay Trivedi,40,Logistics,Bengaluru,136608.39,8.3,Inactive,PhD,11-10-2018,9.5,sanjay.trivedi4870@company.com
504268,Ritu Saxena,35,IT,Unknown,59462.14,12.1,Active,Unknown,15-05-2018,5.6,ritu.saxena4268@company.com
500481,Meena Mishra,48,Unknown,Delhi,112765.93,1.5,Active,Diploma,19-11-2025,3.9,meena.mishra481@company.com
502330,Swati Ghosh,40,Sales,Lucknow,66590.15,32.8,Inactive,PhD,23-07-2022,8.9,Not Provided
501866,Meena Nanda,51,Sales,Mumbai,143801.71,25.1,Active,PhD,20-05-2015,9.3,meena.nanda1866@company.com
500385,Anjali Nanda,25,IT,Chennai,96446.55,22.7,Active,Bachelors,03-04-2015,5.5,anjali.nanda385@company.com
502097,Rahul Saxena,52,IT,Hyderabad,107491.41,0.1,Inactive,Bachelors,03-12-2020,5.2,rahul.saxena2097@company.com
504436,  Isha Bhatia  ,36,Sales,Delhi,137051.47,17.6,Unknown,Unknown,01-05-2016,8.3,isha.bhatia4436@company.com
502646,Swati Trivedi,57,Finance,Pune,114999.55,15.9,On Leave,Unknown,08-06-2019,1.7,swati.trivedi2646@company.com
504988,Meena Agarwal,34,IT,Mumbai,84509.32,8.8,Active,Bachelors,06-07-2023,7.8,meena.agarwal4988@company.com
501090,Ashok Ghosh,26,Unknown,Delhi,64910.55,8.4,Active,Unknown,16-02-2023,9.8,ashok.ghosh1090@company.com
503687,Kavita Dixit,34,IT,Bengaluru,49442.36,22.9,Unknown,Bachelors,15-08-2023,5.5,kavita.dixit3687@company.com
503884,Swati Trivedi,48,Finance,Bengaluru,97022.97,0.5,Inactive,Bachelors,20-08-2021,8.7,swati.trivedi3884@company.com
504617,  Anjali Trivedi  ,26,Unknown,Ahmedabad,88499.62,6.2,Inactive,Bachelors,07-02-2021,5.9,anjali.trivedi4617@company.com
501963,Swati Mishra,39,Sales,Chennai,84781.06,28.3,On Leave,Bachelors,08-08-2019,6.3,swati.mishra1963@company.com
503830,Rahul Goel,29,HR,Mumbai,47638.55,28.6,Inactive,PhD,13-06-2019,9,rahul.goel3830@company.com
501656,Meena Choudhary,44,Unknown,Kolkata,27783.69,15.7,Inactive,Diploma,18-12-2020,5.5,meena.choudhary1656@company.com
504485,Manish Thakur,57,Logistics,Ahmedabad,123634.16,8.5,Active,Masters,25-04-2019,6.8,manish.thakur4485@company.com
501253,Deepak Pandey,57,IT,Chennai,140502.93,8.8,Active,Bachelors,13-02-2022,5.5,deepak.pandey1253@company.com
504131,Pooja Yadav,57,Support,Bengaluru,37457.97,26.8,On Leave,Masters,07-04-2025,9.6,pooja.yadav4131@company.com
502334,Rahul Sinha,34,Operations,Bengaluru,143236.22,18.9,Inactive,Masters,07-01-2017,4.5,rahul.sinha2334@company.com
504718,Meena Nanda,44,Operations,Ahmedabad,83570.22,9.8,Active,Unknown,23-11-2023,5.3,meena.nanda4718@company.com
504410,Arjun Bhatia,40,Marketing,Jaipur,115303.4,34.3,On Leave,Diploma,19-11-2018,7.6,arjun.bhatia4410@company.com
503609,Amit Choudhary,40,Unknown,Mumbai,84509.32,22.2,Inactive,Masters,25-05-2022,6.5,amit.choudhary3609@company.com
503787,Rohan Agarwal,47,Sales,Chennai,140507.55,7.5,On Leave,PhD,10-10-2024,2.5,rohan.agarwal3787@company.com
501137,Ritu Nanda,36,IT,Delhi,120652.44,25.4,Inactive,Unknown,12-05-2023,6.1,ritu.nanda1137@company.com
502366,Shreya Malik,39,IT,Unknown,133818.43,7.1,Active,Bachelors,02-05-2022,6.8,shreya.malik2366@company.com
504916,Ritu Bose,41,Logistics,Mumbai,31712.92,17.6,On Leave,Bachelors,07-04-2023,9.2,ritu.bose4916@company.com
503476,Rohan Trivedi,45,Logistics,Mumbai,49629.74,32.5,Inactive,Unknown,15-11-2018,5.8,rohan.trivedi3476@company.com
501556,Priya Goel,52,Marketing,Bengaluru,142307.24,24.5,On Leave,Bachelors,08-09-2018,9.7,priya.goel1556@company.com
504811,Rajesh Bhatia,21,IT,Mumbai,60686.5,15.3,Active,Bachelors,05-08-2018,6.7,rajesh.bhatia4811@company.com
503158,Rahul Nanda,32,Support,Unknown,82933.81,18.1,Inactive,PhD,01-02-2023,1.2,rahul.nanda3158@company.com
501886,Swati Bansal,49,Support,Delhi,102612.42,12.5,Active,PhD,13-08-2021,3.4,swati.bansal1886@company.com
502109,Rajesh Rastogi,44,Sales,Unknown,98264.84,15.2,Inactive,Unknown,06-07-2018,2,rajesh.rastogi2109@company.com
500452,Rohan Choudhary,47,Marketing,Delhi,41337.11,18.2,Active,Unknown,26-10-2016,4.3,rohan.choudhary452@company.com
501676,Ashok Agarwal,30,Unknown,Unknown,124519.67,20.1,Active,Masters,01-09-2025,9.1,ashok.agarwal1676@company.com
501535,Vijay Trivedi,31,Unknown,Pune,90383.9,10.9,Inactive,Masters,10-05-2022,5.1,vijay.trivedi1535@company.com
502678,Divya Trivedi,34,IT,Mumbai,103717.25,33.4,On Leave,Unknown,05-04-2025,8.4,divya.trivedi2678@company.com
500162,Ritu Thakur,49,HR,Hyderabad,84509.32,11.7,Unknown,Diploma,23-08-2019,6.8,ritu.thakur162@company.com
501168,Priya Thakur,27,Marketing,Mumbai,52741.76,1.1,Active,Masters,06-07-2021,3.3,priya.thakur1168@company.com
501395,Ritu Thakur,51,Unknown,Bengaluru,32537.24,24.3,Active,Unknown,24-02-2024,4.4,ritu.thakur1395@company.com
502405,Suresh Chauhan,37,Sales,Unknown,96757.99,31.5,Unknown,Bachelors,17-08-2018,5.3,suresh.chauhan2405@company.com
501399,Amit Bose,34,IT,Lucknow,84509.32,17.6,Active,Unknown,11-10-2020,8.2,amit.bose1399@company.com
500096,Ashok Pandey,36,IT,Chennai,133837.37,5.1,Active,Bachelors,16-10-2025,2.9,ashok.pandey96@company.com
504340,Ritu Ghosh,49,Logistics,Pune,75953.56,13.9,Active,Bachelors,24-02-2025,3.6,ritu.ghosh4340@company.com
500526,Simran Thakur,58,IT,Mumbai,84509.32,25.5,Inactive,PhD,12-11-2017,2.8,simran.thakur526@company.com
501450,Manish Pandey,55,IT,Kolkata,114963.55,18,Inactive,Bachelors,22-06-2015,5.5,manish.pandey1450@company.com
502792,Rohan Sinha,21,IT,Ahmedabad,95465.05,10.2,Inactive,Diploma,04-11-2018,8.5,rohan.sinha2792@company.com
501109,Gaurav Bose,45,IT,Kolkata,53127.8,32.7,Active,Diploma,01-05-2020,1.1,gaurav.bose1109@company.com
500136,Anjali Nanda,58,Operations,Delhi,84509.32,27.2,Active,Diploma,07-08-2018,2.9,anjali.nanda136@company.com
502060,Anjali Trivedi,43,Marketing,Ahmedabad,54596.91,27.6,Unknown,Masters,26-01-2017,6.8,anjali.trivedi2060@company.com
504011,Rohan Chauhan,31,Finance,Jaipur,31611.31,24.2,Inactive,Unknown,21-09-2020,8.3,rohan.chauhan4011@company.com
501908,Deepak Dixit,32,HR,Bengaluru,68954.82,11,Inactive,Bachelors,07-03-2016,5.1,deepak.dixit1908@company.com
501187,Suresh Choudhary,35,Sales,Unknown,78447.78,22.4,Unknown,Bachelors,27-02-2017,8.7,suresh.choudhary1187@company.com
504619,Rohan Yadav,38,HR,Bengaluru,126379.76,1.7,Inactive,Bachelors,06-04-2021,9,rohan.yadav4619@company.com
503358,Priya Bansal,58,Marketing,Delhi,109831.98,17.6,Active,Bachelors,07-10-2022,7.9,priya.bansal3358@company.com
501785,Shreya Agarwal,39,Support,Mumbai,141346.07,3.7,Inactive,Unknown,07-06-2024,7.9,shreya.agarwal1785@company.com
500505,Sneha Choudhary,45,Support,Lucknow,96115.09,32.3,Active,Bachelors,13-03-2017,2.8,sneha.choudhary505@company.com
502038,Amit Choudhary,41,Logistics,Delhi,31495.64,25,On Leave,PhD,24-06-2021,6.9,amit.choudhary2038@company.com
501306,Nisha Sinha,56,Marketing,Mumbai,66298.64,2.3,Inactive,Bachelors,06-10-2017,4,nisha.sinha1306@company.com
500293,Ritu Dixit,39,Sales,Bengaluru,76743.63,24.9,On Leave,Masters,02-02-2020,5.5,ritu.dixit293@company.com
503910,Ashok Mishra,37,Operations,Unknown,105374.15,14,Unknown,Unknown,15-05-2021,5.6,ashok.mishra3910@company.com
504302,Amit Goel,58,Support,Jaipur,38688.42,26,On Leave,Bachelors,12-08-2025,5.5,amit.goel4302@company.com
500806,Simran Agarwal,59,Unknown,Pune,47013.27,4.5,On Leave,Unknown,26-09-2020,4.7,simran.agarwal806@company.com
501981,Vikram Dixit,58,Finance,Chennai,119372.83,25.6,Unknown,PhD,18-02-2020,5.5,vikram.dixit1981@company.com
500713,Rahul Rastogi,40,Marketing,Unknown,123258.35,12.3,Active,Masters,18-12-2015,6.3,rahul.rastogi713@company.com
502864,Manish Malik,33,Marketing,Delhi,134446.15,25,Inactive,Unknown,19-07-2024,8.6,manish.malik2864@company.com
501915,Swati Bansal,26,IT,Unknown,136946.13,3.9,On Leave,Unknown,04-02-2016,2.9,swati.bansal1915@company.com
502127,Shreya Bhatia,57,Logistics,Unknown,81958.14,7.3,On Leave,Unknown,05-10-2015,2.7,shreya.bhatia2127@company.com
501935,Nisha Pandey,52,Support,Unknown,123500.3,17.6,Active,Bachelors,17-01-2020,5.5,nisha.pandey1935@company.com
500400,Gaurav Nanda,43,IT,Mumbai,37188.6,21.5,Unknown,Masters,12-12-2015,1.4,gaurav.nanda400@company.com
503569,Rohan Malik,28,HR,Kolkata,118941.47,34,Active,PhD,14-08-2017,6.5,rohan.malik3569@company.com
503537,Nikhil Khanna,34,IT,Delhi,70906.92,20.5,Unknown,Bachelors,09-03-2019,4.7,nikhil.khanna3537@company.com
500157,Nikhil Bose,55,IT,Lucknow,130477.78,17.6,Unknown,Unknown,13-04-2020,6.8,nikhil.bose157@company.com
503726,Anjali Sinha,26,Operations,Mumbai,136599.79,34.3,Active,Bachelors,11-05-2015,5.9,anjali.sinha3726@company.com
504587,Manish Malik,28,IT,Lucknow,47511.51,8.4,Inactive,Bachelors,02-07-2018,4.9,manish.malik4587@company.com
503891,Vikram Nanda,43,IT,Hyderabad,25782.56,17.6,Unknown,Unknown,23-07-2018,8,vikram.nanda3891@company.com
504387,Isha Bose,40,IT,Unknown,41872,26.8,Unknown,Masters,08-02-2023,7.7,isha.bose4387@company.com
504068,Rohan Sinha,31,Support,Kolkata,130768.52,0.7,Inactive,Diploma,20-02-2022,5.5,rohan.sinha4068@company.com
501734,Neha Goel,21,Sales,Ahmedabad,84509.32,10.8,Inactive,Bachelors,23-07-2023,9.7,neha.goel1734@company.com
504497,Karan Thakur,40,Logistics,Kolkata,82098.42,24.1,Inactive,Bachelors,13-04-2021,5.9,karan.thakur4497@company.com
503377,Sneha Chauhan,45,Finance,Chennai,91637.34,27.7,Active,Masters,15-05-2018,1.6,sneha.chauhan3377@company.com
501410,Deepak Chauhan,56,Marketing,Mumbai,84509.32,17.8,Inactive,PhD,02-02-2020,7.8,deepak.chauhan1410@company.com
504275,Vijay Dixit,57,Sales,Hyderabad,53478.57,17.9,Active,Masters,11-07-2020,7.2,vijay.dixit4275@company.com
500921,Swati Rastogi,26,IT,Kolkata,118105.64,8.5,Inactive,Masters,01-01-2016,2.8,swati.rastogi921@company.com
503782,Neha Ghosh,35,Marketing,Mumbai,41067.55,4.7,Inactive,PhD,09-01-2016,7.4,neha.ghosh3782@company.com
504240,Rohan Choudhary,41,Unknown,Delhi,84509.32,26.2,Inactive,Unknown,06-03-2017,5.5,rohan.choudhary4240@company.com
503506,Manish Rastogi,23,IT,Unknown,138684.62,32.5,Unknown,Masters,11-10-2018,6.2,manish.rastogi3506@company.com
502784,Rahul Nanda,57,IT,Kolkata,71953.44,28.8,Inactive,Diploma,23-08-2015,3.7,rahul.nanda2784@company.com
504790,Meena Nanda,40,Marketing,Pune,84509.32,17.6,Active,PhD,02-04-2017,5.5,meena.nanda4790@company.com
503715,Rohan Dixit,30,Marketing,Chennai,56917.19,24.8,Unknown,Diploma,24-03-2015,2.1,rohan.dixit3715@company.com
503781,Isha Mishra,37,Marketing,Mumbai,71670.46,27.1,Inactive,Bachelors,16-06-2024,1.5,isha.mishra3781@company.com
502532,Ashok Goel,26,HR,Mumbai,70706.13,26.8,Inactive,Unknown,19-06-2018,9.9,ashok.goel2532@company.com
503767,Nikhil Trivedi,33,Sales,Unknown,84509.32,4.2,Active,Unknown,03-09-2018,5.8,nikhil.trivedi3767@company.com
503896,Ashok Nanda,40,IT,Hyderabad,96011.36,6.8,On Leave,Masters,11-05-2024,9.6,ashok.nanda3896@company.com
504913,Rajesh Bhatia,54,Unknown,Unknown,37670.43,17.6,On Leave,Unknown,05-11-2018,5.7,rajesh.bhatia4913@company.com
500711,Preeti Rastogi,56,Marketing,Bengaluru,59295.1,19.8,Inactive,Diploma,09-08-2018,7.7,preeti.rastogi711@company.com
503940,Suresh Khanna,35,Operations,Kolkata,99491.55,8.2,On Leave,Masters,12-09-2017,7,suresh.khanna3940@company.com
500133,Nikhil Chauhan,54,Sales,Chennai,25802.3,31.1,On Leave,Unknown,12-02-2018,5.5,nikhil.chauhan133@company.com
504910,Amit Bose,50,Unknown,Chennai,37897.85,6.9,Unknown,Masters,08-04-2015,8.2,amit.bose4910@company.com
502694,Arjun Khanna,42,IT,Ahmedabad,147280.42,18.6,Active,Bachelors,18-05-2016,6,arjun.khanna2694@company.com
500899,Neha Mishra,32,Unknown,Unknown,116518.55,31.2,Active,PhD,04-09-2016,2,neha.mishra899@company.com
502202,Pooja Rastogi,51,Unknown,Kolkata,68805.92,10.3,On Leave,Masters,02-12-2017,4.7,pooja.rastogi2202@company.com
501029,Deepak Thakur,22,Sales,Ahmedabad,114991.98,30.3,Unknown,Bachelors,02-08-2023,5.5,deepak.thakur1029@company.com
502614,Vijay Khanna,42,HR,Bengaluru,84509.32,16,On Leave,PhD,27-09-2021,9.8,vijay.khanna3752@company.com
501339,Swati Chauhan,31,Sales,Lucknow,100751.61,21.7,On Leave,Unknown,21-03-2020,6.2,swati.chauhan1339@company.com
500115,Ashok Agarwal,28,IT,Delhi,109755.95,20.7,Active,Unknown,15-03-2015,3.4,ashok.agarwal115@company.com
504692,Shreya Goel,40,Sales,Bengaluru,128772.99,22.4,On Leave,Masters,24-03-2017,6.2,shreya.goel4692@company.com
502023,Ritu Sinha,59,Sales,Jaipur,59766.33,10.5,Active,Masters,23-03-2025,2.1,ritu.sinha2023@company.com
504036,Pooja Rastogi,44,Operations,Ahmedabad,44991.98,22.3,Active,Bachelors,21-02-2016,6.3,pooja.rastogi4036@company.com
503958,Rajesh Malik,42,Finance,Kolkata,80061.13,1,Inactive,Unknown,06-05-2021,9.4,rajesh.malik3958@company.com
501357,Pooja Rastogi,25,IT,Pune,50881.42,15.4,On Leave,Masters,23-07-2024,3,pooja.rastogi1357@company.com
500208,Anjali Dixit,25,Marketing,Unknown,59409.76,32.7,Inactive,Masters,04-12-2020,6.1,anjali.dixit208@company.com
502766,  Priya Mishra  ,38,Unknown,Chennai,49691.28,24.8,Active,Bachelors,18-02-2017,5.7,priya.mishra2766@company.com
502633,Priya Thakur,28,Marketing,Lucknow,104528.62,6.2,Active,Unknown,08-07-2017,2.5,priya.thakur2633@company.com
501032,Rahul Khanna,31,Logistics,Pune,107836.78,4.3,Inactive,Masters,21-04-2015,3.6,rahul.khanna1032@company.com
500468,Manish Chauhan,55,IT,Unknown,67779.53,10.6,On Leave,Diploma,04-02-2021,2.6,manish.chauhan468@company.com
503334,Sanjay Agarwal,51,Unknown,Unknown,46255.44,32.8,Active,Unknown,02-12-2020,5.5,Not Provided
500539,Arjun Bansal,38,Logistics,Unknown,69916.17,16,Inactive,Masters,10-12-2017,1.9,arjun.bansal539@company.com
500835,Gaurav Chauhan,41,IT,Lucknow,61690.16,33.8,Active,Diploma,07-10-2023,9.3,gaurav.chauhan835@company.com
502576,Anjali Yadav,23,Sales,Hyderabad,125327.3,32.8,Inactive,Diploma,15-12-2020,5.5,anjali.yadav2576@company.com
501940,Ashok Mishra,59,IT,Delhi,86269.16,18.2,Active,Bachelors,18-09-2025,2.2,ashok.mishra1940@company.com
504335,Anjali Nanda,40,Marketing,Kolkata,84509.32,32.5,Unknown,Unknown,24-08-2019,5.9,anjali.nanda4335@company.com
501577,Vijay Saxena,35,Support,Kolkata,115828.39,23.8,On Leave,PhD,17-01-2020,9.2,vijay.saxena1577@company.com
500688,Divya Goel,53,Logistics,Hyderabad,71124.48,3.2,Unknown,Diploma,03-06-2025,8.1,divya.goel688@company.com
502467,Rajesh Choudhary,55,Unknown,Delhi,83211.06,6.6,Active,Masters,22-10-2022,8.8,rajesh.choudhary2467@company.com
500263,Ashok Mishra,24,HR,Unknown,31782.61,7.5,On Leave,Unknown,22-02-2019,9.1,ashok.mishra263@company.com
501938,Ashok Agarwal,21,Logistics,Mumbai,46255.54,15.5,Active,PhD,10-08-2020,4.1,ashok.agarwal1938@company.com
503748,Isha Goel,58,Finance,Delhi,54228.66,26.3,Active,Bachelors,22-10-2016,3,isha.goel3748@company.com
502967,Meena Trivedi,52,Unknown,Mumbai,133266.84,13.1,Inactive,Masters,08-11-2017,4.7,meena.trivedi2967@company.com
501961,Ashok Trivedi,21,Unknown,Mumbai,137667.75,11.4,On Leave,Bachelors,02-01-2016,1.7,ashok.trivedi1961@company.com
504987,Anjali Choudhary,46,IT,Bengaluru,135147.43,14.4,Unknown,Unknown,14-07-2019,4.3,anjali.choudhary4987@company.com
502478,Nisha Malik,59,Unknown,Chennai,47994.05,20.9,Active,Masters,27-04-2024,10,nisha.malik2478@company.com
504273,Ritu Mishra,37,Support,Hyderabad,29214.3,17.4,Unknown,Diploma,26-01-2023,5.4,ritu.mishra4273@company.com
500936,  Priya Mishra  ,47,IT,Chennai,135351.63,25.8,Inactive,Diploma,03-08-2024,5.5,priya.mishra936@company.com
500306,Kavita Rastogi,45,Sales,Delhi,22173.25,20,Active,Bachelors,21-11-2018,5.4,kavita.rastogi306@company.com
503240,Sanjay Malik,24,Logistics,Mumbai,62913.21,2.4,On Leave,Bachelors,24-07-2017,3.4,sanjay.malik3240@company.com
501225,Rohan Sinha,40,Finance,Unknown,117142.8,31.1,Active,Masters,27-05-2017,8.3,rohan.sinha1225@company.com
500082,Priya Pandey,57,Finance,Chennai,65556.22,32.7,On Leave,Bachelors,13-04-2016,9.1,priya.pandey82@company.com
502627,Rajesh Agarwal,28,Operations,Bengaluru,121128.66,8.5,Unknown,PhD,15-01-2016,6.4,rajesh.agarwal348@company.com
502206,  Rahul Bhatia  ,23,HR,Mumbai,21800.92,9.6,Unknown,Diploma,22-02-2024,5.1,rahul.bhatia2206@company.com
504181,Suresh Saxena,39,Marketing,Kolkata,41334.58,17.6,Inactive,Diploma,14-11-2016,7.6,suresh.saxena4181@company.com
503714,Priya Khanna,33,HR,Kolkata,122606.78,24.2,Active,Bachelors,08-09-2018,6.5,priya.khanna3714@company.com
502173,Neha Trivedi,43,Unknown,Unknown,110278.92,30.6,Unknown,Bachelors,13-07-2018,9.7,neha.trivedi2173@company.com
504618,Manish Dixit,42,IT,Chennai,79228.94,17.7,Unknown,Unknown,18-02-2019,3.4,manish.dixit4618@company.com
503670,Isha Yadav,52,Operations,Delhi,58702.65,3.4,Unknown,Masters,04-03-2020,8.6,isha.yadav3670@company.com
501749,Shreya Agarwal,55,Unknown,Unknown,84509.32,15.9,Active,Bachelors,06-01-2018,6.7,shreya.agarwal1749@company.com
503612,Meena Goel,22,Finance,Ahmedabad,102960.87,34,Active,Diploma,21-11-2024,1.9,meena.goel3612@company.com
504919,Shreya Nanda,35,Sales,Hyderabad,112980.82,9.6,On Leave,Bachelors,18-06-2018,2.5,shreya.nanda4919@company.com
504715,Vikram Bansal,58,Sales,Pune,28779.05,32.7,Inactive,Masters,20-10-2017,1.4,vikram.bansal4715@company.com
501007,Sanjay Trivedi,28,Sales,Unknown,115980.75,17.4,Inactive,Bachelors,20-02-2022,8.1,sanjay.trivedi1007@company.com
500710,Divya Rastogi,22,Sales,Unknown,66665.91,33.4,Active,Diploma,08-01-2025,2.7,divya.rastogi710@company.com
502996,Pooja Dixit,39,Finance,Unknown,76252.91,3.4,On Leave,PhD,06-02-2017,5,pooja.dixit2996@company.com
500738,Rajesh Chauhan,23,Operations,Bengaluru,94742.81,32.1,Unknown,PhD,06-03-2019,6.8,rajesh.chauhan738@company.com
502401,Anjali Bansal,40,IT,Mumbai,31808.61,3.4,Active,Masters,19-10-2024,3.7,anjali.bansal2401@company.com
500523,  Divya Rastogi  ,38,Logistics,Ahmedabad,62465.64,12.4,Unknown,Diploma,07-11-2022,7.6,divya.rastogi523@company.com
503214,Preeti Thakur,42,Support,Unknown,132420.35,34.5,Unknown,Unknown,14-05-2017,8.6,preeti.thakur3214@company.com
501722,Vikram Bhatia,55,Sales,Unknown,146071.02,16.7,Unknown,Unknown,12-09-2017,5.5,vikram.bhatia1722@company.com
504381,Sneha Sinha,35,Finance,Jaipur,90313.45,21.5,On Leave,Bachelors,02-06-2021,5.5,sneha.sinha4381@company.com
502785,Suresh Pandey,50,Operations,Delhi,44004.16,23,Inactive,Bachelors,27-06-2017,1.2,suresh.pandey2785@company.com
503139,Neha Goel,24,Sales,Unknown,149306,8.1,Active,Unknown,22-09-2015,8.2,neha.goel3139@company.com
500778,Pooja Ghosh,23,Sales,Mumbai,84107.44,5.6,Active,Masters,19-11-2019,8.6,pooja.ghosh778@company.com
502531,Priya Bose,56,Finance,Unknown,68670.96,30.5,On Leave,Unknown,22-12-2018,4.5,priya.bose2531@company.com
503011,Rahul Pandey,45,Sales,Unknown,132400.7,26.6,Active,PhD,09-04-2015,1.7,rahul.pandey3011@company.com
504471,Neha Thakur,32,Support,Pune,95074.88,9.1,Inactive,Unknown,24-09-2016,6.9,neha.thakur4471@company.com
504937,Preeti Mishra,28,IT,Delhi,120809.7,26,Active,PhD,17-06-2017,4.2,preeti.mishra4937@company.com
504394,Ashok Ghosh,31,Unknown,Delhi,149778.83,19.4,Unknown,PhD,27-11-2024,5.4,ashok.ghosh4394@company.com
504922,Ashok Bose,30,Unknown,Mumbai,101890.63,8.7,Active,Unknown,25-11-2017,5.5,ashok.bose4922@company.com
502993,Anjali Bansal,50,Sales,Pune,39544.07,8.4,Active,Diploma,02-07-2020,7.1,anjali.bansal2993@company.com
504092,Karan Ghosh,30,Finance,Delhi,133223.02,27.4,Inactive,PhD,25-04-2025,7.2,karan.ghosh4092@company.com
503545,Manish Malik,56,Finance,Bengaluru,56537.5,20.4,Inactive,PhD,16-09-2025,8.5,manish.malik3545@company.com
504401,Sanjay Khanna,39,Sales,Mumbai,71636.2,20.2,Active,Unknown,07-12-2016,9.9,sanjay.khanna4401@company.com
502901,Shreya Mishra,26,IT,Mumbai,130799.18,5.2,Inactive,PhD,18-08-2015,6.6,shreya.mishra2901@company.com
500043,Vijay Goel,55,Support,Unknown,115171.59,7.2,On Leave,PhD,27-05-2022,6,vijay.goel43@company.com
502169,Pooja Mishra,50,Unknown,Bengaluru,62041.62,14.1,Unknown,Diploma,10-10-2018,5.4,pooja.mishra2169@company.com
502020,Shreya Rastogi,25,Sales,Mumbai,136248.77,14.8,Inactive,Bachelors,24-10-2019,5.5,shreya.rastogi2020@company.com
501067,Sanjay Ghosh,22,HR,Ahmedabad,92073.56,33.2,Inactive,PhD,15-07-2019,2.3,sanjay.ghosh1067@company.com
501579,Rahul Bose,25,HR,Pune,56772.54,3.1,Inactive,Masters,16-11-2019,3.3,rahul.bose1579@company.com
504752,Gaurav Malik,55,Unknown,Hyderabad,112501.67,26.7,Inactive,Bachelors,12-10-2018,8.9,gaurav.malik4752@company.com
500698,Arjun Yadav,49,IT,Jaipur,53990.01,0.3,Inactive,Bachelors,05-04-2020,5.5,arjun.yadav698@company.com
502671,Karan Mishra,43,Sales,Mumbai,67359.01,33.9,Inactive,Diploma,13-10-2016,2.6,karan.mishra2671@company.com
504129,Sneha Goel,23,Sales,Jaipur,35372.22,18.8,Unknown,Unknown,09-01-2018,8.4,sneha.goel4129@company.com
500000,Nikhil Khanna,52,Operations,Ahmedabad,91830.22,33.3,On Leave,Unknown,24-12-2024,8.5,nikhil.khanna0@company.com
502986,Rohan Malik,41,Sales,Unknown,141713.68,10,On Leave,Masters,20-02-2020,9.9,rohan.malik2986@company.com
501159,Simran Khanna,23,Unknown,Bengaluru,140039.15,19.2,On Leave,Masters,14-08-2025,9.9,simran.khanna1159@company.com
501489,Vikram Pandey,34,Unknown,Bengaluru,25213.49,26.3,On Leave,Bachelors,06-03-2022,1.6,vikram.pandey1489@company.com
503430,Isha Pandey,32,Support,Jaipur,141741.27,28.5,On Leave,Masters,01-05-2016,4.3,isha.pandey3430@company.com
501560,Meena Malik,48,Support,Unknown,59136.58,1.4,Inactive,Unknown,19-01-2022,1.2,meena.malik1560@company.com
503585,Manish Choudhary,38,Logistics,Unknown,60673.21,30.6,Inactive,Unknown,17-02-2024,8.1,manish.choudhary3585@company.com
503869,Ashok Bose,24,Logistics,Chennai,23833.03,5.7,Unknown,PhD,12-08-2024,9.3,ashok.bose3869@company.com
500022,Sanjay Choudhary,46,Marketing,Unknown,43288.45,22.1,On Leave,Masters,25-10-2021,5.5,sanjay.choudhary22@company.com
504339,Anjali Choudhary,30,Finance,Lucknow,104898.09,15.4,On Leave,Masters,06-05-2020,7.1,anjali.choudhary4339@company.com
502314,Pooja Bhatia,55,Unknown,Hyderabad,84509.32,26.8,Unknown,Unknown,13-11-2021,5.5,pooja.bhatia2314@company.com
500885,Amit Choudhary,26,Unknown,Mumbai,84509.32,30.5,Unknown,Masters,25-08-2018,4.8,amit.choudhary885@company.com
502517,Deepak Malik,44,Marketing,Delhi,120939.38,10.4,Inactive,Diploma,03-03-2022,8.9,deepak.malik2517@company.com
504053,Rohan Pandey,39,Finance,Unknown,128050.76,34,Inactive,PhD,03-05-2018,4.7,rohan.pandey4053@company.com
503174,Nikhil Dixit,39,HR,Hyderabad,125976.6,29.9,Unknown,Bachelors,22-01-2017,3.8,nikhil.dixit3174@company.com
503138,Neha Goel,51,IT,Lucknow,103974.12,2.2,On Leave,Diploma,09-09-2022,8,neha.goel3138@company.com
501356,Nisha Dixit,42,Operations,Unknown,36935.91,17.6,On Leave,Masters,21-11-2018,9.2,nisha.dixit1356@company.com
503422,Deepak Agarwal,34,IT,Chennai,49938.92,21.6,Inactive,Unknown,05-12-2019,2.2,deepak.agarwal3422@company.com
501491,Manish Trivedi,40,Unknown,Bengaluru,78667.26,22.6,Unknown,Bachelors,24-12-2023,4.3,manish.trivedi1491@company.com
504949,Meena Malik,24,Finance,Bengaluru,79124.88,30.2,On Leave,Unknown,27-04-2025,2,meena.malik4949@company.com
501977,Swati Sinha,49,Marketing,Bengaluru,119319.17,34.2,Inactive,Bachelors,19-12-2016,8.6,swati.sinha1977@company.com
501746,Divya Bose,21,Unknown,Chennai,84509.32,6,Active,Diploma,08-10-2017,5.5,divya.bose1746@company.com
503671,Kavita Chauhan,45,IT,Lucknow,136434.59,16.2,On Leave,Unknown,22-08-2021,5.5,kavita.chauhan3671@company.com
502924,Sanjay Rastogi,41,Marketing,Ahmedabad,86085.37,15.6,Inactive,Bachelors,26-12-2022,5.5,sanjay.rastogi2924@company.com
502945,Shreya Bhatia,34,IT,Kolkata,22466.83,24.3,Unknown,Bachelors,01-06-2016,8.8,shreya.bhatia2945@company.com
503492,Rajesh Sinha,52,Sales,Ahmedabad,44039.51,32.3,Unknown,Bachelors,20-04-2018,3.2,rajesh.sinha3492@company.com
503794,Preeti Trivedi,51,Unknown,Delhi,75067.9,0.8,Active,Unknown,26-07-2015,4.6,preeti.trivedi3794@company.com
500928,Gaurav Sinha,52,Marketing,Unknown,29140.44,21.5,Inactive,Unknown,19-02-2023,5.5,gaurav.sinha928@company.com
504955,Shreya Sinha,26,Unknown,Unknown,24974.93,11.9,On Leave,Diploma,25-02-2021,8.7,shreya.sinha4955@company.com
501706,Deepak Nanda,37,Sales,Delhi,125423.34,22.4,Unknown,Masters,23-06-2023,3.6,Not Provided
500996,Isha Ghosh,25,Marketing,Lucknow,120232.32,21.3,Active,Masters,03-10-2017,5.6,isha.ghosh996@company.com
500144,Preeti Bhatia,43,Finance,Delhi,84509.32,11.1,Inactive,Unknown,17-02-2021,8.2,preeti.bhatia144@company.com
500290,Shreya Bose,41,Unknown,Chennai,106915.37,24.2,Active,Unknown,10-05-2017,8.9,shreya.bose290@company.com
503281,Rahul Nanda,48,Support,Lucknow,52639.17,22.2,Unknown,Masters,25-08-2020,2.4,rahul.nanda3281@company.com
502736,Rohan Goel,22,IT,Delhi,86402.35,10.4,Inactive,Masters,09-08-2021,5.9,rohan.goel2736@company.com
502354,Simran Khanna,29,HR,Mumbai,73088.48,26.1,Unknown,PhD,06-05-2025,8.9,simran.khanna2354@company.com
502730,Suresh Dixit,33,Unknown,Unknown,79400.66,20,On Leave,Bachelors,23-12-2023,9.6,suresh.dixit2730@company.com
502217,Manish Agarwal,57,Sales,Bengaluru,142291.92,18.7,Active,Masters,10-10-2025,9,manish.agarwal2217@company.com
503438,Priya Trivedi,42,Sales,Mumbai,84509.32,10.8,Unknown,Masters,17-04-2015,6.7,Not Provided
504450,Nisha Sinha,50,Unknown,Ahmedabad,136557.56,29.9,Unknown,Diploma,19-02-2024,3.1,nisha.sinha4450@company.com
500413,Rajesh Dixit,44,Sales,Bengaluru,79543.37,9,Inactive,Masters,24-11-2022,3.8,rajesh.dixit413@company.com
504326,Divya Agarwal,21,Unknown,Unknown,130422.1,34.2,On Leave,Bachelors,23-02-2022,5.5,divya.agarwal4326@company.com
504336,Pooja Dixit,55,Sales,Ahmedabad,114861.86,25.7,On Leave,Masters,11-09-2019,3.4,pooja.dixit4336@company.com
501650,Meena Khanna,37,Logistics,Chennai,91419.01,0.3,Active,Diploma,11-12-2016,5.7,meena.khanna1650@company.com
503443,Preeti Thakur,33,Logistics,Mumbai,22784.16,5.4,Inactive,Masters,07-11-2016,5.5,preeti.thakur3443@company.com
504386,  Neha Ghosh  ,28,Sales,Kolkata,142747.05,33.6,Unknown,Masters,20-01-2019,1.5,neha.ghosh4386@company.com
504097,  Meena Ghosh  ,48,IT,Unknown,127625.46,29.7,Unknown,Unknown,09-03-2015,3.6,meena.ghosh4097@company.com
501984,Rahul Ghosh,22,Logistics,Ahmedabad,28973.36,12.2,Active,Unknown,06-10-2015,5.5,rahul.ghosh1984@company.com
500328,Priya Thakur,21,Support,Hyderabad,52245.76,30.8,Active,Bachelors,25-04-2017,10,priya.thakur328@company.com
503579,Amit Mishra,28,Unknown,Unknown,116445.87,9.2,Active,Masters,09-07-2025,9.3,amit.mishra3579@company.com
504484,Karan Sinha,56,Unknown,Unknown,84139.84,17.6,Active,Masters,15-08-2017,1.4,karan.sinha4484@company.com
503060,Isha Dixit,43,Logistics,Hyderabad,84509.32,34.8,Active,PhD,13-05-2025,9.9,isha.dixit3060@company.com
503823,Vijay Saxena,52,Finance,Unknown,43266.84,11.7,Unknown,Unknown,26-08-2021,7.1,vijay.saxena3823@company.com
500388,Meena Yadav,25,IT,Pune,44658.64,2,Inactive,Masters,17-01-2025,2.3,meena.yadav388@company.com
502488,Sanjay Bansal,23,Sales,Delhi,112765.41,6.3,Inactive,Bachelors,16-04-2021,7.8,sanjay.bansal2488@company.com
500842,Rohan Rastogi,31,Finance,Ahmedabad,124403.46,22.2,Inactive,Masters,23-08-2016,8.2,rohan.rastogi842@company.com
504736,  Anjali Yadav  ,37,IT,Kolkata,104056.43,7.5,On Leave,Bachelors,01-10-2025,5,anjali.yadav4736@company.com
502234,Kavita Agarwal,25,Unknown,Pune,47668.6,29.7,Active,Bachelors,06-12-2025,8.5,kavita.agarwal2234@company.com
502403,Simran Bhatia,29,Support,Pune,89330.54,27,On Leave,PhD,22-01-2023,1.5,simran.bhatia2403@company.com
502293,Shreya Pandey,38,HR,Mumbai,54510.91,13.3,On Leave,Diploma,20-08-2016,7.5,shreya.pandey2293@company.com
502820,Vikram Yadav,44,IT,Mumbai,40866.28,11.9,On Leave,Unknown,19-05-2015,6.7,vikram.yadav2820@company.com
504530,Sanjay Pandey,21,Finance,Chennai,140409.61,8.7,On Leave,Unknown,25-02-2020,5.2,sanjay.pandey4530@company.com
502230,Priya Bose,21,Unknown,Unknown,76550.61,31,Active,Unknown,19-06-2019,7.8,priya.bose2230@company.com
503564,Vijay Bansal,22,Support,Mumbai,46909.33,11.4,Inactive,Diploma,22-02-2020,8.6,vijay.bansal3564@company.com
502781,  Gaurav Bhatia  ,42,Logistics,Hyderabad,136651.51,12.7,Inactive,Bachelors,13-06-2015,8.6,gaurav.bhatia2781@company.com
503789,Suresh Khanna,26,Finance,Unknown,91713.65,19.7,Inactive,Unknown,10-12-2021,9.5,suresh.khanna3789@company.com
502106,Rahul Sinha,42,Marketing,Unknown,42601.53,31.2,Unknown,Diploma,21-06-2016,5.5,rahul.sinha2106@company.com
500443,Ashok Nanda,22,Marketing,Pune,144408.33,26.3,Active,Bachelors,10-01-2019,9,ashok.nanda443@company.com
503725,Arjun Choudhary,36,IT,Unknown,105639.34,24.6,On Leave,Bachelors,03-07-2025,7.7,arjun.choudhary3725@company.com
502408,Swati Dixit,32,Support,Chennai,37727.03,17.6,Unknown,Unknown,19-04-2022,2.8,swati.dixit2408@company.com
500959,Gaurav Saxena,32,Operations,Bengaluru,117793.95,17.3,Inactive,Bachelors,14-12-2016,7,gaurav.saxena959@company.com
503209,Arjun Bose,58,Finance,Jaipur,24735.16,28.6,Active,Masters,26-06-2018,5.5,arjun.bose3209@company.com
503347,Rajesh Sinha,35,Marketing,Jaipur,32671.56,7.2,Active,Bachelors,27-03-2015,3.9,rajesh.sinha3347@company.com
500395,Amit Agarwal,23,Unknown,Bengaluru,43444.2,17.8,Inactive,Masters,18-11-2017,5.5,amit.agarwal395@company.com
502787,Divya Malik,45,HR,Unknown,78024.52,17.3,Inactive,Masters,01-12-2024,5.6,divya.malik2787@company.com
504024,Rajesh Nanda,29,IT,Lucknow,38930.02,34.7,On Leave,Bachelors,09-07-2020,7.7,rajesh.nanda4024@company.com
502177,Shreya Saxena,41,Unknown,Bengaluru,27927.78,29.3,Unknown,Unknown,16-11-2025,7.6,shreya.saxena2177@company.com
503768,Kavita Chauhan,57,IT,Bengaluru,87533.95,28.2,On Leave,Masters,26-09-2023,5.5,kavita.chauhan3768@company.com
501036,Priya Mishra,41,Marketing,Lucknow,90787.78,28.1,Unknown,Bachelors,09-09-2015,7,Not Provided
502940,Meena Nanda,40,Logistics,Kolkata,52067.36,32.7,Unknown,Masters,02-03-2022,7.7,meena.nanda2940@company.com
500830,Neha Saxena,40,Support,Pune,119884.69,14.2,Inactive,Bachelors,04-11-2024,4,neha.saxena830@company.com
503549,Rahul Nanda,24,Sales,Bengaluru,35532.7,22.8,On Leave,Masters,07-08-2022,3.1,rahul.nanda3549@company.com
504042,Rahul Dixit,46,HR,Mumbai,48614.34,3.6,Unknown,Diploma,05-01-2016,1,rahul.dixit4042@company.com
502520,Gaurav Sinha,24,Sales,Chennai,110023.5,17.6,Inactive,Bachelors,07-01-2017,5.2,gaurav.sinha2520@company.com
503259,Simran Bose,43,Logistics,Chennai,137657.78,10.4,Inactive,Masters,07-12-2016,1.7,simran.bose3259@company.com
500238,Neha Nanda,52,Marketing,Kolkata,107826.14,34.5,On Leave,Bachelors,10-04-2021,5.5,neha.nanda238@company.com
500956,Preeti Thakur,57,Sales,Bengaluru,104666.81,19.9,Inactive,Masters,25-05-2021,8.3,preeti.thakur956@company.com
503036,Rohan Chauhan,27,IT,Chennai,47918.41,13.8,Active,PhD,01-03-2018,1.9,rohan.chauhan3036@company.com
503489,Amit Rastogi,55,IT,Jaipur,78833.05,34.9,Unknown,Masters,02-02-2019,9,amit.rastogi3489@company.com
501653,Swati Thakur,37,Sales,Lucknow,25325.32,17.3,Active,PhD,02-08-2025,9.9,swati.thakur1653@company.com
503832,Vijay Thakur,49,IT,Chennai,49014.93,12.3,Inactive,PhD,07-05-2025,2.9,vijay.thakur3832@company.com
502289,Ritu Agarwal,58,Operations,Ahmedabad,22555.05,22.5,Active,Diploma,04-06-2018,5,ritu.agarwal2289@company.com
503834,Vikram Chauhan,31,Marketing,Delhi,57355.71,17.6,Active,Diploma,03-10-2015,8.3,vikram.chauhan3834@company.com
504532,Sanjay Ghosh,21,IT,Unknown,143785.59,2.7,Inactive,Masters,21-10-2015,2.5,sanjay.ghosh4532@company.com
504673,Gaurav Chauhan,33,IT,Bengaluru,73320.27,20.9,Inactive,Bachelors,07-03-2021,7,gaurav.chauhan4673@company.com
501149,Kavita Dixit,57,IT,Delhi,40158.53,33.7,On Leave,Bachelors,06-10-2018,9.1,kavita.dixit1149@company.com
501787,Divya Bansal,38,IT,Jaipur,126895.96,10.5,Inactive,Bachelors,25-02-2018,4.2,divya.bansal1787@company.com
500501,Sanjay Bansal,25,HR,Bengaluru,83642.11,21.1,Inactive,Diploma,15-08-2023,5.5,sanjay.bansal501@company.com
504444,Sanjay Khanna,59,Marketing,Bengaluru,89047.16,15.2,Active,Unknown,03-04-2021,6,sanjay.khanna4444@company.com
500382,Preeti Chauhan,58,IT,Chennai,26405.03,26.4,Inactive,Bachelors,01-03-2022,9.5,preeti.chauhan382@company.com
