EmployeeID,FullName,Age,Department,City,Salary,YearsExperience,EmploymentStatus,Education,JoiningDate,PerformanceScore,Email
501207,Priya Goel,27.0,Logistics,Ahmedabad,24534.53,23.7,Inactive,Bachelors,08/25/2015,8.5,priya.goel1207@company.com
503049,Nisha Goel,59.0,,Pune,37777.47,24.2,On Leave,bachelors,12/14/2022,3.3,nisha.goel3049@company.com
503409,Rahul Saxena,,IT,Chennai,48010.49,10.2,,,24-10-2019,5.2,rahul.saxena3409@company.com
503574,Vijay Khanna,33.0,HR,bengaluru,129577.98,15.2,Active,,25-09-2017,4.1,vijay.khanna3574@company.com
503360,GAURAV THAKUR,54.0,Support,Chennai ,,20.9,INACTIVE,Bachelors,10/27/2022,5.0,gaurav.thakur3360@company.com
502944,Rahul Chauhan,,Marketing,Chennai,24176.85,22.2,active,Bachelors,20-04-2018,2.4,rahul.chauhan2944@company.com
500622,  Swati Mishra  ,46.0,it,,43363.36,10.9,Inactive,MASTERS,2017-05-18,,swati.mishra622@company.com
504264,Pooja Khanna,56.0,Operations,Mumbai,35216.48,3.3,Inactive,Diploma,07/23/2019,,pooja.khanna4264@company.com
502600,Sanjay Bansal,33.0,Finance,Jaipur,106657.88,1.1,active,,,,sanjay.bansal2600@company.com
500811,  Shreya Mishra  ,47.0,HR,Bengaluru,94681.34,6.2,Active,MASTERS,16/02/2021,6.7,shreya.mishra811@company.com
500121,Simran Khanna,42.0,Sales,Mumbai,,22.2,Inactive,PhD,03/26/2020,7.0,simran.khanna121@company.com
503764,Sneha Agarwal,,Logistics,MUMBAI,,2.3,INACTIVE,Masters,15/04/2020,1.8,sneha.agarwal3764@company.com
501469,ARJUN MISHRA,45.0,Marketing, Delhi,93165.98,2.0,On Leave,Diploma,2025-02-06,2.4,arjun.mishra1469@company.com
503380,Preeti Pandey,38.0,Finance,Pune,71228.52,4.0,On Leave,MASTERS,2018-06-08,6.3,preeti.pandey3380@company.com
504847,Amit Mishra,46.0,Operations,Lucknow,130890.47,3.7,On Leave,MASTERS,2025-07-23,6.5,amit.mishra4847@company.com
500191,Manish Saxena,45.0,,MUMBAI,133349.97,4.0,Inactive,bachelors,25/04/2023,2.0,manish.saxena191@company.com
502596,Ashok Saxena,23.0,IT,Ahmedabad,90193.81,16.3,Active,Bachelors,17/10/2015,,ashok.saxena2596@company.com
500722,Vikram Bhatia,29.0,sales,Ahmedabad,32637.3,20.1,Inactive,PhD,03-04-2024,9.1,vikram.bhatia722@company.com
500719,Manish Dixit,36.0,Support,Lucknow,102521.26,7.2,Inactive,MASTERS,09-06-2017,3.9,manish.dixit719@company.com
502861,Pooja Chauhan,58.0,,Jaipur,112859.76,6.4,Inactive,Diploma,11/12/2018,4.8,pooja.chauhan2861@company.com
504425,sneha choudhary,32.0,MARKETING,MUMBAI,78916.1,6.7,On Leave,Diploma,,7.8,sneha.choudhary4425@company.com
504198,Arjun Bose,22.0,MARKETING,Jaipur,106789.46,25.1,On Leave,bachelors,06/10/2024,2.5,arjun.bose4198@company.com
500997,Vikram Dixit,47.0,Marketing,Ahmedabad,126127.66,28.3,On Leave,Bachelors,04/03/2020,8.3,vikram.dixit997@company.com
500780,Karan Bhatia,30.0,Finance,,27782.1,3.5,Active,PhD,21-11-2022,6.5,karan.bhatia780@company.com
502420,Pooja Rastogi,38.0,MARKETING,Bengaluru,82887.03,6.7,Active,bachelors,2023-11-19,6.4,pooja.rastogi2420@company.com
503930,Gaurav Malik,49.0,Logistics,,21246.42,34.6,,PhD,27/12/2021,3.6,gaurav.malik3930@company.com
500085,Ritu Bansal,32.0,Finance,MUMBAI,92567.16,28.2,On Leave,Bachelors,2016-06-27,9.8,ritu.bansal85@company.com
501020,Shreya Agarwal,25.0,IT, Delhi,121696.29,29.0,INACTIVE,MASTERS,2017-02-16,5.6,shreya.agarwal1020@company.com
500504,Swati Saxena,58.0,Marketing,Pune,38412.34,7.5,Inactive,MASTERS,12/11/2015,,swati.saxena504@company.com
504052,Isha Nanda,,Support,,84897.34,21.5,Inactive,Diploma,23/04/2019,4.7,isha.nanda4052@company.com
504292,Gaurav Sinha,24.0,Operations,Ahmedabad,20401.42,30.7,active,MASTERS,27/03/2017,9.9,gaurav.sinha4292@company.com
504756,Ritu Rastogi,46.0,Operations,MUMBAI,104985.96,18.4,Active,bachelors,25-05-2017,1.5,ritu.rastogi4756@company.com
502950,Shreya Dixit,,Sales,Chennai ,28575.05,22.0,INACTIVE,Bachelors,2019-04-25,3.9,shreya.dixit2950@company.com
504071,priya saxena,25.0,it,,35825.22,23.4,Inactive,Diploma,01/10/2024,4.9,priya.saxena4071@company.com
500968,Sanjay Bhatia,46.0,Marketing,Ahmedabad,62709.91,8.8,INACTIVE,,12/13/2016,9.0,sanjay.bhatia968@company.com
502455,Simran Mishra,28.0,Operations,Kolkata,126773.67,30.7,INACTIVE,bachelors,18/06/2020,4.9,simran.mishra2455@company.com
500407,Divya Agarwal,35.0,Logistics,Chennai,104718.28,14.6,INACTIVE,,25-07-2016,,divya.agarwal407@company.com
500166,Sanjay Bose,25.0,sales,MUMBAI,44198.2,26.2,,Bachelors,03/17/2021,7.6,sanjay.bose166@company.com
500050,Meena Mishra,24.0,Marketing,MUMBAI,129458.04,13.1,,,2018-10-25,4.4,meena.mishra50@company.com
500741,KARAN THAKUR,57.0,Support,Pune,54120.38,6.1,,MASTERS,,4.3,karan.thakur741@company.com
502396,Sanjay Malik,,HR,Bengaluru,39487.36,22.1,Active,,21/09/2019,8.0,sanjay.malik2396@company.com
504523,Rohan Yadav,30.0,Marketing,,63361.74,34.7,INACTIVE,,26/09/2021,3.2,rohan.yadav4523@company.com
500477,Amit Thakur,41.0,,Bengaluru,39224.74,8.4,active,,16-09-2018,8.1,amit.thakur477@company.com
504493,Vijay Yadav,26.0,Operations,MUMBAI,28855.34,23.5,On Leave,,12/26/2015,3.2,vijay.yadav4493@company.com
503428,Deepak Pandey,,sales,,112350.03,31.9,,,12/01/2020,8.1,deepak.pandey3428@company.com
501162,Sanjay Chauhan,25.0,IT,Chennai ,25886.18,9.1,,Bachelors,13/12/2021,4.3,sanjay.chauhan1162@company.com
501229,  Sanjay Khanna  ,41.0,it,Delhi,121474.81,7.7,Active,MASTERS,2023-01-12,,sanjay.khanna1229@company.com
501420,Arjun Saxena,58.0,sales,,143379.49,0.6,Inactive,Diploma,03/27/2022,2.3,arjun.saxena1420@company.com
502481,Rohan Thakur,47.0,Support,bengaluru,84321.41,27.9,active,bachelors,08/12/2017,9.3,rohan.thakur2481@company.com
503792,Rahul Dixit,46.0,Support,Ahmedabad,58184.51,4.9,Active,MASTERS,05/01/2021,3.8,rahul.dixit3792@company.com
501889,Nisha Sinha,47.0,MARKETING,Delhi,131255.43,27.5,Active,,16/01/2016,7.2,nisha.sinha1889@company.com
501440,Pooja Malik,47.0,Marketing,MUMBAI,141665.1,4.5,,MASTERS,03/06/2017,9.9,pooja.malik1440@company.com
503187,Vijay Mishra,53.0,,Jaipur,130353.58,11.1,Inactive,MASTERS,02/02/2021,3.3,vijay.mishra3187@company.com
502728,Rohan Dixit,39.0,Sales,Mumbai,57278.69,9.2,Active,Masters,08-12-2023,3.2,rohan.dixit2728@company.com
504392,Vijay Bose,42.0,HR,Pune,113194.03,15.2,Inactive,Bachelors,,5.8,vijay.bose4392@company.com
504934,Vikram Ghosh,39.0,it,bengaluru,141788.49,2.1,INACTIVE,,2022-04-25,4.2,vikram.ghosh4934@company.com
502927,Amit Choudhary,44.0,it,Delhi,137471.15,28.8,On Leave,PhD,14-10-2023,9.0,amit.choudhary2927@company.com
501246,Rajesh Nanda,24.0,Logistics,,107496.9,13.6,Active,Masters,17-05-2017,2.2,rajesh.nanda1246@company.com
503157,Neha Sinha,36.0,it,Kolkata,35211.81,8.0,,MASTERS,07-03-2016,2.3,neha.sinha3157@company.com
501034,suresh khanna,47.0,,Jaipur,101317.15,3.1,INACTIVE,,05/05/2025,2.6,suresh.khanna1034@company.com
500541,Karan Sinha,,Marketing, Delhi,89106.14,28.3,Active,,08/05/2023,4.7,karan.sinha541@company.com
503137,Vikram Trivedi,43.0,Sales,Kolkata,75823.48,,,Bachelors,02/10/2023,8.9,vikram.trivedi3137@company.com
501402,ritu thakur,23.0,Logistics, Delhi,63878.66,13.4,INACTIVE,MASTERS,07-07-2016,3.8,ritu.thakur1402@company.com
504284,anjali agarwal,46.0,Operations,Lucknow,112414.27,13.7,Inactive,bachelors,07/05/2019,5.1,anjali.agarwal4284@company.com
501286,Neha Malik,52.0,HR,Lucknow,105728.72,13.9,,bachelors,2023-08-26,3.9,neha.malik1286@company.com
501334,  Deepak Rastogi  ,41.0,Finance,Mumbai,20468.51,23.9,,Diploma,26/10/2018,6.6,deepak.rastogi1334@company.com
503876,Amit Khanna,26.0,IT,Pune,135393.39,17.9,On Leave,PhD,2025-11-06,,amit.khanna3876@company.com
500346,Deepak Rastogi,45.0,Support,MUMBAI,51521.08,6.3,Inactive,PhD,,6.8,deepak.rastogi346@company.com
503102,Manish Khanna,59.0,MARKETING,Chennai,108543.59,8.8,Active,Bachelors,2023-03-25,9.0,manish.khanna3102@company.com
501172,Kavita Ghosh,49.0,MARKETING,Lucknow,22333.41,,,,10-12-2017,9.9,kavita.ghosh1172@company.com
502681,Karan Bose,38.0,sales,,65518.55,13.4,On Leave,Bachelors,19/04/2017,3.0,karan.bose2681@company.com
501818,Amit Nanda,21.0,Support, Delhi,95916.09,27.2,Inactive,,02/10/2023,7.0,
500868,GAURAV AGARWAL,53.0,Support,Pune,48969.76,30.9,,,03/11/2021,9.1,gaurav.agarwal868@company.com
501276,Manish Saxena,27.0,Logistics,,64253.93,12.4,,bachelors,21-01-2015,,manish.saxena1276@company.com
500069,Sanjay Chauhan,33.0,HR,Ahmedabad,-91747.69,24.2,On Leave,Diploma,11/12/2020,,sanjay.chauhan69@company.com
504777,Ritu Sinha,26.0,,Hyderabad,,,,PhD,26/11/2023,,ritu.sinha4777@company.com
502774,Anjali Nanda,54.0,Marketing, Delhi,25403.35,34.0,Inactive,PhD,06/12/2018,,anjali.nanda2774@company.com
502903,Kavita Dixit,45.0,Logistics,Kolkata,109906.28,8.3,Inactive,,26/08/2020,9.9,kavita.dixit2903@company.com
500687,Kavita Trivedi,,it,,146544.02,7.8,On Leave,bachelors,26/10/2023,3.2,kavita.trivedi687@company.com
504926,anjali thakur,44.0,sales,Kolkata,68823.3,7.1,On Leave,,04/09/2018,6.4,anjali.thakur4926@company.com
504685,Priya Yadav,32.0,Marketing,bengaluru,134193.87,,Active,bachelors,18-07-2016,,priya.yadav4685@company.com
503339,Preeti Yadav,42.0,Operations,Lucknow,112587.05,15.0,,MASTERS,05/07/2023,1.4,preeti.yadav3339@company.com
502530,Manish Nanda,25.0,sales,Jaipur,109596.69,1.4,INACTIVE,Bachelors,18/06/2016,5.2,manish.nanda2530@company.com
500614,Sanjay Goel,29.0,Operations,Lucknow,63324.49,,INACTIVE,Bachelors,04/16/2022,4.2,sanjay.goel614@company.com
503218,Swati Dixit,50.0,Finance,,134218.45,0.3,Inactive,MASTERS,05/11/2019,4.4,swati.dixit3218@company.com
504763,Amit Thakur,29.0,MARKETING,Pune,35550.95,24.5,Active,bachelors,09-09-2019,,amit.thakur4763@company.com
500227,Ashok Saxena,50.0,sales,Chennai ,43125.8,21.4,On Leave,Diploma,2018-09-04,5.6,ashok.saxena227@company.com
503935,Karan Mishra,36.0,Sales,Bengaluru,111835.26,15.2,Active,MASTERS,05/14/2022,4.6,karan.mishra3935@company.com
504709,Suresh Goel,47.0,IT,Mumbai,89961.86,17.3,On Leave,bachelors,19/09/2024,2.1,suresh.goel4709@company.com
502395,Sneha Mishra,49.0,Support,MUMBAI,107840.46,9.6,Inactive,MASTERS,26/05/2020,3.1,sneha.mishra2395@company.com
504298,divya malik,38.0,Support,Jaipur,101922.42,33.8,On Leave,MASTERS,03/15/2023,3.6,divya.malik4298@company.com
500821,Karan Ghosh,56.0,,MUMBAI,22675.19,,Inactive,,2021-05-20,9.9,karan.ghosh821@company.com
502444,Ashok Goel,56.0,MARKETING,Pune,89776.6,,INACTIVE,MASTERS,09/10/2022,7.9,ashok.goel2444@company.com
501537,Gaurav Goel,53.0,Logistics,,30119.5,12.7,active,PhD,04/24/2017,7.6,gaurav.goel1537@company.com
504400,Neha Bose,29.0,,Pune,103943.65,30.3,active,,2021-08-02,4.5,neha.bose4400@company.com
502942,Amit Chauhan,22.0,Support,Pune,136248.22,26.4,On Leave,,01/25/2016,,amit.chauhan2942@company.com
504788,Neha Bhatia,37.0,Finance,Bengaluru,53574.98,20.7,,Diploma,13/05/2015,6.1,neha.bhatia4788@company.com
500488,Nikhil Malik,57.0,Finance,Ahmedabad,82043.33,31.3,INACTIVE,MASTERS,23/05/2020,4.4,nikhil.malik488@company.com
502777,Vikram Goel,34.0,Marketing,MUMBAI,147356.34,17.4,INACTIVE,,14-07-2017,10.0,vikram.goel2777@company.com
504864,Isha Nanda,25.0,MARKETING,Jaipur,68061.95,31.9,On Leave,MASTERS,25-07-2022,6.7,isha.nanda4864@company.com
501860,  Rahul Bose  ,56.0,it,,39816.06,32.2,,Masters,21/03/2019,5.2,rahul.bose1860@company.com
502295,meena trivedi,33.0,Marketing,Hyderabad,129795.34,2.7,Inactive,Bachelors,04/01/2021,,meena.trivedi2295@company.com
503384,Karan Choudhary,53.0,IT,Hyderabad,132186.13,33.2,Inactive,Bachelors,,6.9,karan.choudhary3384@company.com
501682,Anjali Bhatia,30.0,IT,,145989.05,18.4,,MASTERS,01/27/2025,6.0,anjali.bhatia1682@company.com
504723,Shreya Yadav,54.0,Marketing,Ahmedabad,,14.1,Inactive,MASTERS,03/18/2016,9.0,shreya.yadav4723@company.com
504819,Anjali Mishra,49.0,MARKETING,,115960.71,,Active,,18-04-2020,8.9,anjali.mishra4819@company.com
502451,karan goel,35.0,IT,Pune,51532.43,11.0,active,,05-02-2018,9.0,karan.goel2451@company.com
504221,Simran Bose,24.0,IT,Jaipur,,,,MASTERS,03/05/2019,,simran.bose4221@company.com
500714,Neha Thakur,32.0,Support,Lucknow,63662.76,26.9,INACTIVE,MASTERS,11/27/2022,7.7,
500185,Rohan Agarwal,43.0,Sales,Chennai ,128110.89,,On Leave,,11/17/2017,5.8,rohan.agarwal185@company.com
501364,Swati Agarwal,35.0,Finance,Jaipur,132428.67,20.3,,Bachelors,2018-08-07,1.9,swati.agarwal1364@company.com
500998,neha bose,40.0,Marketing,,80228.57,17.6,On Leave,bachelors,11/15/2024,,neha.bose998@company.com
501095,Nikhil Trivedi,56.0,Support,Pune,108442.92,5.9,On Leave,PhD,02/12/2025,3.7,nikhil.trivedi1095@company.com
500773,Sanjay Rastogi,56.0,Logistics,Kolkata,128856.44,2.6,Inactive,MASTERS,20-11-2025,7.9,sanjay.rastogi773@company.com
501671,Nisha Bhatia,22.0,Logistics,bengaluru,116308.86,30.7,Inactive,,08/12/2022,2.1,
501156,Preeti Choudhary,58.0,,Kolkata,,27.4,active,bachelors,12/08/2024,5.1,preeti.choudhary1156@company.com
500735,Kavita Agarwal,42.0,Finance,MUMBAI,109547.19,3.5,Inactive,Diploma,01/16/2025,9.1,kavita.agarwal735@company.com
503572,Manish Choudhary,34.0,IT, Delhi,100431.21,28.6,INACTIVE,Diploma,27/07/2019,6.7,manish.choudhary3572@company.com
500904,Isha Saxena,,MARKETING,Hyderabad,135976.71,18.6,Inactive,PhD,06/08/2023,3.3,isha.saxena904@company.com
502723,Meena Agarwal,26.0,MARKETING,,137465.58,0.8,active,Bachelors,2022-12-08,4.5,
504399,Rajesh Choudhary,40.0,,Ahmedabad,114803.85,7.5,INACTIVE,Bachelors,02/13/2024,2.2,rajesh.choudhary4399@company.com
502438,Priya Trivedi,32.0,Marketing,Ahmedabad,114423.32,17.5,On Leave,,10/13/2017,2.5,priya.trivedi2438@company.com
502529,Anjali Rastogi,25.0,,Pune,,11.4,On Leave,,14-04-2017,8.1,anjali.rastogi2529@company.com
502775,Isha Bose,49.0,Logistics,Delhi,73667.37,15.8,active,Diploma,02/10/2023,5.1,isha.bose2775@company.com
502513,Nikhil Bhatia,38.0,HR,Hyderabad,108809.18,10.3,,Diploma,03/10/2023,,nikhil.bhatia2513@company.com
501965,Rahul Saxena,56.0,,Chennai ,38417.21,26.8,Inactive,Masters,26/09/2019,,rahul.saxena1965@company.com
501465,Rajesh Malik,45.0,HR,Jaipur,56319.67,0.7,,PhD,06-04-2020,2.9,rajesh.malik1465@company.com
501045,Vikram Malik,52.0,MARKETING,Chennai,77139.82,5.5,INACTIVE,,04/22/2023,3.3,vikram.malik1045@company.com
500160,Sneha Saxena,21.0,Marketing,Bengaluru,96401.13,24.6,,bachelors,09/12/2022,6.2,sneha.saxena160@company.com
501624,DEEPAK SINHA,37.0,it,Jaipur,82480.05,25.9,active,bachelors,22-07-2015,3.6,deepak.sinha1624@company.com
501903,Rahul Bansal,50.0,Logistics,MUMBAI,116311.48,0.8,,Bachelors,05/04/2016,7.6,rahul.bansal1903@company.com
502656,  Shreya Khanna  ,33.0,Sales,MUMBAI,97603.77,9.4,Active,,23/09/2022,4.8,shreya.khanna2656@company.com
500588,Sneha Mishra,47.0,Finance,Mumbai,137638.47,9.7,Active,,01/24/2021,4.5,sneha.mishra588@company.com
503756,Rahul Trivedi,30.0,,Chennai,,1.6,INACTIVE,,06-02-2022,,rahul.trivedi3756@company.com
504981,NIKHIL RASTOGI,30.0,Finance,Lucknow,51520.8,10.8,INACTIVE,,14/07/2016,6.3,nikhil.rastogi4981@company.com
503691,Sanjay Mishra,35.0,Marketing,Jaipur,,23.9,INACTIVE,PhD,20-02-2023,7.3,sanjay.mishra3691@company.com
501160,Rahul Thakur,32.0,MARKETING,,88924.3,26.9,INACTIVE,Masters,07/10/2019,7.5,rahul.thakur1160@company.com
501158,MEENA RASTOGI,41.0,Logistics,,119179.26,5.1,active,,06/11/2016,4.3,meena.rastogi1158@company.com
501996,Ritu Choudhary,25.0,IT,Mumbai,40905.7,26.5,active,PhD,06/04/2021,5.2,ritu.choudhary1996@company.com
500748,Vikram Rastogi,32.0,IT,,80998.33,15.1,active,PhD,11/04/2023,2.0,vikram.rastogi748@company.com
502866,Rohan Saxena,29.0,it, Delhi,,1.1,Inactive,Bachelors,24-10-2019,8.9,rohan.saxena2866@company.com
500243,Anjali Bansal,28.0,Sales,Pune,77282.08,3.9,Active,MASTERS,01/16/2025,4.9,anjali.bansal243@company.com
503615,Vijay Mishra,28.0,,Bengaluru,,33.3,INACTIVE,,06-01-2017,5.0,vijay.mishra3615@company.com
503647,Amit Goel,56.0,sales,Bengaluru,88626.63,21.4,Inactive,Bachelors,01/14/2023,,amit.goel3647@company.com
501300,Meena Mishra,42.0,Finance,Lucknow,125048.97,14.5,Inactive,,18/04/2019,9.2,meena.mishra1300@company.com
504061,Meena Agarwal,43.0,Support,Delhi,117645.72,8.7,Inactive,bachelors,2020-03-16,5.7,meena.agarwal4061@company.com
503736,Karan Khanna,47.0,sales,MUMBAI,73163.07,,active,Bachelors,03/05/2022,8.5,karan.khanna3736@company.com
501028,Rajesh Rastogi,47.0,it,Pune,40698.83,18.7,Inactive,PhD,05/16/2018,4.5,rajesh.rastogi1028@company.com
502433,Amit Ghosh,39.0,,Mumbai,-25956.37,7.3,Inactive,MASTERS,09-05-2022,4.1,amit.ghosh2433@company.com
502235,vikram bansal,36.0,Sales,Hyderabad,61988.98,28.9,Inactive,Diploma,2016-10-09,,vikram.bansal2235@company.com
503999,Vikram Yadav,36.0,Sales,,,3.6,INACTIVE,Diploma,2023-04-06,2.5,vikram.yadav3999@company.com
501307,manish bhatia,51.0,Sales,Ahmedabad,,17.0,Active,,09/11/2023,5.1,manish.bhatia1307@company.com
500792,Rohan Choudhary,48.0,,Kolkata,73182.09,24.6,On Leave,Diploma,09/16/2018,,rohan.choudhary792@company.com
502051,Anjali Nanda,45.0,Operations,Lucknow,62337.95,22.7,INACTIVE,,02/11/2022,2.4,anjali.nanda2051@company.com
503904,Gaurav Yadav,38.0,Support,,29022.97,3.9,Inactive,PhD,01/17/2024,1.2,gaurav.yadav3904@company.com
501884,Priya Chauhan,30.0,Marketing,Delhi,117113.7,27.3,Inactive,Diploma,2022-07-17,9.5,priya.chauhan1884@company.com
500021,Priya Bansal,44.0,Sales,MUMBAI,76807.42,12.5,INACTIVE,bachelors,2021-09-03,6.8,priya.bansal21@company.com
502241,  Rajesh Agarwal  ,48.0,Support,,138951.01,16.8,active,Masters,04/01/2024,7.0,rajesh.agarwal2241@company.com
502974,Suresh Choudhary,36.0,Support,Chennai,49469.62,31.0,INACTIVE,Masters,16/02/2025,,suresh.choudhary2974@company.com
503905,Deepak Yadav,33.0,HR,MUMBAI,33284.41,23.6,Inactive,PhD,19-07-2023,2.0,deepak.yadav3905@company.com
501000,Kavita Khanna,22.0,Marketing,Bengaluru,99556.6,19.4,,,01/04/2016,1.2,kavita.khanna1000@company.com
503367,KAVITA TRIVEDI,49.0,IT,Jaipur,80150.09,0.2,active,Bachelors,08/09/2023,9.3,kavita.trivedi3367@company.com
502566,Gaurav Yadav,29.0,Logistics,Hyderabad,71109.6,22.3,,MASTERS,2023-10-02,1.5,gaurav.yadav2566@company.com
500664,  Anjali Saxena  ,34.0,,,-83480.26,0.1,,Masters,26/12/2017,6.0,anjali.saxena664@company.com
501471,Sneha Ghosh,21.0,Support,Ahmedabad,106495.78,21.0,INACTIVE,Diploma,,7.9,sneha.ghosh1471@company.com
502326,shreya mishra,59.0,Operations,bengaluru,49208.35,8.3,,Bachelors,08-11-2023,4.8,shreya.mishra2326@company.com
500412,RAHUL GHOSH,42.0,MARKETING,Hyderabad,132767.09,7.3,,,04/10/2019,5.9,rahul.ghosh412@company.com
503431,ANJALI MISHRA,51.0,Support,MUMBAI,41705.39,32.0,active,Diploma,,5.7,anjali.mishra3431@company.com
504702,Gaurav Chauhan,31.0,Finance,Chennai ,34829.55,14.0,Inactive,PhD,20/11/2018,2.7,gaurav.chauhan4702@company.com
501294,Divya Yadav,49.0,Finance,,34500.06,12.5,,bachelors,08/02/2015,4.2,divya.yadav1294@company.com
503786,Divya Sinha,26.0,Logistics,Chennai,23067.78,8.5,active,MASTERS,14-01-2025,3.8,divya.sinha3786@company.com
502941,Sneha Bose,34.0,,Bengaluru,-56215.96,31.9,,bachelors,03/12/2022,5.9,sneha.bose2941@company.com
500392,Pooja Pandey,48.0,Support,Bengaluru,142963.31,9.0,Inactive,PhD,27-08-2015,5.4,pooja.pandey392@company.com
501027,Kavita Dixit,25.0,it,Bengaluru,,30.0,Inactive,,2025-06-19,,kavita.dixit1027@company.com
503389,Amit Pandey,53.0,Logistics,,22854.95,16.7,INACTIVE,Masters,13/03/2016,,amit.pandey3389@company.com
502227,Ashok Khanna,40.0,IT,Chennai ,79361.51,2.8,On Leave,Diploma,06/25/2018,,ashok.khanna2227@company.com
500866,Priya Pandey,55.0,Finance,Lucknow,49049.12,7.1,,bachelors,2021-05-27,5.0,priya.pandey866@company.com
501049,Anjali Choudhary,48.0,IT,Ahmedabad,,25.0,On Leave,,05/11/2023,8.0,anjali.choudhary1049@company.com
502946,Anjali Malik,33.0,HR,Hyderabad,116101.15,13.8,active,Masters,,5.3,anjali.malik2946@company.com
503046,Amit Rastogi,36.0,Finance,Delhi,54297.73,13.4,Active,MASTERS,2016-01-25,9.0,amit.rastogi3046@company.com
504613,Sneha Saxena,44.0,,Kolkata,74360.85,10.3,active,bachelors,05/11/2015,1.0,sneha.saxena4613@company.com
501655,Isha Dixit,25.0,MARKETING,,130220.82,11.3,Inactive,PhD,15/02/2023,9.4,isha.dixit1655@company.com
500591,Kavita Saxena,35.0,IT,Lucknow,81350.39,27.9,On Leave,MASTERS,04/05/2021,2.1,kavita.saxena591@company.com
502483,  Vikram Khanna  ,52.0,HR,Pune,36209.75,31.4,INACTIVE,Bachelors,09-05-2016,7.5,vikram.khanna2483@company.com
501376,Suresh Choudhary,28.0,,Lucknow,56717.85,24.3,active,PhD,2023-04-14,7.4,suresh.choudhary1376@company.com
501051,Nisha Thakur,32.0,Support,Hyderabad,120161.12,5.0,Active,Masters,2015-02-19,1.3,nisha.thakur1051@company.com
500343,Deepak Bansal,29.0,it,Mumbai,,17.8,active,Bachelors,2025-09-13,2.9,deepak.bansal343@company.com
504200,Priya Agarwal,24.0,sales,,39461.19,29.9,Inactive,,01/21/2023,,priya.agarwal4200@company.com
502285,Sneha Thakur,29.0,,,94128.34,0.4,active,PhD,04/16/2022,6.3,sneha.thakur2285@company.com
504507,Manish Choudhary,23.0,Operations,bengaluru,133227.85,19.1,INACTIVE,,2019-07-07,6.6,manish.choudhary4507@company.com
500449,Sanjay Bose,35.0,,,-51072.5,7.5,active,Diploma,10/05/2019,2.0,sanjay.bose449@company.com
503592,Ritu Rastogi,,,Jaipur,,12.2,INACTIVE,,21-10-2019,5.3,ritu.rastogi3592@company.com
503691,Sanjay Mishra,35.0,Marketing,Jaipur,,23.9,INACTIVE,PhD,20-02-2023,7.3,sanjay.mishra3691@company.com
502651,KAVITA SAXENA,59.0,IT,Pune,107079.69,25.0,On Leave,MASTERS,2015-01-06,5.2,kavita.saxena2651@company.com
503640,Gaurav Thakur,24.0,Marketing,Mumbai,93268.24,23.4,INACTIVE,,03/13/2023,2.8,gaurav.thakur3640@company.com
502587,Deepak Sinha,37.0,MARKETING,Bengaluru,92604.91,24.5,Active,PhD,14-11-2019,1.8,deepak.sinha2587@company.com
504895,Sanjay Nanda,50.0,Support,Pune,50818.36,15.8,,bachelors,08-12-2016,,sanjay.nanda4895@company.com
501990,Nisha Chauhan,56.0,sales,Hyderabad,32120.34,14.1,,Masters,02-11-2015,5.0,nisha.chauhan1990@company.com
504307,Sneha Saxena,,MARKETING,Ahmedabad,23056.47,31.4,INACTIVE,MASTERS,03/11/2025,4.3,sneha.saxena4307@company.com
501056,Preeti Sinha,41.0,Logistics,,78209.62,30.7,active,PhD,19-06-2025,6.8,preeti.sinha1056@company.com
502833,Priya Bansal,25.0,,Mumbai,100189.63,22.5,INACTIVE,PhD,2018-01-02,,priya.bansal2833@company.com
502144,Rohan Dixit,27.0,Support,,111890.45,2.6,INACTIVE,,05/10/2015,5.1,rohan.dixit2144@company.com
500567,Swati Malik,48.0,HR,bengaluru,142434.91,15.7,,,05-05-2022,1.1,swati.malik567@company.com
503778,Divya Ghosh,33.0,Finance,Hyderabad,105336.02,20.2,Active,,19/02/2018,9.1,divya.ghosh3778@company.com
504353,Divya Malik,35.0,,Bengaluru,113333.19,3.3,On Leave,bachelors,2022-04-09,9.6,divya.malik4353@company.com
500765,Rohan Dixit,46.0,,Chennai ,66010.86,1.4,Inactive,Bachelors,18/07/2023,2.5,rohan.dixit765@company.com
501050,Divya Khanna,37.0,HR,bengaluru,54000.26,18.3,Active,PhD,12/17/2025,1.3,divya.khanna1050@company.com
503620,Vijay Saxena,49.0,IT,Jaipur,,21.3,On Leave,MASTERS,2023-02-01,2.2,vijay.saxena3620@company.com
501618,Meena Rastogi,54.0,sales,Pune,120669.68,26.7,Inactive,Masters,,8.5,meena.rastogi1618@company.com
504872,Kavita Goel,54.0,MARKETING,Bengaluru,60551.95,18.6,,PhD,16-04-2019,7.6,kavita.goel4872@company.com
502556,Gaurav Bhatia,39.0,Operations,Jaipur,36094.81,20.0,Inactive,Diploma,22/08/2020,9.5,gaurav.bhatia2556@company.com
503217,Rajesh Rastogi,57.0,Support,Pune,53955.98,10.4,active,bachelors,02-09-2025,,rajesh.rastogi3217@company.com
504857,Sanjay Agarwal,44.0,Support,Chennai,113360.22,7.0,Inactive,,26-01-2020,,sanjay.agarwal4857@company.com
500154,Karan Dixit,42.0,Finance,Hyderabad,88739.62,33.9,INACTIVE,,05-08-2023,2.3,karan.dixit154@company.com
502704,Priya Agarwal,24.0,MARKETING,Ahmedabad,67311.03,32.7,,MASTERS,16/08/2023,1.5,priya.agarwal2704@company.com
503525,  Swati Ghosh  ,37.0,HR,Delhi,133123.23,19.5,On Leave,MASTERS,08/26/2024,5.4,swati.ghosh3525@company.com
503357,Shreya Agarwal,41.0,Finance,Jaipur,103061.78,20.7,Active,Diploma,04/23/2020,6.8,shreya.agarwal3357@company.com
504658,Rahul Sinha,40.0,Operations,,70587.83,,Inactive,Diploma,02/14/2020,3.3,rahul.sinha4658@company.com
501638,Anjali Chauhan,41.0,Marketing,Hyderabad,147599.76,24.5,On Leave,,2024-10-18,3.4,anjali.chauhan1638@company.com
504351,SANJAY THAKUR,26.0,sales,Mumbai,135604.91,33.9,Inactive,,06/02/2022,,sanjay.thakur4351@company.com
504459,SWATI BANSAL,30.0,Logistics,,54952.72,4.3,On Leave,Diploma,12-12-2023,3.2,swati.bansal4459@company.com
502953,Preeti Choudhary,48.0,Support,Lucknow,106429.85,24.7,On Leave,MASTERS,16-12-2022,5.3,preeti.choudhary2953@company.com
503841,Kavita Pandey,29.0,Logistics,,47112.12,30.1,Active,Masters,10-09-2018,8.3,kavita.pandey3841@company.com
504552,  Preeti Nanda  ,30.0,,,29213.13,31.7,On Leave,Masters,01/05/2020,6.3,preeti.nanda4552@company.com
502268,Divya Yadav,35.0,Marketing,Pune,107141.55,6.1,INACTIVE,,18-07-2020,8.5,divya.yadav2268@company.com
502954,Ashok Rastogi,49.0,sales,Lucknow,142059.03,26.7,Active,Masters,12/09/2020,9.9,ashok.rastogi2954@company.com
503462,swati saxena,38.0,IT,MUMBAI,92008.37,26.6,Active,Masters,11/07/2017,1.2,swati.saxena3462@company.com
500171,kavita nanda,28.0,Support,Hyderabad,,30.4,INACTIVE,bachelors,02/10/2021,3.6,kavita.nanda171@company.com
500114,SANJAY MALIK,45.0,it,,144592.38,2.0,INACTIVE,MASTERS,06/15/2022,3.5,sanjay.malik114@company.com
504621,Vikram Bose,53.0,IT, Delhi,82901.08,28.5,INACTIVE,MASTERS,12/22/2017,6.7,vikram.bose4621@company.com
503074,Rohan Sinha,41.0,Support,bengaluru,65286.66,2.4,,bachelors,2019-08-11,6.5,rohan.sinha3074@company.com
503253,Neha Sinha,51.0,Operations,Hyderabad,,25.5,INACTIVE,PhD,09/10/2015,9.0,neha.sinha3253@company.com
500278,Suresh Choudhary,49.0,MARKETING,,136749.76,8.5,INACTIVE,,03/16/2020,1.1,suresh.choudhary278@company.com
504380,Priya Nanda,56.0,Finance,Mumbai,94076.51,8.8,Active,MASTERS,2015-08-02,,priya.nanda4380@company.com
504212,Isha Thakur,28.0,Support,Ahmedabad,129292.15,23.6,active,Bachelors,12/03/2021,1.8,isha.thakur4212@company.com
503403,Kavita Chauhan,40.0,HR,Ahmedabad,148505.36,30.6,Inactive,,2025-01-07,2.0,kavita.chauhan3403@company.com
501128,Suresh Pandey,55.0,Finance,Jaipur,103905.48,21.1,,MASTERS,08/19/2017,8.4,suresh.pandey1128@company.com
503048,Nikhil Saxena,57.0,HR,Mumbai,41135.46,0.8,,MASTERS,2025-11-11,1.6,nikhil.saxena3048@company.com
500827,Nisha Nanda,57.0,HR,,72093.81,31.3,Inactive,Bachelors,2023-08-01,8.7,nisha.nanda827@company.com
504846,Vikram Choudhary,43.0,Finance,,128244.01,33.9,,bachelors,2022-11-13,6.9,vikram.choudhary4846@company.com
502761,Sanjay Yadav,40.0,HR,Lucknow,136524.36,28.6,,bachelors,13/06/2023,8.8,sanjay.yadav2761@company.com
503487,Rahul Bansal,23.0,sales,,112299.4,1.2,Inactive,MASTERS,03-01-2024,5.6,rahul.bansal3487@company.com
503372,Priya Yadav,25.0,IT, Delhi,,13.7,On Leave,Diploma,05/05/2025,5.4,priya.yadav3372@company.com
503996,Sneha Rastogi,49.0,HR,Jaipur,38002.81,33.8,Active,MASTERS,16/02/2021,7.7,sneha.rastogi3996@company.com
503413,SURESH BOSE,22.0,Logistics,bengaluru,138057.5,11.2,On Leave,bachelors,16-02-2020,9.4,suresh.bose3413@company.com
502457,Sneha Khanna,39.0,,,97967.03,,active,MASTERS,02/20/2019,8.5,sneha.khanna2457@company.com
502809,Amit Pandey,23.0,Finance,Bengaluru,23767.24,17.6,INACTIVE,,26-06-2022,6.5,amit.pandey2809@company.com
500349,Manish Khanna,40.0,Operations,bengaluru,115586.83,25.5,,PhD,14/03/2019,9.2,manish.khanna349@company.com
500365,Amit Agarwal,43.0,Operations,Delhi,27192.58,11.8,Inactive,,2022-06-13,2.4,amit.agarwal365@company.com
504687,Shreya Bansal,30.0,MARKETING,Jaipur,79311.06,,active,bachelors,12/04/2015,4.7,shreya.bansal4687@company.com
504950,Vikram Agarwal,21.0,it,Pune,93692.94,7.4,Active,Diploma,2017-02-16,9.4,vikram.agarwal4950@company.com
504370,Pooja Bose,25.0,,Jaipur,106017.04,,Inactive,Bachelors,08/07/2016,9.8,pooja.bose4370@company.com
503085,Ashok Rastogi,54.0,Marketing,bengaluru,36994.22,30.0,active,,08/23/2025,1.1,ashok.rastogi3085@company.com
504779,Sanjay Mishra,32.0,Finance,,139631.49,18.0,,,08/18/2023,6.8,sanjay.mishra4779@company.com
501243,Deepak Malik,47.0,MARKETING,,113217.05,1.2,,bachelors,01/12/2018,6.2,deepak.malik1243@company.com
503519,NISHA YADAV,46.0,MARKETING,,51952.8,9.5,,MASTERS,12/02/2018,5.6,nisha.yadav3519@company.com
500701,KARAN DIXIT,30.0,Sales,Chennai,42325.28,32.1,active,Diploma,2022-07-23,9.3,karan.dixit701@company.com
503178,shreya dixit,53.0,Sales,Kolkata,132566.39,33.6,active,,08/08/2023,8.3,shreya.dixit3178@company.com
502233,RAHUL PANDEY,31.0,Logistics,,30796.91,17.0,Inactive,Masters,04-10-2018,4.6,rahul.pandey2233@company.com
504818,Arjun Bhatia,23.0,Support,Lucknow,119830.55,24.3,Active,bachelors,15-03-2018,3.6,arjun.bhatia4818@company.com
501290,Suresh Goel,46.0,IT,,27086.34,0.7,INACTIVE,Masters,07/24/2023,1.1,suresh.goel1290@company.com
503055,Meena Yadav,51.0,it,bengaluru,115413.2,19.2,Inactive,bachelors,15-06-2016,9.6,meena.yadav3055@company.com
502386,Ashok Chauhan,22.0,Support,Kolkata,41273.88,10.0,Inactive,Bachelors,04/24/2018,8.7,ashok.chauhan2386@company.com
504133,isha nanda,54.0,,Ahmedabad,,2.0,Active,PhD,11/01/2024,8.8,isha.nanda4133@company.com
504051,Shreya Saxena,44.0,,,41808.05,22.8,INACTIVE,Bachelors,18-06-2018,2.0,shreya.saxena4051@company.com
500418,Amit Bansal,51.0,Marketing,Bengaluru,100054.48,7.5,Inactive,Masters,,8.8,amit.bansal418@company.com
501617,Pooja Trivedi,27.0,Operations,,,2.4,active,bachelors,2023-03-23,4.1,pooja.trivedi1617@company.com
503881,Sanjay Mishra,49.0,Sales, Delhi,20654.41,1.6,,Masters,01/15/2017,,sanjay.mishra3881@company.com
500193,gaurav yadav,58.0,it,,72172.96,33.2,On Leave,Diploma,07/23/2019,8.2,gaurav.yadav193@company.com
504819,Anjali Mishra,49.0,MARKETING,,115960.71,,Active,,18-04-2020,8.9,anjali.mishra4819@company.com
502991,amit dixit,44.0,,Chennai ,148758.34,12.8,INACTIVE,,10/22/2016,2.1,amit.dixit2991@company.com
503186,Ashok Dixit,55.0,Sales,,129645.81,23.8,INACTIVE,,,2.3,ashok.dixit3186@company.com
504013,Manish Thakur,36.0,Finance,Chennai,112023.32,,Inactive,Diploma,08/06/2024,5.1,manish.thakur4013@company.com
502022,Sneha Yadav,23.0,Logistics,Hyderabad,74029.28,2.0,On Leave,Diploma,2015-09-17,8.7,sneha.yadav2022@company.com
502260,Isha Trivedi,29.0,Finance,Mumbai,23565.58,32.3,active,,13-04-2020,3.1,isha.trivedi2260@company.com
500249,Gaurav Dixit,23.0,Sales,MUMBAI,140010.4,28.8,active,Bachelors,2025-11-01,3.1,gaurav.dixit249@company.com
500896,vijay agarwal,47.0,MARKETING,Bengaluru,21009.62,18.3,On Leave,Masters,2023-09-03,2.5,vijay.agarwal896@company.com
500215,Rohan Choudhary,37.0,Operations,Bengaluru,73369.42,15.5,Inactive,Diploma,06-04-2017,1.9,rohan.choudhary215@company.com
500909,Rajesh Pandey,43.0,,Lucknow,50711.54,17.9,On Leave,PhD,04/10/2017,2.7,rajesh.pandey909@company.com
501493,Vijay Dixit,40.0,MARKETING,Chennai,27983.71,34.2,Inactive,,,2.7,vijay.dixit1493@company.com
502826,Swati Khanna,51.0,IT, Delhi,99167.53,25.6,Inactive,Diploma,19-09-2015,,swati.khanna2826@company.com
501458,Nisha Saxena,43.0,HR, Delhi,,22.1,active,Bachelors,08/07/2020,,nisha.saxena1458@company.com
502865,Pooja Bose,49.0,IT,Delhi,92460.15,11.4,On Leave,bachelors,26/11/2020,9.5,pooja.bose2865@company.com
503944,Rahul Pandey,50.0,Marketing,MUMBAI,65825.85,30.0,INACTIVE,,05/07/2025,2.4,rahul.pandey3944@company.com
504392,Vijay Bose,42.0,HR,Pune,113194.03,15.2,Inactive,Bachelors,,5.8,vijay.bose4392@company.com
500019,Rahul Thakur,39.0,Support,Hyderabad,,,active,,24/05/2015,4.3,rahul.thakur19@company.com
504017,priya sinha,55.0,Sales,Chennai ,124365.3,9.3,,,01/27/2023,2.3,priya.sinha4017@company.com
503704,suresh khanna,39.0,sales,Lucknow,61651.92,0.6,INACTIVE,Bachelors,2024-01-20,3.9,suresh.khanna3704@company.com
500646,ANJALI BOSE,50.0,Marketing,,39572.49,30.1,active,bachelors,2018-09-11,,anjali.bose646@company.com
503344,Vijay Ghosh,47.0,,Delhi,94659.34,4.7,On Leave,Diploma,03/14/2021,9.9,vijay.ghosh3344@company.com
504933,Deepak Khanna,22.0,it,Pune,110444.51,7.7,active,Masters,03/12/2021,9.7,deepak.khanna4933@company.com
501295,Sneha Rastogi,25.0,HR,Bengaluru,113448.23,29.1,,,06/01/2018,3.6,sneha.rastogi1295@company.com
501018,Nikhil Saxena,48.0,Logistics,Pune,59994.13,9.9,Inactive,,11-01-2021,,nikhil.saxena1018@company.com
500571,Meena Chauhan,57.0,Logistics,Chennai ,46098.25,6.4,INACTIVE,Masters,20/07/2024,5.7,meena.chauhan571@company.com
501943,Shreya Ghosh,35.0,Finance,,69522.63,21.8,Inactive,bachelors,27-12-2016,1.1,shreya.ghosh1943@company.com
503149,Suresh Bansal,24.0,Support,Mumbai,67853.67,19.8,Active,bachelors,10/24/2016,8.1,suresh.bansal3149@company.com
502981,Kavita Choudhary,51.0,Logistics,Kolkata,99304.59,21.1,On Leave,,2017-03-11,3.8,kavita.choudhary2981@company.com
504482,Ritu Thakur,39.0,HR,Kolkata,96227.5,17.1,Active,PhD,2025-08-13,2.3,ritu.thakur4482@company.com
504020,Gaurav Sinha,50.0,Logistics,Chennai,145999.48,9.2,active,,2018-09-20,3.8,gaurav.sinha4020@company.com
501369,Meena Malik,39.0,Logistics,Pune,41652.99,28.0,active,Diploma,18/11/2021,2.7,meena.malik1369@company.com
504954,Sanjay Malik,59.0,Logistics,Mumbai,57363.16,1.7,,,15-02-2016,3.6,sanjay.malik4954@company.com
504243,Neha Ghosh,35.0,Sales,Bengaluru,47716.66,14.6,active,PhD,09/05/2016,5.4,neha.ghosh4243@company.com
504029,Suresh Khanna,46.0,Support,,51813.57,23.1,,Bachelors,2024-10-07,6.2,suresh.khanna4029@company.com
502830,Sanjay Mishra,57.0,,Chennai,121215.3,1.8,,,21/05/2015,9.7,sanjay.mishra2830@company.com
503617,Preeti Thakur,58.0,HR,Kolkata,74866.83,9.1,,PhD,09/10/2024,8.1,preeti.thakur3617@company.com
503527,Sanjay Choudhary,42.0,MARKETING,,125528.0,31.7,active,,20-09-2023,,sanjay.choudhary3527@company.com
504342,Isha Bansal,47.0,,Lucknow,55017.37,21.1,On Leave,MASTERS,2016-12-12,8.4,isha.bansal4342@company.com
500056,Vikram Chauhan,43.0,,Kolkata,92219.49,24.1,INACTIVE,PhD,06/02/2015,7.0,vikram.chauhan56@company.com
501715,Neha Trivedi,51.0,Operations,Kolkata,34780.09,7.4,,,08/14/2022,7.3,neha.trivedi1715@company.com
502174,SHREYA RASTOGI,30.0,it,Lucknow,139403.74,9.8,On Leave,,2021-05-20,7.6,shreya.rastogi2174@company.com
500508,Nisha Chauhan,36.0,,Bengaluru,20587.68,12.7,INACTIVE,PhD,21/02/2021,1.2,nisha.chauhan508@company.com
501591,Ashok Agarwal,28.0,,Bengaluru,61477.86,17.8,active,,25/04/2021,3.0,ashok.agarwal1591@company.com
503971,Sneha Bhatia,38.0,Logistics,Pune,81198.3,11.0,Inactive,,04/25/2017,6.3,sneha.bhatia3971@company.com
503327,amit dixit,49.0,MARKETING,bengaluru,31679.05,32.0,,,12/04/2018,5.8,amit.dixit3327@company.com
500222,Vijay Yadav,45.0,it,MUMBAI,138872.8,7.2,Inactive,,2015-12-06,6.6,vijay.yadav222@company.com
504153,Suresh Khanna,48.0,,,121223.27,27.4,Active,PhD,18-12-2019,,suresh.khanna4153@company.com
502795,Gaurav Rastogi,37.0,,Chennai ,114439.34,17.7,Inactive,Diploma,19-06-2025,9.9,gaurav.rastogi2795@company.com
503692,Preeti Dixit,52.0,Operations,,48179.41,19.4,On Leave,Bachelors,13/06/2015,5.0,preeti.dixit3692@company.com
501446,Ritu Rastogi,59.0,MARKETING,MUMBAI,,8.1,Active,MASTERS,02-04-2021,7.6,ritu.rastogi1446@company.com
500289,Ritu Malik,30.0,MARKETING,Kolkata,38282.11,24.5,,Bachelors,08/08/2017,8.8,ritu.malik289@company.com
503709,Sneha Malik,54.0,MARKETING,Lucknow,47943.93,10.2,active,PhD,16/08/2022,,sneha.malik3709@company.com
503169,Gaurav Bhatia,34.0,HR,Jaipur,50548.63,33.1,Active,PhD,19/03/2018,6.2,gaurav.bhatia3169@company.com
500288,GAURAV MISHRA,49.0,,Hyderabad,146815.86,33.8,Active,bachelors,15/05/2024,3.8,gaurav.mishra288@company.com
501260,Anjali Bhatia,59.0,Sales,Chennai,,20.4,Active,PhD,05-06-2016,,anjali.bhatia1260@company.com
504124,AMIT NANDA,32.0,,Chennai ,90825.11,28.6,Active,,16/07/2021,9.9,amit.nanda4124@company.com
500602,Simran Rastogi,33.0,,Hyderabad,53288.78,16.7,Active,MASTERS,07/05/2025,5.0,simran.rastogi602@company.com
500134,Ritu Trivedi,28.0,Sales,Chennai ,126177.1,26.1,active,Bachelors,02/17/2021,5.8,
500805,Karan Dixit,31.0,Sales,,144199.7,,,,2022-02-14,7.3,karan.dixit805@company.com
503213,Sneha Agarwal,46.0,Operations,Hyderabad,69220.76,2.4,On Leave,Masters,09/16/2019,6.3,sneha.agarwal3213@company.com
502087,  Karan Nanda  ,34.0,Support,Hyderabad,145465.07,32.1,active,MASTERS,20-08-2025,6.1,karan.nanda2087@company.com
502369,Gaurav Bhatia,23.0,it,Kolkata,100297.39,20.3,INACTIVE,,06/11/2021,,gaurav.bhatia2369@company.com
503921,ashok trivedi,28.0,it,Mumbai,118796.83,30.7,Inactive,,24-01-2021,5.6,ashok.trivedi3921@company.com
502390,  Sneha Ghosh  ,59.0,HR,Bengaluru,148681.93,11.3,INACTIVE,,2024-03-17,4.9,sneha.ghosh2390@company.com
504253,Pooja Khanna,53.0,Support, Delhi,144604.34,0.9,INACTIVE,PhD,14/11/2023,9.1,pooja.khanna4253@company.com
500338,Rohan Bhatia,47.0,Operations,Ahmedabad,135422.46,27.7,On Leave,PhD,04/03/2017,6.1,rohan.bhatia338@company.com
504373,Amit Bhatia,24.0,IT,Ahmedabad,56021.68,3.9,active,Bachelors,2020-02-25,8.5,amit.bhatia4373@company.com
501081,Isha Khanna,25.0,Sales,Mumbai,31479.11,21.0,INACTIVE,MASTERS,25-11-2019,9.0,isha.khanna1081@company.com
504159,Ashok Ghosh,42.0,Support,,53425.1,32.5,Inactive,Bachelors,18-09-2017,5.7,ashok.ghosh4159@company.com
500434,Rahul Ghosh,30.0,Marketing,Kolkata,133467.33,6.6,Inactive,Bachelors,02/26/2024,6.9,rahul.ghosh434@company.com
502462,Amit Yadav,,it,Jaipur,110082.39,27.8,Active,,24/03/2017,9.5,amit.yadav2462@company.com
502964,ANJALI SAXENA,31.0,Marketing,MUMBAI,91039.22,,On Leave,,05/17/2016,7.9,anjali.saxena2964@company.com
502838,Meena Yadav,34.0,Logistics, Delhi,98913.78,14.1,INACTIVE,PhD,14-12-2019,9.9,meena.yadav2838@company.com
501839,nisha sinha,29.0,HR,MUMBAI,34013.53,20.2,INACTIVE,MASTERS,03/04/2017,3.5,nisha.sinha1839@company.com
504432,RAHUL DIXIT,31.0,HR,Lucknow,75355.18,7.6,Inactive,MASTERS,17/08/2017,8.0,rahul.dixit4432@company.com
500376,Rahul Chauhan,47.0,Marketing,,51539.74,19.7,active,bachelors,2021-04-10,5.6,rahul.chauhan376@company.com
502751,Swati Khanna,32.0,Sales,bengaluru,91785.17,16.6,Inactive,Diploma,01/01/2020,2.9,swati.khanna2751@company.com
503320,Sneha Bhatia,48.0,Sales,Lucknow,47690.75,34.3,active,bachelors,20/02/2021,6.2,sneha.bhatia3320@company.com
500969,Vikram Rastogi,56.0,sales,Chennai,51907.63,17.9,,PhD,17-04-2015,3.4,vikram.rastogi969@company.com
503108,arjun chauhan,54.0,,Bengaluru,68982.61,15.0,On Leave,bachelors,2018-05-11,6.8,arjun.chauhan3108@company.com
500723,  Vikram Bansal  ,58.0,Support,Chennai,69693.54,28.4,On Leave,PhD,06/15/2018,6.3,vikram.bansal723@company.com
500752,Arjun Ghosh,48.0,MARKETING,,128703.66,9.1,active,,11-03-2020,6.4,arjun.ghosh752@company.com
502392,Divya Khanna,36.0,,Chennai,40384.44,,Inactive,Masters,16-02-2018,5.3,divya.khanna2392@company.com
504473,Pooja Malik,40.0,Operations,Jaipur,50732.5,11.4,active,,2017-06-02,5.4,pooja.malik4473@company.com
500070,NISHA NANDA,59.0,it,bengaluru,84840.61,14.1,On Leave,Bachelors,03-09-2015,3.4,nisha.nanda70@company.com
503697,Kavita Mishra,56.0,it,Lucknow,103758.78,10.4,active,Bachelors,2022-01-18,7.4,kavita.mishra3697@company.com
503185,divya nanda,26.0,MARKETING,,29437.69,33.1,active,,06/20/2019,2.6,divya.nanda3185@company.com
501121,ROHAN CHOUDHARY,46.0,Finance,Chennai ,20307.07,8.0,On Leave,PhD,2019-05-23,,rohan.choudhary1121@company.com
501037,  Karan Sinha  ,23.0,Operations,,96236.17,26.6,,,05-11-2019,6.9,karan.sinha1037@company.com
503497,Manish Trivedi,24.0,Finance,Delhi,111527.5,26.5,active,PhD,,4.9,manish.trivedi3497@company.com
501470,Vikram Thakur,43.0,MARKETING,Chennai,71219.77,12.4,active,Masters,19-11-2018,5.8,vikram.thakur1470@company.com
501340,Manish Bansal,36.0,MARKETING,Lucknow,121376.82,1.4,On Leave,,2024-11-12,7.5,manish.bansal1340@company.com
501704,Kavita Malik,48.0,MARKETING,bengaluru,114906.74,13.8,On Leave,,2018-01-24,4.4,kavita.malik1704@company.com
501421,Divya Dixit,38.0,it,Bengaluru,32563.0,32.5,Active,PhD,11/12/2024,5.4,divya.dixit1421@company.com
503511,ANJALI CHAUHAN,53.0,Support,Chennai ,140501.23,17.5,Active,Masters,2023-07-08,4.4,anjali.chauhan3511@company.com
503778,Divya Ghosh,33.0,Finance,Hyderabad,105336.02,20.2,Active,,19/02/2018,9.1,divya.ghosh3778@company.com
503601,Sneha Nanda,36.0,IT,,141016.62,34.6,,,25-09-2025,3.8,sneha.nanda3601@company.com
504480,Nisha Bhatia,58.0,HR,,,10.8,On Leave,PhD,2021-06-11,3.7,nisha.bhatia4480@company.com
501333,Priya Choudhary,58.0,Logistics,Ahmedabad,113046.82,2.5,active,MASTERS,01/01/2025,5.8,priya.choudhary1333@company.com
500992,Manish Malik,56.0,sales,Bengaluru,138273.25,29.6,active,Diploma,2016-01-24,6.3,manish.malik992@company.com
501532,Preeti Thakur,34.0,MARKETING,,144291.91,33.5,active,,23/08/2017,6.3,preeti.thakur1532@company.com
504630,Arjun Khanna,24.0,it,Chennai ,42475.09,12.6,INACTIVE,,05/06/2018,4.5,arjun.khanna4630@company.com
502789,Karan Chauhan,30.0,,Lucknow,70339.49,32.6,Inactive,Bachelors,12/23/2016,4.0,karan.chauhan2789@company.com
502225,NEHA AGARWAL,50.0,Support,Bengaluru,122817.31,21.5,Active,bachelors,2024-12-18,,neha.agarwal2225@company.com
503603,Vijay Goel,49.0,MARKETING,,90458.37,29.6,Inactive,Masters,15-11-2023,2.0,vijay.goel3603@company.com
500697,Ritu Bhatia,51.0,IT,Chennai ,134388.33,16.4,Inactive,Masters,2022-06-06,6.8,ritu.bhatia697@company.com
501233,Anjali Chauhan,31.0,Support,Chennai,25671.04,4.3,Active,Diploma,2015-01-06,3.3,anjali.chauhan1233@company.com
504997,ISHA THAKUR,40.0,,Kolkata,58370.14,8.6,On Leave,PhD,2024-07-11,4.2,isha.thakur4997@company.com
504970,Nisha Nanda,58.0,Operations,Mumbai,76851.4,11.8,active,Masters,21/07/2025,,nisha.nanda4970@company.com
503650,Ashok Bansal,44.0,MARKETING,Ahmedabad,23314.34,,active,Bachelors,08/07/2020,6.7,ashok.bansal3650@company.com
503819,Suresh Khanna,48.0,,Lucknow,41152.92,27.3,active,PhD,03/10/2022,,suresh.khanna3819@company.com
501085,Amit Choudhary,44.0,Operations,bengaluru,99455.87,6.8,active,Masters,2015-04-23,6.1,amit.choudhary1085@company.com
501494,Vijay Khanna,44.0,,Kolkata,27389.69,33.2,On Leave,,26/04/2023,9.5,vijay.khanna1494@company.com
502414,Arjun Rastogi,58.0,MARKETING,bengaluru,47751.91,0.0,,PhD,12/08/2022,9.0,arjun.rastogi2414@company.com
504534,  Simran Thakur  ,29.0,Marketing,Pune,112604.84,13.9,On Leave,Diploma,17/05/2020,9.3,simran.thakur4534@company.com
500705,Isha Nanda,46.0,it,Pune,76615.03,22.6,Active,Bachelors,10/18/2017,4.4,isha.nanda705@company.com
501600,Ritu Choudhary,28.0,,Chennai ,121749.59,13.3,On Leave,PhD,08/17/2019,5.7,ritu.choudhary1600@company.com
502365,Anjali Yadav,36.0,Sales,Ahmedabad,29717.51,,Inactive,MASTERS,03/01/2023,7.1,anjali.yadav2365@company.com
504195,Vikram Saxena,23.0,Support,Chennai ,105077.58,9.0,Active,Masters,07/18/2017,6.9,vikram.saxena4195@company.com
500876,Kavita Mishra,22.0,,MUMBAI,24028.7,7.9,On Leave,MASTERS,2022-03-21,1.3,kavita.mishra876@company.com
504050,Gaurav Choudhary,43.0,Operations,Chennai,98100.76,15.8,Inactive,,02/05/2025,1.3,gaurav.choudhary4050@company.com
503621,Nikhil Mishra,37.0,sales,Mumbai,28376.44,27.0,Active,Bachelors,,4.0,nikhil.mishra3621@company.com
500216,Divya Bose,57.0,IT,Chennai ,40641.59,15.4,On Leave,Diploma,21-12-2022,1.6,divya.bose216@company.com
504776,anjali malik,57.0,MARKETING, Delhi,33398.76,4.3,active,PhD,2025-10-05,,
503070,Arjun Bhatia,48.0,IT, Delhi,37079.98,9.2,,,17/01/2024,2.4,arjun.bhatia3070@company.com
501780,Preeti Thakur,24.0,,bengaluru,92053.2,23.1,Active,bachelors,26/11/2023,9.6,preeti.thakur1780@company.com
504165,Isha Agarwal,21.0,Support,Pune,94514.11,19.6,active,Diploma,11/06/2024,,isha.agarwal4165@company.com
501631,Pooja Khanna,31.0,Sales,Lucknow,113292.01,30.3,active,Masters,01/24/2015,8.5,pooja.khanna1631@company.com
503743,Sneha Khanna,57.0,Logistics,,33596.89,34.2,Active,,2023-10-10,3.6,sneha.khanna3743@company.com
504327,manish yadav,,Sales,Pune,43582.02,,Active,MASTERS,2021-05-10,,manish.yadav4327@company.com
504731,Ritu Saxena,22.0,sales,bengaluru,,3.6,active,MASTERS,27/09/2019,9.8,ritu.saxena4731@company.com
503343,Priya Sinha,30.0,,,85897.76,10.1,Active,,23-11-2021,1.7,priya.sinha3343@company.com
503008,MANISH RASTOGI,54.0,Sales,Bengaluru,81964.31,31.1,Active,MASTERS,2023-09-09,4.3,manish.rastogi3008@company.com
504007,  Priya Goel  ,53.0,Operations,Chennai,32023.29,22.0,active,Masters,2021-07-04,2.6,priya.goel4007@company.com
501435,Sanjay Nanda,58.0,MARKETING,Lucknow,50194.2,29.1,Inactive,Diploma,05/12/2022,4.4,sanjay.nanda1435@company.com
501725,POOJA PANDEY,,,bengaluru,122133.23,8.4,Active,Bachelors,04/18/2016,1.8,pooja.pandey1725@company.com
502947,Priya Thakur,28.0,HR,bengaluru,21985.83,,INACTIVE,MASTERS,2024-04-10,3.2,priya.thakur2947@company.com
501732,Nisha Goel,23.0,IT,Kolkata,,26.0,active,bachelors,09-02-2019,5.1,nisha.goel1732@company.com
500621,Arjun Sinha,27.0,Finance,,119587.17,24.9,INACTIVE,bachelors,03/11/2016,1.6,arjun.sinha621@company.com
503265,Ritu Trivedi,35.0,Sales,Delhi,79893.31,11.7,Inactive,PhD,15/08/2022,3.3,ritu.trivedi3265@company.com
502156,Preeti Thakur,49.0,,Lucknow,141172.57,0.9,INACTIVE,Masters,,6.7,preeti.thakur2156@company.com
503042,vijay yadav,23.0,IT, Delhi,128058.83,5.7,INACTIVE,PhD,23/03/2025,2.1,vijay.yadav3042@company.com
503133,Arjun Chauhan,57.0,,Mumbai,120734.97,33.1,,Diploma,2019-03-10,2.7,arjun.chauhan3133@company.com
504946,Amit Choudhary,22.0,Sales,Jaipur,104762.37,1.1,Inactive,,27-10-2024,6.5,amit.choudhary4946@company.com
503577,Rajesh Goel,39.0,,Delhi,28424.64,24.4,INACTIVE,Diploma,03/12/2020,7.9,rajesh.goel3577@company.com
503404,Vikram Pandey,54.0,IT,MUMBAI,90625.53,18.0,INACTIVE,Masters,09/12/2015,,vikram.pandey3404@company.com
504840,MANISH THAKUR,32.0,it,Mumbai,105564.81,3.2,INACTIVE,,17/03/2023,3.7,manish.thakur4840@company.com
503057,Rajesh Sinha,22.0,,Delhi,23406.81,,active,MASTERS,06/12/2021,5.5,rajesh.sinha3057@company.com
502176,  Vikram Goel  ,46.0,,Bengaluru,125883.23,25.8,Inactive,MASTERS,04/08/2017,6.4,vikram.goel2176@company.com
500726,Deepak Rastogi,39.0,,Chennai ,24254.08,22.7,On Leave,,02/19/2025,5.0,deepak.rastogi726@company.com
503982,NIKHIL CHOUDHARY,30.0,IT,Chennai ,125343.89,20.4,Inactive,,15/11/2023,2.8,nikhil.choudhary3982@company.com
504378,Pooja Bose,24.0,Support,Chennai,37904.38,27.0,Active,,26/09/2016,4.5,pooja.bose4378@company.com
500073,Karan Yadav,23.0,HR,Chennai ,20650.34,18.6,,Masters,07/09/2020,7.1,karan.yadav73@company.com
504833,Swati Chauhan,58.0,HR,,114926.22,15.8,active,MASTERS,2024-07-13,4.7,swati.chauhan4833@company.com
501589,Vijay Bansal,44.0,Support,,38534.13,2.7,Active,PhD,2022-03-15,4.4,vijay.bansal1589@company.com
503014,Karan Trivedi,53.0,sales,bengaluru,,33.4,Inactive,PhD,14-12-2015,4.8,karan.trivedi3014@company.com
504743,SHREYA MISHRA,51.0,it,Mumbai,112199.27,,active,,02/18/2016,9.5,shreya.mishra4743@company.com
503473,Divya Thakur,26.0,it,MUMBAI,30252.9,18.6,Inactive,Diploma,14/04/2025,4.8,divya.thakur3473@company.com
504588,Anjali Yadav,,MARKETING,Jaipur,127593.31,17.2,Inactive,,03-11-2019,,anjali.yadav4588@company.com
503059,Rajesh Bhatia,21.0,Logistics,Bengaluru,100543.06,,On Leave,,2022-03-02,5.4,rajesh.bhatia3059@company.com
501543,Divya Bhatia,30.0,MARKETING,,143312.97,24.9,Active,,04/08/2017,7.3,divya.bhatia1543@company.com
502817,Sanjay Mishra,55.0,Marketing,Mumbai,55474.34,7.0,INACTIVE,PhD,01/10/2019,10.0,sanjay.mishra2817@company.com
504945,Priya Choudhary,48.0,,MUMBAI,145811.8,26.6,On Leave,bachelors,2021-07-01,1.1,priya.choudhary4945@company.com
501622,SNEHA BHATIA,40.0,Finance,,34090.47,5.2,active,Masters,12/11/2019,3.7,sneha.bhatia1622@company.com
504520,rajesh bansal,31.0,Logistics,bengaluru,144914.25,20.6,INACTIVE,bachelors,07/17/2023,6.6,rajesh.bansal4520@company.com
502997,Pooja Dixit,52.0,Logistics,Pune,42430.62,4.3,Active,bachelors,2022-11-24,7.2,pooja.dixit2997@company.com
500704,Sneha Chauhan,58.0,Support,bengaluru,74966.96,2.0,INACTIVE,bachelors,11-01-2017,7.7,sneha.chauhan704@company.com
501920,Neha Mishra,42.0,Marketing,Hyderabad,29792.32,13.3,active,Bachelors,10/17/2015,,neha.mishra1920@company.com
504288,Nikhil Trivedi,23.0,Support,Ahmedabad,47332.61,29.3,Inactive,PhD,12-05-2023,4.0,nikhil.trivedi4288@company.com
504113,Gaurav Sinha,35.0,,Chennai,71612.99,11.1,Active,Bachelors,2024-10-02,1.3,gaurav.sinha4113@company.com
501966,Simran Dixit,59.0,Support,Kolkata,24709.74,16.5,INACTIVE,PhD,27-04-2021,,simran.dixit1966@company.com
502162,AMIT DIXIT,51.0,it,Pune,28547.45,11.9,On Leave,PhD,26/07/2025,,amit.dixit2162@company.com
500284,Simran Agarwal,21.0,Marketing,,146998.26,13.5,INACTIVE,,04-06-2023,3.2,simran.agarwal284@company.com
504648,AMIT DIXIT,44.0,HR,Ahmedabad,85331.74,5.4,,,09/10/2025,2.9,amit.dixit4648@company.com
502094,Arjun Trivedi,34.0,,Kolkata,145545.65,30.1,On Leave,,2017-04-22,2.1,arjun.trivedi2094@company.com
503234,Preeti Ghosh,,,bengaluru,54546.39,15.1,,,09/08/2016,9.4,preeti.ghosh3234@company.com
502884,Rajesh Bose,32.0,Finance,Ahmedabad,142756.17,24.1,Active,bachelors,12/13/2023,5.1,rajesh.bose2884@company.com
502381,Nikhil Mishra,51.0,IT,,124870.08,26.0,active,bachelors,03/12/2019,,nikhil.mishra2381@company.com
504965,Manish Bansal,25.0,MARKETING,,126177.36,26.4,Active,Masters,05/18/2022,,manish.bansal4965@company.com
504823,Nisha Agarwal,49.0,, Delhi,,9.0,Active,bachelors,07/01/2024,4.9,nisha.agarwal4823@company.com
504953,RITU THAKUR,36.0,Marketing,Mumbai,100913.76,17.2,On Leave,Diploma,08/25/2017,7.8,ritu.thakur4953@company.com
501666,Kavita Pandey,26.0,sales,Chennai ,41664.14,11.1,On Leave,,2021-11-17,4.3,kavita.pandey1666@company.com
504089,Priya Saxena,34.0,Finance,Pune,75508.4,12.1,Active,,10-01-2020,2.9,priya.saxena4089@company.com
503446,Suresh Rastogi,47.0,Support,,129028.54,19.7,INACTIVE,Diploma,05/07/2024,9.3,suresh.rastogi3446@company.com
500334,Ritu Rastogi,36.0,sales, Delhi,60715.61,13.1,active,MASTERS,12/12/2023,8.6,ritu.rastogi334@company.com
500987,Sneha Nanda,35.0,Logistics,Delhi,,25.7,,bachelors,02/05/2023,1.6,sneha.nanda987@company.com
503788,Vijay Dixit,42.0,Logistics,Hyderabad,125156.12,32.4,INACTIVE,Masters,11/01/2023,2.1,vijay.dixit3788@company.com
504863,Neha Bhatia,59.0,Logistics,Lucknow,106131.21,18.4,On Leave,PhD,07/09/2017,3.0,neha.bhatia4863@company.com
503838,Kavita Sinha,45.0,Logistics,Kolkata,93832.76,15.4,Inactive,Diploma,03-11-2025,8.6,kavita.sinha3838@company.com
503803,Suresh Ghosh,47.0,Marketing,Hyderabad,53560.77,6.9,Active,PhD,,1.8,suresh.ghosh3803@company.com
502256,Anjali Dixit,55.0,Support,Mumbai,74333.01,2.2,Inactive,Bachelors,25-05-2017,6.9,anjali.dixit2256@company.com
500751,  Suresh Thakur  ,41.0,Finance,,29465.47,18.3,,MASTERS,2025-07-10,4.9,suresh.thakur751@company.com
502243,RITU NANDA,56.0,Marketing,Chennai,33037.44,29.5,On Leave,Masters,2025-02-20,3.8,ritu.nanda2243@company.com
500279,Gaurav Saxena,52.0,Sales,Hyderabad,146476.3,33.4,INACTIVE,,2025-12-04,1.3,gaurav.saxena279@company.com
500851,Preeti Khanna,46.0,Marketing,Delhi,92037.29,0.9,,,2019-06-12,2.3,preeti.khanna851@company.com
501283,Amit Malik,33.0,Logistics,Pune,25184.96,34.5,INACTIVE,MASTERS,2019-07-01,3.0,amit.malik1283@company.com
502333,RAJESH PANDEY,58.0,Support,MUMBAI,35680.99,22.6,active,Masters,,5.9,rajesh.pandey2333@company.com
500720,Pooja Rastogi,55.0,,Hyderabad,31480.99,24.6,Inactive,Masters,05/07/2024,8.0,pooja.rastogi720@company.com
503924,Nisha Trivedi,49.0,Logistics,Kolkata,,18.5,,bachelors,08/08/2023,,nisha.trivedi3924@company.com
503032,Sanjay Nanda,24.0,Support, Delhi,97478.71,28.9,Active,Bachelors,04/16/2023,7.8,sanjay.nanda3032@company.com
503548,Sanjay Yadav,26.0,HR,Pune,58733.75,0.1,,Diploma,09/04/2025,,sanjay.yadav3548@company.com
500175,Karan Mishra,30.0,IT,Chennai ,56841.58,34.9,INACTIVE,PhD,10/12/2020,5.0,karan.mishra175@company.com
500576,Sneha Chauhan,44.0,IT,bengaluru,44544.65,12.5,Inactive,Diploma,12/26/2015,8.6,sneha.chauhan576@company.com
502172,MANISH PANDEY,58.0,Operations,Hyderabad,36777.33,23.2,active,Bachelors,08/21/2021,7.1,manish.pandey2172@company.com
504402,Pooja Pandey,24.0,MARKETING,,87206.25,3.8,active,bachelors,07/02/2015,1.8,pooja.pandey4402@company.com
503688,Anjali Mishra,27.0,Operations,Kolkata,86658.38,31.2,Active,bachelors,03-11-2018,8.1,anjali.mishra3688@company.com
503092,Anjali Agarwal,52.0,Support,,80021.42,27.7,On Leave,PhD,2016-07-03,6.6,anjali.agarwal3092@company.com
503043,Karan Nanda,31.0,Sales,Ahmedabad,102142.53,1.2,active,PhD,,,karan.nanda3043@company.com
500234,Priya Goel,52.0,Sales,,113321.35,13.2,On Leave,Bachelors,04/19/2019,9.2,priya.goel234@company.com
501594,Sanjay Saxena,42.0,Finance,,36194.57,17.4,On Leave,bachelors,09-12-2015,5.0,sanjay.saxena1594@company.com
501663,Gaurav Thakur,35.0,Sales,Ahmedabad,-62025.31,26.6,,,09/19/2019,3.5,gaurav.thakur1663@company.com
503420,Nikhil Yadav,56.0,Operations,Mumbai,127725.97,24.1,On Leave,PhD,26/06/2016,9.5,nikhil.yadav3420@company.com
500619,Ritu Yadav,42.0,HR,MUMBAI,29763.85,28.6,On Leave,Masters,04/06/2017,,ritu.yadav619@company.com
502305,Rohan Malik,29.0,MARKETING, Delhi,117697.12,21.4,Active,PhD,07/17/2023,5.9,rohan.malik2305@company.com
502297,Nikhil Bansal,,,Ahmedabad,88644.03,6.0,On Leave,PhD,12-06-2021,5.4,nikhil.bansal2297@company.com
501503,Nikhil Khanna,50.0,,MUMBAI,34534.23,4.1,Active,,24-07-2023,8.4,nikhil.khanna1503@company.com
504571,Neha Chauhan,30.0,Operations,bengaluru,146467.25,31.9,active,,02/07/2020,,neha.chauhan4571@company.com
501058,Neha Agarwal,53.0,,,102839.08,22.0,Inactive,MASTERS,03/02/2022,1.5,neha.agarwal1058@company.com
501047,Anjali Bhatia,35.0,IT,,,13.7,Active,Bachelors,09/09/2022,8.1,anjali.bhatia1047@company.com
504193,Rahul Malik,56.0,MARKETING,Delhi,142507.38,18.0,,bachelors,04/03/2025,5.0,rahul.malik4193@company.com
500787,Nisha Yadav,44.0,Operations,Mumbai,,,INACTIVE,,2023-10-03,5.8,nisha.yadav787@company.com
504306,Kavita Nanda,,Finance,Kolkata,,13.2,Active,,2024-06-20,5.7,kavita.nanda4306@company.com
504829,ARJUN GHOSH,28.0,Marketing,Jaipur,132957.93,19.9,INACTIVE,MASTERS,22-02-2020,4.7,arjun.ghosh4829@company.com
504187,Nisha Khanna,45.0,Operations,Ahmedabad,55082.2,22.6,active,,16/11/2020,,nisha.khanna4187@company.com
501777,ASHOK SAXENA,38.0,Marketing,Bengaluru,97962.39,31.5,Active,,14-03-2017,2.3,ashok.saxena1777@company.com
502493,Preeti Chauhan,31.0,,,70704.31,16.6,Active,PhD,11/11/2018,8.3,preeti.chauhan2493@company.com
502593,DEEPAK DIXIT,31.0,,,52442.74,34.0,Active,Bachelors,2016-04-23,1.2,deepak.dixit2593@company.com
504396,Vijay Choudhary,42.0,sales,Chennai,124187.79,4.0,INACTIVE,Diploma,11/19/2020,,vijay.choudhary4396@company.com
501985,Swati Malik,48.0,Finance,Lucknow,40078.04,8.2,Active,Masters,05/09/2025,4.8,swati.malik1985@company.com
500431,  Ritu Saxena  ,37.0,sales,Kolkata,34940.57,18.0,active,,18/07/2023,4.1,ritu.saxena431@company.com
502332,Nisha Ghosh,58.0,MARKETING,Mumbai,129942.88,6.6,Active,PhD,04-03-2016,8.6,nisha.ghosh2332@company.com
502961,Vijay Choudhary,46.0,,Chennai ,96068.28,,,Masters,2018-05-23,9.8,
504232,rajesh yadav,33.0,it,Chennai,91508.69,7.3,INACTIVE,Diploma,25/03/2019,7.6,rajesh.yadav4232@company.com
502793,Nikhil Bose,26.0,Logistics,Jaipur,104293.87,5.4,On Leave,Masters,01/13/2019,1.7,nikhil.bose2793@company.com
504027,Rahul Mishra,45.0,,Chennai,43584.75,34.9,,PhD,2022-08-27,,rahul.mishra4027@company.com
500534,ISHA MISHRA,31.0,Finance,Pune,110989.7,20.6,Inactive,Bachelors,23-05-2021,9.0,isha.mishra534@company.com
504208,sanjay saxena,48.0,Finance,,130981.88,5.2,,bachelors,06/04/2022,5.4,sanjay.saxena4208@company.com
502090,Isha Bose,52.0,Finance,,147822.35,30.7,,Diploma,2017-03-20,3.3,isha.bose2090@company.com
503182,Isha Sinha,59.0,Finance, Delhi,130747.09,31.4,Inactive,,09/27/2015,6.7,isha.sinha3182@company.com
502729,Rahul Yadav,59.0,Support,Delhi,85274.41,7.5,Inactive,Masters,07/21/2018,2.2,rahul.yadav2729@company.com
501654,Suresh Yadav,42.0,,Chennai ,,6.1,,Masters,2017-04-20,8.2,suresh.yadav1654@company.com
503018,Preeti Mishra,32.0,MARKETING,,22399.05,8.0,On Leave,,05-12-2017,,preeti.mishra3018@company.com
503667,Anjali Dixit,59.0,HR, Delhi,55686.91,24.4,On Leave,Diploma,05-03-2022,1.5,anjali.dixit3667@company.com
502036,Nisha Khanna,21.0,Marketing,,,8.7,active,Masters,03/10/2015,,nisha.khanna2036@company.com
504390,Anjali Chauhan,50.0,Sales,bengaluru,146912.77,32.0,INACTIVE,Masters,14-05-2015,9.2,anjali.chauhan4390@company.com
501843,Suresh Dixit,35.0,Operations,Ahmedabad,,9.5,Inactive,bachelors,21/09/2017,6.3,suresh.dixit1843@company.com
502929,Vikram Chauhan,29.0,Support,Chennai ,-112753.56,24.0,active,Diploma,08/05/2019,8.1,vikram.chauhan2929@company.com
504423,Gaurav Trivedi,27.0,IT,Pune,64648.01,17.2,Inactive,MASTERS,03-11-2020,,gaurav.trivedi4423@company.com
502819,Amit Agarwal,49.0,IT, Delhi,60124.03,,Active,PhD,2024-06-01,4.2,amit.agarwal2819@company.com
503035,Simran Yadav,53.0,Logistics,Delhi,98766.07,24.2,On Leave,Bachelors,06/08/2021,7.4,simran.yadav3035@company.com
503467,Gaurav Sinha,38.0,Logistics,,22030.1,34.6,,,25/07/2021,4.4,gaurav.sinha3467@company.com
500041,Deepak Khanna,38.0,Logistics,MUMBAI,71005.87,6.9,Active,Diploma,02-08-2025,,deepak.khanna41@company.com
501562,Pooja Dixit,35.0,Support,Hyderabad,130492.21,31.6,Active,PhD,20-04-2018,7.6,pooja.dixit1562@company.com
503010,Simran Agarwal,25.0,IT,,47425.06,28.9,Inactive,PhD,2018-08-12,8.1,simran.agarwal3010@company.com
504952,Divya Nanda,,MARKETING,Lucknow,148396.94,26.4,,Masters,11/02/2025,3.3,divya.nanda4952@company.com
504558,Suresh Saxena,51.0,Marketing,Mumbai,56760.54,14.6,active,,2017-10-15,8.8,suresh.saxena4558@company.com
503797,PREETI THAKUR,58.0,HR,,70376.37,16.0,,PhD,13-03-2020,7.9,preeti.thakur3797@company.com
501951,Gaurav Dixit,24.0,Sales,Jaipur,86620.21,,INACTIVE,Diploma,2019-10-25,1.5,gaurav.dixit1951@company.com
500685,  Arjun Mishra  ,35.0,Operations,,102075.55,3.8,INACTIVE,PhD,16-08-2021,9.9,arjun.mishra685@company.com
501079,Arjun Ghosh,52.0,Logistics, Delhi,138593.98,29.3,Active,MASTERS,23/12/2023,4.5,arjun.ghosh1079@company.com
500607,isha dixit,24.0,Support,Hyderabad,130468.02,3.0,Inactive,Diploma,20/06/2025,6.0,isha.dixit607@company.com
504742,Neha Thakur,29.0,sales,Jaipur,79811.35,31.1,Inactive,,2018-01-20,6.1,neha.thakur4742@company.com
502006,Sneha Choudhary,38.0,,Chennai,130546.72,22.9,INACTIVE,Bachelors,10/17/2016,1.4,sneha.choudhary2006@company.com
502076,Gaurav Goel,41.0,Operations,,88234.17,13.1,INACTIVE,,13-03-2015,4.7,gaurav.goel2076@company.com
501486,Nikhil Saxena,56.0,Marketing,Lucknow,,22.6,On Leave,bachelors,2022-05-03,9.5,nikhil.saxena1486@company.com
500030,Preeti Bose,55.0,,Ahmedabad,,24.1,On Leave,,26-08-2019,3.9,preeti.bose30@company.com
501337,Neha Goel,27.0,Finance,MUMBAI,53219.61,4.5,,Masters,15-07-2024,6.8,neha.goel1337@company.com
501551,gaurav goel,37.0,Marketing,Chennai ,23665.89,29.1,,,23-11-2023,1.1,gaurav.goel1551@company.com
501368,Preeti Agarwal,38.0,Sales,Hyderabad,38921.24,30.7,Inactive,Masters,14-01-2018,3.2,preeti.agarwal1368@company.com
504095,Simran Pandey,21.0,IT,Lucknow,123517.41,2.5,On Leave,Diploma,,8.6,simran.pandey4095@company.com
504802,vijay chauhan,28.0,IT,Delhi,104077.51,22.7,On Leave,,2021-11-05,,vijay.chauhan4802@company.com
501924,Nisha Bansal,57.0,Logistics,Delhi,22505.82,3.5,,Masters,2025-10-03,3.3,nisha.bansal1924@company.com
501772,Swati Goel,26.0,Operations,,,21.2,Active,Bachelors,09-08-2015,1.3,swati.goel1772@company.com
500779,Rahul Bose,51.0,sales,,55138.06,6.8,On Leave,PhD,19/10/2016,8.0,rahul.bose779@company.com
502273,Rahul Malik,34.0,it,Bengaluru,126205.73,32.3,active,Bachelors,2018-02-01,7.3,rahul.malik2273@company.com
502994,NIKHIL SINHA,25.0,Marketing,Ahmedabad,86848.68,19.6,active,bachelors,08/24/2015,9.1,nikhil.sinha2994@company.com
501139,Divya Dixit,51.0,HR,Chennai ,65398.1,14.8,,Diploma,2023-06-18,6.8,divya.dixit1139@company.com
500240,Arjun Sinha,42.0,Operations,Chennai ,132337.11,24.3,INACTIVE,MASTERS,05/07/2018,3.9,arjun.sinha240@company.com
504040,  Rohan Bose  ,51.0,MARKETING,Chennai ,93001.17,26.7,Inactive,bachelors,16/11/2025,5.0,rohan.bose4040@company.com
502229,  Arjun Bhatia  ,40.0,,Ahmedabad,51916.75,22.8,active,Bachelors,16-08-2025,,arjun.bhatia2229@company.com
504470,Kavita Pandey,49.0,Marketing,,,,Active,Bachelors,01/11/2022,7.5,kavita.pandey4470@company.com
504824,Meena Khanna,51.0,IT,,106409.37,4.3,active,MASTERS,,1.6,meena.khanna4824@company.com
502745,Preeti Malik,31.0,,MUMBAI,65233.46,6.4,,,2025-11-23,7.6,preeti.malik2745@company.com
500310,Ashok Choudhary,31.0,Marketing,Hyderabad,121789.43,24.1,On Leave,,03/02/2020,6.0,ashok.choudhary310@company.com
503319,Priya Saxena,40.0,sales,Hyderabad,,13.8,,PhD,09-08-2015,,priya.saxena3319@company.com
500151,Gaurav Malik,36.0,it,Lucknow,30864.51,,On Leave,Diploma,11/10/2022,5.5,gaurav.malik151@company.com
502885,Sanjay Sinha,49.0,Logistics,bengaluru,39402.37,8.1,INACTIVE,Diploma,14/02/2021,4.8,sanjay.sinha2885@company.com
504279,Karan Bose,39.0,sales,bengaluru,60647.14,5.4,On Leave,,,2.4,karan.bose4279@company.com
500153,Karan Trivedi,28.0,Sales,Lucknow,75880.26,27.3,,PhD,26/06/2018,4.4,karan.trivedi153@company.com
503754,  Nisha Ghosh  ,26.0,Operations,Chennai ,40264.78,24.9,INACTIVE,Bachelors,01-05-2020,5.7,nisha.ghosh3754@company.com
501422,Meena Bansal,40.0,Marketing,Kolkata,148847.66,16.8,Active,MASTERS,02/11/2023,3.2,meena.bansal1422@company.com
502484,Nisha Chauhan,47.0,,MUMBAI,85959.06,12.7,On Leave,Diploma,18/08/2018,8.5,nisha.chauhan2484@company.com
502628,Priya Rastogi,50.0,Finance,MUMBAI,30720.29,34.3,INACTIVE,PhD,07/24/2018,7.0,priya.rastogi2628@company.com
500777,Shreya Thakur,27.0,Sales,Ahmedabad,122377.93,28.7,active,,05/25/2022,5.3,shreya.thakur777@company.com
501370,Pooja Trivedi,27.0,it,Pune,106397.08,33.0,,PhD,2024-05-19,8.3,pooja.trivedi1370@company.com
501441,Anjali Trivedi,56.0,MARKETING,Chennai ,147696.06,10.2,Inactive,Diploma,10/05/2015,3.1,anjali.trivedi1441@company.com
500461,Isha Yadav,59.0,IT,Chennai ,,21.4,active,MASTERS,13/12/2020,1.7,isha.yadav461@company.com
501677,Manish Goel,53.0,HR,Mumbai,21388.98,17.2,,Bachelors,12/10/2020,9.1,manish.goel1677@company.com
500563,ARJUN RASTOGI,55.0,,bengaluru,79374.99,5.0,On Leave,bachelors,21-10-2024,5.7,arjun.rastogi563@company.com
501899,Priya Rastogi,36.0,Support,Mumbai,133854.84,32.2,On Leave,Masters,14/09/2018,5.7,priya.rastogi1899@company.com
503127,NISHA AGARWAL,51.0,sales,Jaipur,148753.48,19.4,INACTIVE,,11/12/2021,2.9,nisha.agarwal3127@company.com
503410,Suresh Khanna,52.0,Finance,,36611.7,6.2,Inactive,Diploma,01/12/2016,2.6,suresh.khanna3410@company.com
503529,Rajesh Saxena,57.0,, Delhi,85784.24,8.9,Inactive,,2016-04-12,5.3,rajesh.saxena3529@company.com
503783,Karan Saxena,40.0,IT,bengaluru,86233.32,17.6,Active,Diploma,02/03/2015,6.8,karan.saxena3783@company.com
500471,Vikram Dixit,35.0,HR,Ahmedabad,43344.3,31.8,,,25/11/2019,4.9,vikram.dixit471@company.com
503154,Ritu Bhatia,24.0,,Jaipur,118728.46,31.1,,bachelors,2020-08-16,9.4,ritu.bhatia3154@company.com
504559,Sneha Yadav,37.0,Sales,bengaluru,,0.9,On Leave,bachelors,02/20/2019,3.1,sneha.yadav4559@company.com
500309,Kavita Pandey,,sales,,145415.09,22.9,,Masters,23-05-2016,3.0,kavita.pandey309@company.com
500072,Meena Malik,,IT, Delhi,86567.82,2.8,INACTIVE,Diploma,07/18/2017,8.0,meena.malik72@company.com
500002,Ashok Rastogi,29.0,Finance, Delhi,89452.92,20.3,,,03/09/2024,6.5,ashok.rastogi2@company.com
500198,Rajesh Saxena,27.0,Support,Chennai,60165.69,24.5,active,Diploma,2015-05-03,7.1,rajesh.saxena198@company.com
500595,Sanjay Thakur,49.0,Support,Hyderabad,55280.3,21.2,INACTIVE,bachelors,23/11/2022,1.6,sanjay.thakur595@company.com
502938,Ashok Saxena,,Sales,Chennai ,,20.2,On Leave,Bachelors,06/20/2022,9.4,ashok.saxena2938@company.com
503475,amit bhatia,37.0,Finance,Lucknow,25269.1,6.7,On Leave,Masters,03/08/2021,5.7,amit.bhatia3475@company.com
500628,sneha mishra,29.0,Finance,Lucknow,81053.22,16.7,INACTIVE,PhD,01/17/2024,4.3,sneha.mishra628@company.com
503244,shreya thakur,49.0,Sales,Pune,120789.58,20.4,Inactive,,10/15/2019,4.1,shreya.thakur3244@company.com
500654,Neha Agarwal,,,Chennai ,,33.1,On Leave,bachelors,09/08/2020,,neha.agarwal654@company.com
502816,Rahul Nanda,59.0,Finance,bengaluru,97502.37,3.8,INACTIVE,Bachelors,24-06-2018,,rahul.nanda2816@company.com
501014,Vikram Nanda,33.0,IT,,27948.98,7.9,active,,08/07/2024,9.2,vikram.nanda1014@company.com
500684,Vikram Trivedi,27.0,HR,Chennai,122037.79,19.1,,Bachelors,06-11-2025,5.1,vikram.trivedi684@company.com
502335,Vikram Nanda,40.0,Operations,,71841.25,28.1,Inactive,,2017-01-21,3.3,vikram.nanda2335@company.com
503047,ANJALI KHANNA,40.0,,Chennai ,45226.14,30.8,,,04/02/2020,4.8,anjali.khanna3047@company.com
501895,Ashok Sinha,23.0,Operations,bengaluru,21266.19,26.7,active,,08/05/2017,7.0,ashok.sinha1895@company.com
502452,  Pooja Pandey  ,29.0,,Kolkata,140117.81,8.8,,PhD,05/21/2022,3.3,
500362,Kavita Bansal,35.0,IT,Chennai,118222.39,4.5,Inactive,MASTERS,2017-03-16,2.2,kavita.bansal362@company.com
501384,Anjali Bansal,33.0,Sales,Hyderabad,98068.44,32.5,Inactive,,2022-03-24,7.8,anjali.bansal1384@company.com
502627,Shreya Khanna,43.0,Marketing,,65727.76,,active,Bachelors,07-02-2023,4.0,shreya.khanna2627@company.com
501657,Neha Rastogi,31.0,Support,Mumbai,143823.37,9.9,,PhD,01-09-2017,9.0,neha.rastogi1657@company.com
502274,Meena Chauhan,37.0,HR,Bengaluru,84643.84,3.4,,Bachelors,12/05/2024,2.6,meena.chauhan2274@company.com
503400,Kavita Chauhan,29.0,it,Kolkata,138386.76,33.0,Active,Diploma,07/01/2019,3.9,kavita.chauhan3400@company.com
500960,Kavita Malik,51.0,IT,Kolkata,74939.15,13.4,INACTIVE,Diploma,13/07/2020,3.0,kavita.malik960@company.com
501765,Divya Bansal,,Support,Chennai,89239.39,4.7,INACTIVE,MASTERS,27-12-2023,2.6,divya.bansal1765@company.com
500354,Vijay Yadav,45.0,,Pune,61358.6,23.0,,Diploma,05/17/2020,6.1,vijay.yadav354@company.com
502066,Nikhil Bose,32.0,Sales,Ahmedabad,34110.53,5.8,Inactive,,07/21/2022,5.7,nikhil.bose2066@company.com
504624,Divya Trivedi,27.0,,Mumbai,45280.3,25.3,INACTIVE,MASTERS,09/21/2025,8.9,divya.trivedi4624@company.com
501468,  Meena Saxena  ,32.0,Marketing,Chennai,57325.94,34.5,Inactive,Masters,2025-12-08,5.3,meena.saxena1468@company.com
501993,Rahul Pandey,56.0,sales,Chennai,100334.09,6.7,On Leave,,2017-07-23,8.3,rahul.pandey1993@company.com
501299,Meena Mishra,22.0,IT,,,19.2,Inactive,MASTERS,,8.1,meena.mishra1299@company.com
502914,Priya Trivedi,59.0,HR,,22193.37,10.1,active,Masters,2023-02-01,3.9,priya.trivedi2914@company.com
503530,Deepak Nanda,44.0,HR,Hyderabad,21845.76,15.8,,bachelors,2018-05-07,7.7,deepak.nanda3530@company.com
502450,Arjun Goel,32.0,Support, Delhi,133865.36,11.5,INACTIVE,Masters,18-05-2023,9.4,arjun.goel2450@company.com
501914,gaurav thakur,58.0,MARKETING,Bengaluru,83387.92,3.1,On Leave,Bachelors,04-06-2017,7.0,gaurav.thakur1914@company.com
500613,Neha Malik,26.0,Marketing,Chennai ,126576.94,1.8,Active,MASTERS,15-03-2022,5.2,neha.malik613@company.com
502771,Swati Saxena,34.0,Finance,Jaipur,144695.86,6.3,INACTIVE,bachelors,04/08/2025,1.1,swati.saxena2771@company.com
501925,Kavita Sinha,46.0,,Chennai,56814.26,2.5,On Leave,Diploma,06-06-2016,8.4,kavita.sinha1925@company.com
504576,Anjali Malik,50.0,MARKETING,Lucknow,83877.74,32.9,Inactive,MASTERS,22/06/2015,,anjali.malik4576@company.com
504172,Preeti Mishra,45.0,HR,MUMBAI,,26.1,,Bachelors,15-06-2019,9.3,preeti.mishra4172@company.com
502621,Suresh Saxena,39.0,Finance,,58947.94,18.6,,,12/06/2016,6.2,suresh.saxena2621@company.com
504099,Karan Ghosh,37.0,Finance,Chennai ,126309.63,33.9,On Leave,Bachelors,26/09/2022,9.8,karan.ghosh4099@company.com
503436,Nikhil Ghosh,28.0,MARKETING,Kolkata,86104.42,5.1,,,08/19/2019,,nikhil.ghosh3436@company.com
504707,Vijay Thakur,39.0,,Mumbai,56902.85,22.0,Active,MASTERS,12-09-2020,1.7,vijay.thakur4707@company.com
502514,Ritu Pandey,37.0,Logistics,,85035.75,,Active,bachelors,18/07/2021,7.7,ritu.pandey2514@company.com
501112,Meena Dixit,,it,Hyderabad,47532.16,21.1,,,17-07-2015,1.1,meena.dixit1112@company.com
503171,meena thakur,37.0,Finance,Kolkata,38863.9,13.2,On Leave,,2017-07-27,8.3,meena.thakur3171@company.com
502349,Priya Yadav,33.0,Marketing,MUMBAI,62222.41,10.3,Active,MASTERS,,4.8,priya.yadav2349@company.com
502213,Priya Ghosh,52.0,Logistics,Hyderabad,125467.19,13.1,active,,2020-02-05,7.9,priya.ghosh2213@company.com
503004,Amit Agarwal,58.0,MARKETING,,87647.62,13.2,On Leave,Diploma,24/09/2023,9.8,amit.agarwal3004@company.com
501672,  Simran Yadav  ,21.0,HR,Hyderabad,99499.67,19.9,On Leave,Masters,07/09/2024,6.1,simran.yadav1672@company.com
503063,Gaurav Khanna,45.0,Sales,Kolkata,97028.41,14.6,active,,2020-09-04,3.2,gaurav.khanna3063@company.com
504660,Rajesh Trivedi,34.0,Support,,144988.1,12.8,Inactive,,11/04/2019,4.5,rajesh.trivedi4660@company.com
504019,Neha Yadav,29.0,,,57014.66,32.5,Active,,2024-07-18,8.4,neha.yadav4019@company.com
502338,Simran Saxena,56.0,Finance,Bengaluru,129453.81,14.0,On Leave,,12-06-2023,6.5,simran.saxena2338@company.com
500188,Ritu Agarwal,24.0,it,Chennai ,122467.42,19.6,active,,2018-08-06,,ritu.agarwal188@company.com
502871,Divya Bansal,54.0,sales,Kolkata,64304.58,34.4,Inactive,PhD,2023-10-25,5.8,divya.bansal2871@company.com
503843,Priya Goel,49.0,MARKETING,Lucknow,30634.1,22.1,active,Bachelors,15-12-2024,1.6,priya.goel3843@company.com
500129,Suresh Malik,26.0,Finance,Mumbai,50684.94,12.6,INACTIVE,Diploma,02/12/2023,1.4,suresh.malik129@company.com
504769,rahul trivedi,,sales,Mumbai,27660.32,5.9,,bachelors,11/27/2025,1.9,rahul.trivedi4769@company.com
501270,Neha Rastogi,50.0,Finance,Kolkata,103354.95,2.8,Active,bachelors,15-12-2015,,neha.rastogi1270@company.com
502437,Suresh Bansal,38.0,IT,Lucknow,34185.99,,Active,MASTERS,2021-04-02,5.0,suresh.bansal2437@company.com
501557,Karan Dixit,33.0,Support,,70595.76,,Active,PhD,,2.9,karan.dixit1557@company.com
501515,Shreya Mishra,40.0,Support,Kolkata,118817.68,10.4,,MASTERS,05/09/2020,5.2,shreya.mishra1515@company.com
504628,Nikhil Yadav,40.0,it,Mumbai,29198.55,4.4,Inactive,Masters,2023-10-03,5.9,nikhil.yadav4628@company.com
502011,Pooja Sinha,34.0,sales,Ahmedabad,114880.4,27.9,On Leave,,2019-06-06,3.9,pooja.sinha2011@company.com
503242,Anjali Rastogi,45.0,Operations,Ahmedabad,89730.02,30.8,INACTIVE,,12-04-2020,,anjali.rastogi3242@company.com
501768,Vijay Nanda,47.0,,,37235.1,3.9,active,,05/22/2025,8.9,vijay.nanda1768@company.com
504430,  Swati Mishra  ,52.0,MARKETING,Hyderabad,77867.34,4.5,active,PhD,07-02-2022,1.2,swati.mishra4430@company.com
504312,Rohan Bose,58.0,HR,Ahmedabad,47031.41,,On Leave,Bachelors,21/07/2017,3.7,rohan.bose4312@company.com
500211,Swati Khanna,34.0,Finance,Bengaluru,80201.91,0.8,INACTIVE,Bachelors,2025-05-27,9.1,swati.khanna211@company.com
501637,Divya Mishra,36.0,Marketing, Delhi,94002.21,16.0,,bachelors,13-12-2016,2.7,divya.mishra1637@company.com
500005,Manish Dixit,59.0,MARKETING,Pune,125029.62,14.1,Inactive,,2022-08-24,7.4,manish.dixit5@company.com
500520,Sanjay Chauhan,29.0,Finance,,126744.5,28.1,Inactive,,06/11/2017,2.0,sanjay.chauhan520@company.com
500577,Isha Ghosh,56.0,Support, Delhi,22916.6,26.7,Active,,2020-11-26,3.2,isha.ghosh577@company.com
502854,Kavita Pandey,29.0,,Chennai,119828.49,2.7,Active,Masters,12/27/2018,3.9,kavita.pandey2854@company.com
502969,Isha Mishra,,MARKETING,Jaipur,114554.84,23.9,Active,,05/12/2018,5.2,isha.mishra2969@company.com
500425,Nisha Rastogi,48.0,Finance,Delhi,66155.73,32.1,INACTIVE,,14-07-2017,8.1,nisha.rastogi425@company.com
501743,Nisha Trivedi,46.0,IT,Lucknow,23988.79,24.8,active,Masters,03/20/2020,3.5,nisha.trivedi1743@company.com
503283,Simran Bhatia,27.0,it,Bengaluru,27458.37,26.6,INACTIVE,,08/04/2018,1.1,simran.bhatia3283@company.com
504514,Manish Choudhary,26.0,Support, Delhi,27898.53,0.9,Inactive,,11-06-2018,9.1,manish.choudhary4514@company.com
504030,KARAN KHANNA,50.0,Logistics,Kolkata,55422.14,30.4,On Leave,Diploma,03-02-2021,5.2,karan.khanna4030@company.com
501381,Sneha Agarwal,,sales,Chennai,22514.29,10.5,Active,MASTERS,2023-06-24,3.5,sneha.agarwal1381@company.com
502508,Preeti Sinha,37.0,Logistics,Chennai,70816.0,24.3,Inactive,bachelors,10/10/2022,6.9,preeti.sinha2508@company.com
502238,Simran Choudhary,23.0,,Lucknow,137147.49,30.7,active,PhD,04-02-2022,8.9,simran.choudhary2238@company.com
503502,Deepak Nanda,56.0,,Bengaluru,145717.38,10.0,Active,MASTERS,11/09/2021,,deepak.nanda3502@company.com
502684,  Anjali Ghosh  ,27.0,Logistics,Lucknow,86632.46,6.8,Active,PhD,12/24/2023,1.5,anjali.ghosh2684@company.com
501509,Amit Goel,35.0,HR,Ahmedabad,45047.11,20.7,,MASTERS,2020-02-18,5.5,amit.goel1509@company.com
504509,Ashok Bhatia,51.0,,Chennai ,69007.39,29.4,Inactive,,09/25/2022,1.8,ashok.bhatia4509@company.com
500734,Priya Malik,45.0,Logistics,MUMBAI,104498.46,26.2,Inactive,,03-06-2022,8.8,priya.malik734@company.com
502220,Nikhil Goel,49.0,Sales,Jaipur,82083.7,31.5,active,Diploma,2021-07-06,6.7,nikhil.goel2220@company.com
501520,Rohan Trivedi,44.0,HR,,65014.42,7.2,,Bachelors,01/06/2023,4.2,rohan.trivedi1520@company.com
502068,Manish Thakur,38.0,,MUMBAI,24483.43,0.0,INACTIVE,,2015-11-23,7.5,manish.thakur2068@company.com
502454,ashok malik,56.0,Marketing,Kolkata,89617.1,20.5,Inactive,bachelors,21-03-2018,8.1,ashok.malik2454@company.com
504653,Shreya Trivedi,23.0,Logistics, Delhi,127425.48,0.9,,Diploma,2023-04-04,9.1,shreya.trivedi4653@company.com
503984,Deepak Mishra,49.0,IT,Kolkata,56598.68,11.9,,Masters,07/10/2018,6.5,deepak.mishra3984@company.com
501179,PREETI CHOUDHARY,33.0,Support,Kolkata,63849.32,29.1,On Leave,,05/05/2021,5.7,preeti.choudhary1179@company.com
503003,Swati Bansal,33.0,sales,Kolkata,128967.55,5.2,INACTIVE,,2023-06-05,3.6,swati.bansal3003@company.com
500104,Anjali Mishra,30.0,IT,Chennai ,69833.31,7.5,INACTIVE,,12/16/2021,1.4,anjali.mishra104@company.com
504440,Suresh Sinha,56.0,Sales,,111724.7,29.6,INACTIVE,,12/10/2017,8.4,suresh.sinha4440@company.com
500087,Manish Pandey,31.0,, Delhi,,14.2,Active,,17-01-2016,3.7,manish.pandey87@company.com
503600,Nikhil Sinha,23.0,Logistics,,30696.77,11.6,Inactive,Diploma,2020-05-22,6.7,nikhil.sinha3600@company.com
503474,Rahul Choudhary,31.0,Finance,Jaipur,120335.13,17.4,INACTIVE,Bachelors,08-02-2018,1.6,rahul.choudhary3474@company.com
504488,Sneha Saxena,41.0,Logistics,Mumbai,50511.71,5.7,Inactive,Bachelors,2021-10-10,1.7,sneha.saxena4488@company.com
501769,Nikhil Dixit,58.0,,Lucknow,149818.49,20.2,INACTIVE,MASTERS,2015-09-02,,nikhil.dixit1769@company.com
503988,sanjay thakur,42.0,Marketing,Bengaluru,40497.79,14.3,On Leave,bachelors,,2.1,sanjay.thakur3988@company.com
504633,Gaurav Choudhary,57.0,MARKETING,Kolkata,,6.9,,,14/07/2019,8.6,gaurav.choudhary4633@company.com
501699,Sanjay Agarwal,37.0,Sales,bengaluru,85129.33,15.2,On Leave,Diploma,17-02-2022,6.1,sanjay.agarwal1699@company.com
503203,  Pooja Thakur  ,46.0,Sales,Lucknow,85783.94,25.5,INACTIVE,Bachelors,2022-06-19,6.1,pooja.thakur3203@company.com
501531,MEENA YADAV,46.0,MARKETING,Lucknow,68672.21,33.7,Active,MASTERS,06/26/2016,7.0,meena.yadav1531@company.com
500004,Vijay Nanda,29.0,sales,Bengaluru,149261.33,18.2,Active,Masters,08/11/2019,7.6,vijay.nanda4@company.com
504428,rajesh bhatia,32.0,Logistics,Jaipur,27208.42,24.9,Inactive,PhD,2020-07-24,5.3,
500370,Swati Sinha,40.0,IT,Chennai ,141359.92,8.2,active,bachelors,08/07/2025,7.7,swati.sinha370@company.com
503719,Manish Bhatia,45.0,Sales,Delhi,125207.43,9.2,,,2018-04-18,3.1,manish.bhatia3719@company.com
500333,Ritu Trivedi,34.0,IT,Kolkata,109889.35,24.5,On Leave,MASTERS,2021-10-26,7.1,ritu.trivedi333@company.com
501956,Anjali Ghosh,29.0,Operations,MUMBAI,149532.25,10.8,INACTIVE,,2016-02-19,5.0,anjali.ghosh1956@company.com
500367,kavita bansal,42.0,Sales,,32439.54,25.9,On Leave,Bachelors,01/12/2020,6.9,kavita.bansal367@company.com
500118,Neha Choudhary,31.0,Operations,Mumbai,94210.52,6.1,On Leave,Diploma,04/19/2019,2.1,neha.choudhary118@company.com
500641,Kavita Saxena,26.0,MARKETING,,71824.93,30.5,active,,06/24/2024,5.3,kavita.saxena641@company.com
503696,Deepak Mishra,37.0,IT,,149822.35,15.5,,PhD,,5.9,deepak.mishra3696@company.com
503565,POOJA GHOSH,48.0,, Delhi,146355.39,10.6,Active,,2017-05-20,5.4,pooja.ghosh3565@company.com
504668,Vijay Pandey,22.0,Sales,Chennai ,26841.1,6.6,,,2023-10-02,9.9,vijay.pandey4668@company.com
500301,Meena Khanna,49.0,Logistics,Lucknow,123293.23,,,bachelors,25-01-2019,7.3,meena.khanna301@company.com
501847,Simran Trivedi,,sales,Lucknow,42411.45,22.4,active,PhD,02-04-2024,7.8,simran.trivedi1847@company.com
503746,Isha Khanna,,sales,,143419.67,27.2,On Leave,,01/05/2022,5.5,isha.khanna3746@company.com
501876,Ritu Bansal,30.0,Marketing,Chennai,84301.09,31.6,Inactive,Masters,08-11-2024,2.0,ritu.bansal1876@company.com
501629,Anjali Thakur,34.0,,,40384.47,9.5,On Leave,PhD,2016-01-16,9.7,anjali.thakur1629@company.com
504865,Karan Chauhan,27.0,sales,Delhi,,9.3,On Leave,Bachelors,24-03-2018,7.4,karan.chauhan4865@company.com
500326,Vijay Mishra,59.0,Marketing,Chennai,123978.69,25.9,Inactive,PhD,03/16/2015,9.0,vijay.mishra326@company.com
502184,Shreya Agarwal,33.0,HR,Ahmedabad,106546.55,15.6,Inactive,,05/10/2022,8.9,shreya.agarwal2184@company.com
502757,Kavita Bose,32.0,Support, Delhi,123844.75,,,MASTERS,03/20/2017,9.3,kavita.bose2757@company.com
503742,deepak trivedi,56.0,sales,,39768.08,26.3,,Masters,11/05/2024,,deepak.trivedi3742@company.com
502008,Nisha Trivedi,58.0,Support,Delhi,,15.8,,PhD,20-05-2019,,nisha.trivedi2008@company.com
502448,RAHUL MISHRA,54.0,,Jaipur,62842.37,26.3,,,02/02/2023,,rahul.mishra2448@company.com
504158,Nikhil Dixit,25.0,,Hyderabad,78783.28,23.4,Inactive,MASTERS,14-07-2022,5.3,nikhil.dixit4158@company.com
504830,Neha Dixit,58.0,Logistics,,89123.29,33.8,On Leave,bachelors,2020-02-09,9.8,neha.dixit4830@company.com
502607,Nisha Agarwal,29.0,sales,Delhi,20001.27,27.6,active,bachelors,2023-12-12,,nisha.agarwal2607@company.com
500943,Gaurav Rastogi,49.0,sales,Chennai ,79636.4,18.3,INACTIVE,Masters,2024-11-26,2.5,gaurav.rastogi943@company.com
503712,  Swati Yadav  ,56.0,sales,MUMBAI,30586.07,2.6,Inactive,MASTERS,04/12/2017,3.0,swati.yadav3712@company.com
501424,Preeti Khanna,58.0,MARKETING,Pune,,29.1,Inactive,Masters,03/09/2022,2.4,preeti.khanna1424@company.com
504879,Nikhil Yadav,27.0,Finance,Pune,111574.66,18.5,Inactive,Bachelors,2019-08-01,1.0,nikhil.yadav4879@company.com
500045,Divya Dixit,39.0,Operations,Kolkata,38076.19,33.5,INACTIVE,MASTERS,10/06/2020,4.5,divya.dixit45@company.com
500644,Ritu Trivedi,50.0,,Lucknow,116348.62,31.8,INACTIVE,Masters,07/11/2023,,ritu.trivedi644@company.com
500173,Suresh Bose,26.0,,Jaipur,72141.72,28.4,On Leave,PhD,23/10/2025,8.3,suresh.bose173@company.com
502800,  Vikram Bose  ,30.0,,bengaluru,121160.87,31.4,Active,,23/11/2017,4.9,vikram.bose2800@company.com
503027,Vikram Malik,24.0,MARKETING,Pune,100856.27,17.9,active,bachelors,03/13/2022,1.8,vikram.malik3027@company.com
503018,Preeti Mishra,32.0,MARKETING,,22399.05,8.0,On Leave,,05-12-2017,,preeti.mishra3018@company.com
502624,Sneha Bose,47.0,,,100123.37,23.0,Active,Diploma,2016-04-01,1.8,sneha.bose2624@company.com
503918,AMIT BOSE,22.0,Marketing,Lucknow,82589.73,8.4,,PhD,17-09-2019,2.5,amit.bose3918@company.com
502695,Ashok Choudhary,54.0,sales, Delhi,119388.58,1.0,,bachelors,2019-10-18,4.8,ashok.choudhary2695@company.com
502180,Isha Thakur,34.0,IT,MUMBAI,33247.52,2.4,On Leave,bachelors,03-11-2017,6.9,isha.thakur2180@company.com
502666,Manish Sinha,24.0,,Chennai,69255.68,32.9,,Bachelors,2017-08-24,7.8,manish.sinha2666@company.com
500181,Neha Bhatia,51.0,Logistics,MUMBAI,20918.39,1.5,active,,12/12/2016,4.9,neha.bhatia181@company.com
504440,Suresh Sinha,56.0,Sales,,111724.7,29.6,INACTIVE,,12/10/2017,8.4,suresh.sinha4440@company.com
503238,POOJA BOSE,25.0,Finance,Lucknow,78934.14,18.4,Inactive,bachelors,11-07-2025,3.1,pooja.bose3238@company.com
503330,Gaurav Saxena,28.0,Support,MUMBAI,129703.65,,Active,,25-10-2018,6.8,gaurav.saxena3330@company.com
503167,Ritu Dixit,37.0,,Chennai,64775.17,2.1,active,Diploma,10/17/2018,3.1,ritu.dixit3167@company.com
503235,gaurav bose,54.0,Finance,Delhi,58586.01,25.1,,PhD,02/04/2024,8.5,gaurav.bose3235@company.com
500573,Ritu Saxena,39.0,Logistics,Hyderabad,68175.59,25.5,active,MASTERS,02/01/2015,1.5,ritu.saxena573@company.com
502582,PRIYA SINHA,23.0,Sales, Delhi,122827.99,13.7,Inactive,MASTERS,2025-07-19,1.6,priya.sinha2582@company.com
503239,Rajesh Pandey,37.0,MARKETING,bengaluru,98917.58,23.2,,bachelors,04/05/2016,2.2,rajesh.pandey3239@company.com
501501,Anjali Chauhan,59.0,IT,,98287.2,2.4,Inactive,MASTERS,10/04/2019,8.5,anjali.chauhan1501@company.com
503698,Suresh Sinha,30.0,Support,Ahmedabad,45870.13,23.6,Inactive,,2025-06-25,1.6,suresh.sinha3698@company.com
501761,Amit Thakur,49.0,it, Delhi,51701.02,6.2,INACTIVE,Masters,2020-04-12,4.2,amit.thakur1761@company.com
502163,Vikram Agarwal,47.0,Logistics,Chennai,26654.25,22.4,active,,11/25/2020,9.2,vikram.agarwal2163@company.com
500015,Nikhil Rastogi,32.0,Support,,49595.27,1.7,Active,Masters,19-07-2018,4.6,nikhil.rastogi15@company.com
504260,Shreya Khanna,21.0,,Pune,61204.85,7.4,,PhD,13/04/2024,1.9,shreya.khanna4260@company.com
503645,anjali pandey,50.0,Operations,,69030.66,22.8,Active,Bachelors,2022-07-20,8.8,anjali.pandey3645@company.com
501986,Isha Yadav,49.0,Sales,,108179.32,7.0,Inactive,PhD,,5.4,isha.yadav1986@company.com
500540,Ashok Trivedi,57.0,Finance,Bengaluru,96372.16,15.0,Inactive,PhD,02/02/2022,5.3,ashok.trivedi540@company.com
504573,Deepak Ghosh,58.0,it, Delhi,52016.15,30.8,Inactive,Diploma,,8.9,deepak.ghosh4573@company.com
501720,Rahul Yadav,22.0,MARKETING,Hyderabad,23464.39,19.3,Active,bachelors,06-10-2021,3.3,rahul.yadav1720@company.com
503168,Karan Bhatia,38.0,IT,Kolkata,60197.26,25.7,On Leave,,05/08/2025,2.8,karan.bhatia3168@company.com
501314,ashok rastogi,29.0,it,Delhi,115708.09,13.4,Active,PhD,08-02-2023,5.6,ashok.rastogi1314@company.com
502187,Ritu Mishra,23.0,Marketing, Delhi,54673.38,6.5,Inactive,,07/08/2015,1.7,ritu.mishra2187@company.com
503553,Divya Agarwal,46.0,MARKETING,,51161.32,15.7,Active,Diploma,2021-01-12,2.9,divya.agarwal3553@company.com
501144,Nikhil Agarwal,38.0,Logistics,,106218.28,14.4,On Leave,Diploma,22/07/2018,9.0,nikhil.agarwal1144@company.com
504607,Swati Bhatia,42.0,IT,Ahmedabad,,28.0,,PhD,06/02/2025,6.6,swati.bhatia4607@company.com
503118,Divya Chauhan,55.0,Operations,Bengaluru,140781.69,21.0,active,PhD,07/04/2017,3.9,divya.chauhan3118@company.com
502955,Suresh Trivedi,55.0,Finance,Jaipur,141629.05,26.9,INACTIVE,Bachelors,2019-09-12,,suresh.trivedi2955@company.com
501174,nikhil saxena,39.0,,MUMBAI,32490.23,14.9,Active,Masters,06/21/2022,7.0,nikhil.saxena1174@company.com
502028,ARJUN MISHRA,53.0,Finance,MUMBAI,72638.11,30.5,INACTIVE,PhD,23/06/2022,1.1,arjun.mishra2028@company.com
503540,Rohan Chauhan,53.0,Logistics,Chennai ,92924.64,19.0,INACTIVE,bachelors,2021-02-24,9.0,rohan.chauhan3540@company.com
504446,Rahul Bansal,30.0,Support,Bengaluru,110269.0,0.8,INACTIVE,,01/01/2018,,rahul.bansal4446@company.com
500831,Simran Mishra,31.0,it,Lucknow,75673.18,9.0,On Leave,Masters,11/14/2020,5.9,simran.mishra831@company.com
502030,Simran Bose,34.0,HR,Pune,24438.4,25.3,On Leave,Diploma,01/12/2019,9.9,simran.bose2030@company.com
501371,Arjun Nanda,51.0,IT,MUMBAI,30341.93,7.5,Active,bachelors,23/02/2015,,arjun.nanda1371@company.com
502302,swati pandey,21.0,Finance,Delhi,56869.19,20.6,,PhD,,4.3,swati.pandey2302@company.com
501275,SWATI CHOUDHARY,39.0,,Bengaluru,133266.74,2.5,,Bachelors,09/13/2018,3.2,swati.choudhary1275@company.com
504782,Ashok Ghosh,43.0,IT,Kolkata,111049.06,11.4,INACTIVE,Masters,19/09/2025,4.7,ashok.ghosh4782@company.com
502512,Swati Bose,37.0,Operations,Chennai ,134500.9,34.3,On Leave,Bachelors,2018-02-07,8.8,swati.bose2512@company.com
504657,Simran Saxena,47.0,, Delhi,91932.01,4.4,INACTIVE,Bachelors,22-02-2017,3.5,simran.saxena4657@company.com
502794,  Vikram Agarwal  ,,IT,Lucknow,44816.11,,INACTIVE,,2021-09-24,,vikram.agarwal2794@company.com
502937,ARJUN CHAUHAN,27.0,Operations, Delhi,63323.08,4.0,Active,Bachelors,01-02-2018,2.8,arjun.chauhan2937@company.com
504515,Amit Bhatia,33.0,Sales,,71674.64,24.8,Inactive,Bachelors,2015-06-20,6.6,
503985,Sanjay Malik,56.0,MARKETING,Mumbai,,12.3,,,07/16/2022,1.2,sanjay.malik3985@company.com
501950,neha ghosh,58.0,Logistics,Lucknow,-29270.29,23.9,active,PhD,02/02/2015,1.9,neha.ghosh1950@company.com
502479,Manish Bhatia,40.0,Logistics,Ahmedabad,96320.16,9.8,INACTIVE,Diploma,2018-11-04,1.4,manish.bhatia2479@company.com
504806,Meena Rastogi,28.0,Support,Chennai ,69921.39,9.7,,Masters,2025-08-15,4.7,meena.rastogi4806@company.com
504248,rajesh goel,52.0,sales,Chennai,,26.2,,bachelors,2021-06-04,5.8,rajesh.goel4248@company.com
503435,Nisha Rastogi,36.0,Support,Pune,77074.83,28.1,,Bachelors,2020-02-11,5.0,nisha.rastogi3435@company.com
502074,Simran Khanna,53.0,,bengaluru,98589.7,9.3,active,MASTERS,07/12/2025,3.5,simran.khanna2074@company.com
501487,Gaurav Bose,50.0,Logistics,MUMBAI,81322.54,22.1,active,Masters,03/01/2024,9.7,gaurav.bose1487@company.com
504903,Shreya Bose,47.0,,Kolkata,104745.5,33.6,On Leave,bachelors,2016-03-14,9.6,shreya.bose4903@company.com
503076,Swati Trivedi,52.0,,,49377.59,6.2,active,,07/16/2018,6.2,swati.trivedi3076@company.com
501862,Ritu Pandey,47.0,Finance,bengaluru,71462.65,34.5,,Bachelors,01-06-2022,7.1,ritu.pandey1862@company.com
502617,Anjali Goel,38.0,it,bengaluru,21174.39,32.0,On Leave,PhD,07-06-2022,9.1,anjali.goel2617@company.com
503248,DEEPAK PANDEY,40.0,IT,Delhi,23490.42,24.4,On Leave,,22/09/2023,4.1,deepak.pandey3248@company.com
502769,suresh bhatia,33.0,HR,,127741.19,15.1,INACTIVE,Masters,26/11/2016,2.6,
500756,Neha Bansal,56.0,Support,Mumbai,51091.37,6.6,INACTIVE,,27-12-2016,5.6,neha.bansal756@company.com
503224,Rajesh Pandey,36.0,Marketing,bengaluru,92269.4,22.8,active,MASTERS,03/03/2020,7.9,rajesh.pandey3224@company.com
501547,Preeti Trivedi,26.0,Sales,Bengaluru,139357.05,9.2,Active,,14/07/2021,3.9,preeti.trivedi1547@company.com
504551,vijay bansal,38.0,Operations,,113751.08,24.4,Inactive,,07/20/2017,8.0,vijay.bansal4551@company.com
504147,simran goel,52.0,sales,Pune,142408.47,6.8,active,,2017-08-18,7.4,simran.goel4147@company.com
501054,Deepak Sinha,55.0,Marketing,Jaipur,116161.97,28.3,,Bachelors,18-11-2025,4.3,deepak.sinha1054@company.com
502915,Sneha Thakur,38.0,Marketing,bengaluru,115212.06,29.4,,bachelors,07-10-2017,,sneha.thakur2915@company.com
500638,Shreya Malik,51.0,Operations,Chennai ,113740.43,9.0,Inactive,,05/04/2022,6.0,shreya.malik638@company.com
500437,rohan rastogi,24.0,sales,Kolkata,116727.3,33.7,active,,18/05/2015,8.7,rohan.rastogi437@company.com
502536,Shreya Chauhan,28.0,,Chennai,75853.01,2.4,INACTIVE,,02/06/2022,6.5,shreya.chauhan2536@company.com
504338,Vijay Chauhan,54.0,,Chennai ,86948.54,21.7,Active,,2016-05-14,,vijay.chauhan4338@company.com
503507,Swati Nanda,31.0,MARKETING,,49430.29,17.7,,,2023-07-23,2.6,swati.nanda3507@company.com
501412,Shreya Trivedi,44.0,IT,Lucknow,27095.99,21.2,Inactive,Diploma,2023-02-13,4.6,shreya.trivedi1412@company.com
503512,ANJALI THAKUR,57.0,,Pune,84501.24,3.8,active,MASTERS,10-09-2021,,anjali.thakur3512@company.com
502435,Divya Thakur,,Marketing,Chennai,82165.47,32.8,Inactive,Masters,2015-02-04,7.2,divya.thakur2435@company.com
504921,Meena Malik,47.0,,Mumbai,80425.36,12.2,Active,Masters,16-04-2017,6.7,meena.malik4921@company.com
500027,Vijay Mishra,56.0,Finance,Pune,87230.88,33.1,,PhD,19/02/2020,5.2,vijay.mishra27@company.com
500296,Rahul Trivedi,25.0,Operations,,84792.76,13.1,On Leave,Diploma,06-06-2025,4.1,rahul.trivedi296@company.com
504982,Shreya Goel,45.0,IT,bengaluru,109748.14,28.1,Inactive,,2018-02-10,8.8,shreya.goel4982@company.com
503031,Divya Khanna,54.0,HR,MUMBAI,67309.12,26.3,active,,09/21/2016,5.7,divya.khanna3031@company.com
504228,Isha Bhatia,26.0,Finance,Hyderabad,81069.48,24.5,Inactive,Diploma,2023-12-12,6.2,isha.bhatia4228@company.com
501150,Deepak Chauhan,48.0,Marketing,Bengaluru,69032.47,6.1,,bachelors,2015-06-19,3.5,deepak.chauhan1150@company.com
501563,VIJAY TRIVEDI,29.0,MARKETING,,72672.21,,On Leave,,,6.0,vijay.trivedi1563@company.com
500213,Nikhil Yadav,47.0,Operations,MUMBAI,88212.08,14.2,Active,Masters,14/08/2020,8.1,nikhil.yadav213@company.com
502948,vikram ghosh,25.0,Logistics, Delhi,118311.5,9.9,Inactive,bachelors,26-09-2015,9.7,vikram.ghosh2948@company.com
504126,Rohan Sinha,28.0,Finance,Delhi,54799.03,4.1,active,,2015-10-04,9.6,rohan.sinha4126@company.com
503228,Arjun Agarwal,59.0,Operations,bengaluru,42262.98,6.6,Inactive,bachelors,01-04-2016,1.5,arjun.agarwal3228@company.com
502070,Swati Pandey,25.0,Marketing,bengaluru,64941.85,34.2,active,,23-07-2021,6.8,swati.pandey2070@company.com
500440,Rahul Nanda,46.0,it,Delhi,146626.75,0.7,,,2016-01-04,7.8,rahul.nanda440@company.com
502461,KAVITA BOSE,58.0,,Kolkata,31033.67,13.4,INACTIVE,,2024-08-08,4.1,kavita.bose2461@company.com
503678,Vikram Khanna,35.0,IT,Pune,133344.23,14.5,active,Diploma,03/23/2015,,vikram.khanna3678@company.com
501060,vijay saxena,57.0,Sales,Lucknow,101333.94,16.0,,PhD,13-12-2018,3.3,vijay.saxena1060@company.com
501125,Isha Trivedi,42.0,IT,Jaipur,50185.11,31.6,active,MASTERS,16-08-2017,4.5,isha.trivedi1125@company.com
500053,Ashok Choudhary,45.0,sales,Lucknow,126662.3,10.9,On Leave,PhD,06/15/2022,1.1,ashok.choudhary53@company.com
504947,priya malik,51.0,HR,MUMBAI,87661.16,31.5,INACTIVE,,2023-07-03,8.0,priya.malik4947@company.com
500403,Simran Yadav,53.0,Marketing,Ahmedabad,78555.6,6.2,On Leave,Bachelors,2021-06-15,6.1,simran.yadav403@company.com
502660,Priya Pandey,39.0,Logistics,,113943.7,27.9,INACTIVE,Bachelors,05/27/2021,7.2,priya.pandey2660@company.com
501673,nikhil bose,26.0,Logistics,,82048.46,8.5,active,Diploma,2025-04-17,7.8,nikhil.bose1673@company.com
500668,Gaurav Sinha,35.0,Sales,Chennai,146072.97,,Inactive,Bachelors,19/04/2019,2.1,gaurav.sinha668@company.com
504272,Simran Malik,39.0,Marketing,Ahmedabad,128824.73,8.7,INACTIVE,,01/10/2020,7.2,simran.malik4272@company.com
501297,ARJUN MALIK,,Sales,,92873.69,10.7,active,,11/14/2015,2.7,arjun.malik1297@company.com
503486,Priya Yadav,36.0,MARKETING,,109601.62,3.3,Inactive,bachelors,25/10/2018,9.5,priya.yadav3486@company.com
501134,Karan Agarwal,50.0,Sales, Delhi,41003.55,3.6,,Bachelors,24/03/2016,3.3,karan.agarwal1134@company.com
501885,Manish Nanda,58.0,Logistics,Lucknow,129294.87,19.1,INACTIVE,,01/01/2018,3.6,manish.nanda1885@company.com
500345,Karan Dixit,,Logistics,Kolkata,23165.74,22.4,active,bachelors,23/10/2022,4.1,karan.dixit345@company.com
503022,Rajesh Khanna,48.0,it,Chennai,47379.81,12.4,Inactive,,12-10-2021,5.7,rajesh.khanna3022@company.com
503515,suresh bansal,48.0,it,Delhi,75230.07,31.9,INACTIVE,,07/04/2015,9.8,suresh.bansal3515@company.com
500182,Priya Bose,45.0,Support,Kolkata,50769.1,34.2,Active,,01/04/2018,9.2,priya.bose182@company.com
504437,Pooja Sinha,43.0,,Delhi,40663.68,33.2,Inactive,bachelors,07/07/2024,5.0,pooja.sinha4437@company.com
503759,Nikhil Bhatia,30.0,Finance,,77116.27,0.8,INACTIVE,bachelors,07/14/2024,,nikhil.bhatia3759@company.com
504727,Anjali Goel,42.0,,Bengaluru,85422.97,9.8,On Leave,Bachelors,05/01/2021,8.5,anjali.goel4727@company.com
503516,Rahul Khanna,35.0,Logistics,MUMBAI,,34.9,Active,,06/17/2018,8.1,rahul.khanna3516@company.com
502834,Meena Bansal,22.0,it,bengaluru,114774.08,20.3,Active,Bachelors,2025-10-15,9.6,meena.bansal2834@company.com
501191,Preeti Malik,24.0,sales,,71684.81,28.0,active,bachelors,05/22/2022,7.5,preeti.malik1191@company.com
504010,Deepak Pandey,24.0,,Jaipur,74238.62,10.4,active,,10-12-2015,7.0,deepak.pandey4010@company.com
502930,ritu bansal,29.0,,Pune,122860.95,5.3,active,PhD,16/06/2019,2.2,ritu.bansal2930@company.com
502598,Manish Rastogi,32.0,Marketing,Mumbai,43730.06,22.9,,,05/04/2019,4.1,manish.rastogi2598@company.com
504492,Nikhil Yadav,39.0,Marketing,Kolkata,,,Inactive,PhD,04/12/2020,2.6,nikhil.yadav4492@company.com
501972,Kavita Sinha,59.0,Logistics,,40183.46,15.6,On Leave,bachelors,2020-07-20,4.4,kavita.sinha1972@company.com
500174,Shreya Goel,46.0,,Ahmedabad,99644.88,23.8,Inactive,bachelors,17/06/2023,8.3,shreya.goel174@company.com
503632,Rahul Pandey,48.0,it,Mumbai,130472.89,22.6,On Leave,Masters,2015-11-08,9.3,rahul.pandey3632@company.com
501235,  Preeti Sinha  ,54.0,Operations,,141366.66,18.5,Inactive,,09/16/2016,3.4,preeti.sinha1235@company.com
504541,Nikhil Goel,57.0,Sales,MUMBAI,90368.27,28.1,INACTIVE,Masters,2018-03-14,8.7,nikhil.goel4541@company.com
504028,Karan Yadav,43.0,Sales,Mumbai,92689.11,10.9,On Leave,bachelors,13/05/2015,6.5,karan.yadav4028@company.com
503693,Deepak Khanna,59.0,HR,Chennai ,147098.59,1.7,active,Bachelors,19/12/2021,9.9,deepak.khanna3693@company.com
501218,Arjun Choudhary,34.0,MARKETING,Delhi,,17.2,Inactive,PhD,09/12/2015,3.6,arjun.choudhary1218@company.com
502489,Divya Pandey,58.0,Finance,Bengaluru,137369.27,26.6,,,24/02/2020,8.7,divya.pandey2489@company.com
504320,Rahul Dixit,42.0,MARKETING, Delhi,60798.83,15.2,On Leave,,15-08-2023,,rahul.dixit4320@company.com
502595,Swati Sinha,35.0,Support,,62586.07,0.3,,Masters,09/07/2016,1.7,
502143,SNEHA BOSE,40.0,Support,Bengaluru,69751.27,31.3,On Leave,MASTERS,24/08/2021,,sneha.bose2143@company.com
503962,Kavita Goel,43.0,Finance,Kolkata,75003.03,13.7,INACTIVE,PhD,12-04-2025,7.7,kavita.goel3962@company.com
504117,Sanjay Khanna,29.0,IT,bengaluru,149675.36,,Active,,10/26/2022,5.7,sanjay.khanna4117@company.com
501279,Rahul Yadav,,sales,Kolkata,149113.43,15.7,Active,Masters,2018-10-09,4.5,rahul.yadav1279@company.com
501414,Kavita Bansal,34.0,Sales,Lucknow,65683.01,23.7,On Leave,MASTERS,2023-09-21,7.6,kavita.bansal1414@company.com
501313,Arjun Chauhan,51.0,Operations,Ahmedabad,51344.83,31.8,,bachelors,25-11-2021,3.4,arjun.chauhan1313@company.com
503862,Amit Thakur,57.0,it,Delhi,37122.95,27.8,On Leave,Bachelors,2018-08-07,4.6,amit.thakur3862@company.com
503142,Sanjay Pandey,49.0,,Mumbai,124525.11,4.6,active,,2018-08-06,9.1,sanjay.pandey3142@company.com
501518,vijay nanda,31.0,,Chennai,24498.05,29.4,Active,MASTERS,05-11-2017,3.6,
504639,Rohan Yadav,47.0,Finance,bengaluru,89478.91,31.1,INACTIVE,Diploma,,4.1,rohan.yadav4639@company.com
500893,Deepak Thakur,38.0,,,69492.49,2.1,Inactive,Diploma,01/21/2023,,deepak.thakur893@company.com
500319,Karan Trivedi,22.0,IT,Pune,70888.27,34.2,,bachelors,2020-12-11,3.1,karan.trivedi319@company.com
503025,Rahul Choudhary,24.0,Support,,20166.15,7.8,Active,Diploma,2017-11-22,7.5,rahul.choudhary3025@company.com
501074,Vijay Khanna,33.0,HR,Bengaluru,42149.81,5.4,,Diploma,2016-06-11,7.8,vijay.khanna1074@company.com
501789,Karan Thakur,57.0,HR,Hyderabad,31520.54,23.2,On Leave,PhD,05/13/2025,8.5,karan.thakur1789@company.com
501388,Ashok Sinha,,Marketing,Delhi,43629.97,6.8,active,,16/05/2017,3.5,ashok.sinha1388@company.com
500421,VIKRAM THAKUR,23.0,Marketing,Chennai,48779.76,22.6,Inactive,Diploma,2018-12-20,4.7,vikram.thakur421@company.com
501525,RAHUL PANDEY,59.0,IT,Jaipur,38601.52,6.3,active,,2025-05-20,6.8,rahul.pandey1525@company.com
500891,pooja nanda,49.0,,Mumbai,34616.53,26.8,INACTIVE,Diploma,05/03/2023,8.4,pooja.nanda891@company.com
502228,RAHUL AGARWAL,49.0,Logistics,,75016.67,4.0,On Leave,PhD,14/11/2017,2.1,rahul.agarwal2228@company.com
500051,Nikhil Dixit,52.0,sales,Chennai ,100238.48,30.6,,,03-03-2017,5.2,nikhil.dixit51@company.com
502440,Simran Dixit,55.0,,Pune,142084.65,21.2,active,Diploma,20-02-2025,8.9,simran.dixit2440@company.com
500071,simran goel,58.0,Support,Bengaluru,50037.43,0.0,active,Masters,09/09/2021,,simran.goel71@company.com
502376,Divya Bose,45.0,,,116105.51,,Active,PhD,03/06/2024,7.4,divya.bose2376@company.com
502024,Nisha Agarwal,56.0,Marketing,Hyderabad,59260.87,2.7,,PhD,2022-07-16,6.6,nisha.agarwal2024@company.com
503050,Preeti Chauhan,34.0,Operations,Delhi,58940.02,23.5,,,,,preeti.chauhan3050@company.com
504510,Ashok Ghosh,26.0,it,Chennai,129907.43,,On Leave,PhD,,4.7,ashok.ghosh4510@company.com
504345,Deepak Mishra,29.0,MARKETING,Chennai ,,26.7,active,Masters,2016-01-10,,deepak.mishra4345@company.com
504226,isha khanna,31.0,Operations,Lucknow,102380.37,19.0,Inactive,MASTERS,20-04-2015,7.0,isha.khanna4226@company.com
500060,Rohan Sinha,23.0,it,Lucknow,135623.07,0.3,INACTIVE,MASTERS,07/05/2016,8.1,rohan.sinha60@company.com
502477,Ashok Bose,43.0,it,,66840.27,24.3,Active,Diploma,2016-10-14,6.8,ashok.bose2477@company.com
501151,Nisha Yadav,59.0,it,Chennai,104303.22,12.2,On Leave,MASTERS,25/07/2019,7.9,nisha.yadav1151@company.com
500195,Karan Saxena,,sales,Ahmedabad,141284.82,13.5,Active,Masters,18/03/2022,8.8,karan.saxena195@company.com
501124,Gaurav Goel,43.0,sales,,92249.12,5.5,On Leave,PhD,14/02/2015,2.2,gaurav.goel1124@company.com
502918,Sanjay Dixit,27.0,Sales,MUMBAI,44490.09,18.9,,PhD,,8.4,sanjay.dixit2918@company.com
504968,Nisha Dixit,41.0,MARKETING,Bengaluru,114985.33,6.9,Inactive,PhD,2015-04-27,,nisha.dixit4968@company.com
502982,Ritu Thakur,35.0,sales,Jaipur,142056.21,23.2,active,,03/12/2018,6.7,ritu.thakur2982@company.com
500567,Swati Malik,48.0,HR,bengaluru,142434.91,15.7,,,05-05-2022,1.1,swati.malik567@company.com
501881,Simran Thakur,51.0,,Chennai,62651.93,5.4,,PhD,20/02/2018,4.1,simran.thakur1881@company.com
500308,Priya Sinha,31.0,Marketing,Lucknow,51500.56,23.3,On Leave,MASTERS,2020-08-09,9.9,priya.sinha308@company.com
500686,Pooja Dixit,42.0,sales,Bengaluru,101575.7,6.4,,Masters,09/14/2022,,pooja.dixit686@company.com
504849,Meena Sinha,51.0,IT,Hyderabad,140321.11,14.5,INACTIVE,Masters,2021-02-24,7.6,meena.sinha4849@company.com
502257,Priya Ghosh,33.0,,Delhi,104230.9,14.1,INACTIVE,MASTERS,02/07/2023,2.0,priya.ghosh2257@company.com
504558,Suresh Saxena,51.0,Marketing,Mumbai,56760.54,14.6,active,,2017-10-15,8.8,suresh.saxena4558@company.com
500645,karan pandey,21.0,IT,bengaluru,111313.89,3.1,On Leave,Bachelors,26/08/2022,7.1,karan.pandey645@company.com
502470,Priya Thakur,41.0,Logistics,Lucknow,142030.18,,Inactive,,16-06-2021,9.2,priya.thakur2470@company.com
504348,Vikram Agarwal,22.0,Sales,Chennai ,110052.6,21.8,,Diploma,,5.2,
502287,Ashok Rastogi,56.0,it,bengaluru,115552.68,11.4,Active,Masters,22-10-2022,2.2,ashok.rastogi2287@company.com
500295,Rahul Saxena,36.0,it,Bengaluru,-100519.54,11.7,Active,,10-09-2025,8.4,rahul.saxena295@company.com
501953,Anjali Bansal,48.0,,Pune,139539.65,15.7,Active,,,9.9,anjali.bansal1953@company.com
503584,Ritu Sinha,57.0,HR,Pune,138495.61,10.1,INACTIVE,PhD,2018-05-19,8.7,ritu.sinha3584@company.com
504318,Sanjay Bose,55.0,HR,MUMBAI,113826.51,27.9,Inactive,Bachelors,27-01-2015,4.3,sanjay.bose4318@company.com
500258,Suresh Dixit,27.0,IT,,74965.29,22.0,active,Masters,15-08-2018,3.9,suresh.dixit258@company.com
501517,Anjali Saxena,31.0,,Delhi,28147.69,14.8,active,Bachelors,14/02/2022,2.5,anjali.saxena1517@company.com
501147,Arjun Saxena,35.0,HR, Delhi,141162.69,12.1,Inactive,,24-12-2017,2.6,arjun.saxena1147@company.com
500432,Manish Choudhary,,Operations,Chennai ,129798.06,30.8,Active,Masters,06-03-2019,1.1,manish.choudhary432@company.com
501779,Priya Trivedi,42.0,sales,,29730.26,21.2,INACTIVE,Diploma,2015-05-25,8.3,
502054,Vijay Sinha,26.0,Sales,MUMBAI,139171.91,17.5,Inactive,MASTERS,2020-10-22,2.2,vijay.sinha2054@company.com
504252,Rahul Saxena,30.0,,Delhi,117653.18,26.0,,Diploma,02/10/2024,7.6,rahul.saxena4252@company.com
502602,Arjun Mishra,30.0,,Delhi,132977.01,26.7,,Masters,10/12/2024,7.3,arjun.mishra2602@company.com
504023,Meena Rastogi,49.0,Support, Delhi,109465.36,33.0,Active,PhD,05/07/2018,6.9,meena.rastogi4023@company.com
504478,Priya Nanda,42.0,sales, Delhi,90687.67,22.1,Inactive,PhD,2020-07-27,2.5,priya.nanda4478@company.com
502291,Deepak Bansal,,Sales, Delhi,32510.28,18.0,active,Masters,05/05/2023,1.4,deepak.bansal2291@company.com
503236,Deepak Bansal,51.0,sales,Pune,32780.99,12.2,Active,PhD,01/06/2016,3.8,deepak.bansal3236@company.com
502869,Amit Pandey,44.0,HR,Kolkata,98214.33,4.0,Inactive,Bachelors,2025-09-05,6.0,amit.pandey2869@company.com
500554,Isha Dixit,29.0,Sales,bengaluru,121612.81,18.0,Active,,09/19/2020,,isha.dixit554@company.com
503987,Rahul Rastogi,31.0,sales,MUMBAI,33828.51,32.3,Inactive,,08-10-2016,9.9,rahul.rastogi3987@company.com
502017,Rohan Dixit,58.0,it,Chennai,116810.61,9.8,Active,,04/25/2019,3.3,rohan.dixit2017@company.com
504634,ARJUN KHANNA,53.0,Sales,,88955.68,,On Leave,bachelors,17/06/2020,6.1,arjun.khanna4634@company.com
504644,Vijay Agarwal,30.0,sales,Jaipur,22116.56,27.0,Inactive,Diploma,16/05/2017,6.3,vijay.agarwal4644@company.com
504457,Kavita Trivedi,50.0,sales,Chennai,129390.74,21.6,Inactive,bachelors,14-05-2017,,kavita.trivedi4457@company.com
500865,Manish Malik,31.0,it,Mumbai,99030.55,14.9,INACTIVE,PhD,2021-05-24,5.4,manish.malik865@company.com
500625,SANJAY BHATIA,48.0,Marketing,,26890.93,28.7,active,MASTERS,05/07/2019,,sanjay.bhatia625@company.com
501664,Vikram Ghosh,37.0,Marketing,,121769.36,12.2,active,,09-10-2020,4.0,vikram.ghosh1664@company.com
502821,RITU DIXIT,40.0,,bengaluru,43296.36,9.7,active,,02-06-2021,7.3,ritu.dixit2821@company.com
500108,Kavita Thakur,44.0,it,Kolkata,30020.35,26.0,On Leave,PhD,13/11/2019,,kavita.thakur108@company.com
500476,Vijay Choudhary,30.0,Marketing,Delhi,44545.96,17.4,Inactive,Bachelors,2018-07-24,3.6,vijay.choudhary476@company.com
503861,Simran Choudhary,43.0,IT,Bengaluru,26902.05,19.9,Inactive,,02-05-2017,6.0,simran.choudhary4585@company.com
501209,SURESH TRIVEDI,54.0,Support,Lucknow,72359.22,1.5,Active,bachelors,,7.4,suresh.trivedi1209@company.com
500058,Divya Ghosh,54.0,Finance,,45839.76,18.4,INACTIVE,Diploma,12/25/2021,,divya.ghosh58@company.com
500590,Vijay Bhatia,57.0,MARKETING,Bengaluru,46756.29,24.1,active,Masters,,4.5,vijay.bhatia590@company.com
502124,suresh mishra,,Logistics,,76569.19,20.1,INACTIVE,Masters,12-09-2015,4.4,suresh.mishra2124@company.com
501712,Manish Bhatia,29.0,Finance,Kolkata,126561.23,2.1,,,2019-03-14,8.2,manish.bhatia1712@company.com
503554,Arjun Trivedi,22.0,Marketing,Hyderabad,108573.85,31.9,INACTIVE,,04/16/2016,,arjun.trivedi3554@company.com
501952,Priya Ghosh,49.0,sales,Mumbai,77452.12,4.6,Active,,2025-03-10,1.9,priya.ghosh1952@company.com
503556,Pooja Chauhan,40.0,HR,Delhi,,32.2,,Bachelors,2015-03-24,2.8,pooja.chauhan3556@company.com
504635,Vikram Saxena,37.0,Sales, Delhi,85121.11,7.0,Inactive,MASTERS,11/11/2016,8.8,vikram.saxena4635@company.com
504236,Sneha Trivedi,54.0,Support,Delhi,21192.19,8.1,Active,Bachelors,13-05-2015,9.5,sneha.trivedi4236@company.com
504726,Meena Agarwal,22.0,Marketing,bengaluru,94123.94,22.2,,Bachelors,05/01/2024,8.3,meena.agarwal4726@company.com
502123,Ritu Rastogi,37.0,,Delhi,81527.43,11.9,,PhD,21-08-2020,4.0,ritu.rastogi2123@company.com
502446,Simran Khanna,56.0,IT,Pune,46262.43,10.1,On Leave,,13-05-2019,4.4,simran.khanna2446@company.com
503900,Gaurav Agarwal,52.0,sales,Chennai ,122220.84,27.9,Active,Bachelors,26-10-2020,,gaurav.agarwal3900@company.com
504142,Karan Rastogi,33.0,Operations,,47101.26,34.9,INACTIVE,Bachelors,01-04-2018,2.2,karan.rastogi4142@company.com
502298,KARAN DIXIT,56.0,HR,Hyderabad,37691.12,22.1,INACTIVE,Diploma,2018-12-21,6.3,karan.dixit2298@company.com
501002,Rohan Agarwal,39.0,Operations,,125366.01,32.5,active,Bachelors,,5.2,rohan.agarwal1002@company.com
502374,Rohan Bose,49.0,Sales,,88425.33,12.6,Inactive,Bachelors,03-04-2017,5.2,rohan.bose2374@company.com
503986,AMIT SINHA,32.0,it,,111916.03,3.9,Active,bachelors,2017-01-16,7.7,amit.sinha3986@company.com
500287,Anjali Malik,53.0,,Chennai,83070.85,22.0,INACTIVE,Diploma,22/09/2016,4.7,anjali.malik287@company.com
504538,Arjun Ghosh,33.0,Marketing,Chennai,98626.53,28.7,,bachelors,10/21/2015,6.6,arjun.ghosh4538@company.com
500593,Preeti Chauhan,45.0,Support,,135368.93,,Inactive,Masters,08-12-2022,,preeti.chauhan593@company.com
504904,Vikram Nanda,38.0,,Chennai,100550.23,1.8,Active,MASTERS,06/06/2021,,vikram.nanda4904@company.com
502779,Manish Khanna,34.0,MARKETING,Lucknow,41124.22,31.1,On Leave,PhD,03/08/2018,,manish.khanna2779@company.com
504241,Ashok Sinha,29.0,Support,,,12.8,Active,Masters,12/18/2022,4.9,ashok.sinha4241@company.com
502750,Rajesh Mishra,35.0,it,,40465.25,,Inactive,PhD,11/04/2022,6.8,rajesh.mishra2750@company.com
503260,Pooja Khanna,48.0,Operations,Mumbai,72135.9,15.5,INACTIVE,PhD,11/18/2022,3.0,pooja.khanna3260@company.com
503504,Pooja Mishra,35.0,Logistics,Chennai ,132671.73,26.9,INACTIVE,MASTERS,2022-08-17,,pooja.mishra3504@company.com
502605,Anjali Thakur,51.0,Support,Bengaluru,146509.05,1.6,INACTIVE,bachelors,02/07/2022,8.4,anjali.thakur2605@company.com
501196,Nikhil Nanda,36.0,Logistics,Pune,42900.88,0.6,Active,Masters,06/02/2015,5.3,nikhil.nanda1196@company.com
504413,Amit Khanna,28.0,Marketing,Ahmedabad,101204.5,3.9,Active,,09/11/2018,7.4,amit.khanna4413@company.com
504043,Nikhil Bansal,,HR,,54437.38,0.0,INACTIVE,Bachelors,10/24/2019,3.8,nikhil.bansal4043@company.com
503826,Rahul Sinha,29.0,sales,Pune,131789.99,17.9,On Leave,Masters,25-10-2023,6.2,rahul.sinha3826@company.com
504235,Shreya Yadav,44.0,Finance,,77923.78,10.4,,MASTERS,11/24/2025,2.5,shreya.yadav4235@company.com
502431,Anjali Saxena,29.0,Finance,Lucknow,65712.54,17.5,,bachelors,17/01/2020,,anjali.saxena2431@company.com
500435,Ashok Sinha,46.0,Marketing,Pune,94669.16,11.2,INACTIVE,Diploma,15-02-2023,6.0,ashok.sinha435@company.com
503934,Suresh Mishra,46.0,sales,Bengaluru,100535.45,17.3,INACTIVE,Masters,06/24/2016,,suresh.mishra3934@company.com
504792,Vijay Thakur,54.0,,bengaluru,146325.15,27.8,Inactive,Diploma,22-06-2017,5.0,vijay.thakur4792@company.com
503908,Anjali Khanna,46.0,Operations,Lucknow,100955.01,6.8,,bachelors,07-04-2024,4.1,anjali.khanna3908@company.com
504688,Neha Pandey,54.0,Logistics,Chennai,45569.13,29.0,INACTIVE,bachelors,2019-04-23,9.0,neha.pandey4688@company.com
501652,Sneha Ghosh,46.0,,Chennai,58838.62,,Inactive,,08/03/2016,4.5,sneha.ghosh1652@company.com
502740,Isha Malik,59.0,it,Jaipur,99345.46,2.3,active,,25/01/2016,4.8,isha.malik2740@company.com
504662,VIJAY RASTOGI,51.0,Logistics, Delhi,56465.59,26.7,Inactive,,07/07/2024,5.0,vijay.rastogi4662@company.com
502533,Deepak Dixit,56.0,it,Chennai,48720.3,24.6,INACTIVE,Diploma,06/15/2024,5.4,deepak.dixit2533@company.com
501221,AMIT CHAUHAN,21.0,IT,Delhi,53606.39,33.4,,,11-01-2022,3.0,amit.chauhan1221@company.com
503902,Nisha Bansal,34.0,Finance,Mumbai,82621.27,13.9,active,,19/08/2020,8.6,nisha.bansal3902@company.com
501564,PREETI KHANNA,55.0,,Mumbai,81476.56,34.7,,MASTERS,07/21/2023,5.3,preeti.khanna1564@company.com
502516,Isha Bansal,54.0,Marketing,,30094.96,16.2,,,08/25/2021,4.5,isha.bansal2516@company.com
502526,AMIT MISHRA,46.0,MARKETING,Lucknow,118272.14,13.6,Active,MASTERS,04/14/2022,9.3,amit.mishra2526@company.com
501250,Isha Yadav,52.0,Support,Jaipur,29887.54,30.1,,Masters,21-02-2015,5.1,isha.yadav1250@company.com
500957,Deepak Thakur,33.0,sales,Mumbai,75830.3,,On Leave,Bachelors,03/22/2016,2.6,deepak.thakur957@company.com
501962,Meena Thakur,32.0,Sales,Lucknow,97608.79,10.8,active,PhD,26-11-2025,3.7,meena.thakur1962@company.com
504800,SWATI THAKUR,25.0,,MUMBAI,42403.23,29.9,active,MASTERS,01/01/2022,1.8,swati.thakur4800@company.com
503311,Vikram Malik,34.0,sales,Ahmedabad,88594.09,13.0,active,bachelors,11/23/2017,,vikram.malik3311@company.com
501396,Rajesh Nanda,53.0,Logistics,Pune,94587.12,24.6,INACTIVE,Bachelors,2025-12-08,7.8,rajesh.nanda1396@company.com
500088,Pooja Saxena,41.0,Marketing,Lucknow,-99015.35,16.7,active,Diploma,18/11/2018,4.9,pooja.saxena88@company.com
501009,Gaurav Malik,53.0,Support,Ahmedabad,112737.27,28.0,Inactive,,10/01/2019,3.4,gaurav.malik1009@company.com
503143,Vijay Thakur,30.0,Marketing, Delhi,146040.0,18.1,,Diploma,21/07/2018,,vijay.thakur3143@company.com
501634,Vijay Dixit,42.0,IT,Ahmedabad,146941.8,7.9,active,Bachelors,2025-02-13,1.1,vijay.dixit1634@company.com
500995,Neha Trivedi,50.0,MARKETING, Delhi,34894.62,13.3,INACTIVE,PhD,2019-09-09,,neha.trivedi995@company.com
502300,Karan Dixit,,Finance,bengaluru,31741.24,10.4,Active,bachelors,16-03-2022,9.1,karan.dixit2300@company.com
500916,Anjali Malik,47.0,Logistics,Pune,52017.25,30.1,,bachelors,18-01-2020,4.9,anjali.malik916@company.com
504285,Priya Goel,59.0,Logistics,Pune,55673.07,12.6,Active,PhD,03/05/2016,6.8,priya.goel4285@company.com
503232,Nisha Thakur,46.0,Marketing,bengaluru,85780.64,29.7,Active,Diploma,16/05/2019,8.9,nisha.thakur3232@company.com
500795,Isha Khanna,31.0,it,MUMBAI,28831.07,0.1,Active,,2025-03-20,5.2,isha.khanna795@company.com
500034,Sanjay Yadav,27.0,it,Hyderabad,22312.86,29.3,On Leave,Bachelors,2015-08-03,,
500988,Ashok Ghosh,52.0,Finance,Kolkata,67843.7,29.4,Active,Masters,09/05/2019,8.8,ashok.ghosh817@company.com
501460,AMIT BOSE,59.0,it, Delhi,81363.66,17.8,,MASTERS,,5.0,amit.bose1460@company.com
504796,POOJA CHOUDHARY,37.0,Support,Chennai,72646.2,33.6,INACTIVE,Masters,14/11/2019,,pooja.choudhary4796@company.com
502667,Ritu Khanna,48.0,Sales,Delhi,89265.16,8.7,active,bachelors,07/24/2023,1.4,ritu.khanna2667@company.com
501164,Suresh Bansal,59.0,Sales,,131541.8,25.3,Inactive,MASTERS,15-12-2016,9.1,suresh.bansal1164@company.com
502844,manish malik,50.0,,Mumbai,53307.71,4.1,,bachelors,12/09/2017,7.1,manish.malik2844@company.com
503329,Karan Pandey,29.0,Marketing, Delhi,,33.2,active,MASTERS,2019-02-19,1.4,karan.pandey3329@company.com
503488,Deepak Goel,34.0,Operations,Chennai,,8.6,Inactive,Diploma,2017-10-13,2.2,deepak.goel3488@company.com
501546,Preeti Ghosh,41.0,Operations,MUMBAI,106404.22,32.9,INACTIVE,,12/04/2016,8.4,preeti.ghosh1546@company.com
501217,Divya Trivedi,34.0,Marketing,Chennai,89635.34,34.0,Active,PhD,10/07/2016,5.2,divya.trivedi1217@company.com
501327,Kavita Mishra,26.0,Support,Chennai,101381.41,21.5,On Leave,Masters,2015-12-22,8.1,kavita.mishra1327@company.com
501891,Isha Agarwal,48.0,HR,Chennai ,53050.67,30.5,Inactive,,2016-07-15,10.0,isha.agarwal1891@company.com
501901,RAHUL CHAUHAN,38.0,Marketing,Delhi,51359.23,1.4,,,02/09/2023,8.3,rahul.chauhan1901@company.com
503356,Anjali Khanna,34.0,sales,Kolkata,101203.95,19.6,Inactive,Bachelors,09/16/2021,7.3,anjali.khanna3356@company.com
503795,Suresh Khanna,47.0,Support,Delhi,,13.9,INACTIVE,,2025-12-02,3.3,suresh.khanna3795@company.com
504797,neha chauhan,38.0,MARKETING,Bengaluru,58072.8,4.8,On Leave,bachelors,2018-12-01,3.4,neha.chauhan4797@company.com
501667,Priya Saxena,53.0,MARKETING,,37706.13,7.8,On Leave,Masters,2019-05-13,1.6,priya.saxena1667@company.com
502251,Rahul Thakur,53.0,Marketing, Delhi,42800.07,0.6,INACTIVE,Bachelors,11-06-2018,1.1,rahul.thakur2251@company.com
500879,Neha Saxena,54.0,Support, Delhi,140417.93,,Inactive,Bachelors,09/14/2015,2.6,neha.saxena879@company.com
503206,Ritu Choudhary,57.0,sales, Delhi,,25.6,Active,MASTERS,04/11/2022,2.4,ritu.choudhary3206@company.com
501004,Nikhil Choudhary,56.0,Support,Mumbai,97474.38,34.5,,Bachelors,,1.3,nikhil.choudhary1004@company.com
501345,Priya Mishra,49.0,,Delhi,116821.14,1.4,INACTIVE,,11/22/2021,4.7,priya.mishra1345@company.com
504533,Rahul Khanna,34.0,,Kolkata,70675.11,,On Leave,Masters,15-03-2025,5.7,rahul.khanna4533@company.com
503190,ANJALI CHOUDHARY,57.0,Finance,MUMBAI,,32.9,Active,MASTERS,2023-08-01,1.6,anjali.choudhary3190@company.com
503777,Swati Bansal,51.0,sales,Pune,79516.95,32.7,Active,Diploma,03/01/2019,7.3,swati.bansal3777@company.com
504088,neha dixit,,it,,21743.61,19.7,active,PhD,11-06-2022,6.8,neha.dixit4088@company.com
504839,Simran Goel,47.0,Finance,bengaluru,46849.91,3.6,,Bachelors,04/05/2019,1.9,simran.goel4839@company.com
502460,Shreya Bhatia,39.0,HR,,81445.31,19.8,On Leave,Masters,04-06-2015,7.5,shreya.bhatia2460@company.com
504114,Swati Trivedi,50.0,it,Delhi,127213.79,17.2,active,PhD,18/01/2018,8.9,swati.trivedi4114@company.com
503750,Karan Malik,57.0,MARKETING,Pune,,14.7,,PhD,11/02/2023,,karan.malik3750@company.com
503945,Rajesh Khanna,59.0,MARKETING, Delhi,113549.44,7.0,,MASTERS,12-08-2021,,rajesh.khanna3945@company.com
500164,Manish Rastogi,55.0,Operations,Pune,121346.3,28.0,Active,bachelors,06/12/2017,7.6,manish.rastogi164@company.com
501390,Rahul Goel,28.0,Finance,,74247.1,16.6,On Leave,Bachelors,12-12-2024,,
501415,Rohan Thakur,42.0,,Bengaluru,83075.99,17.3,,bachelors,2021-03-18,,rohan.thakur1415@company.com
500361,Vikram Goel,32.0,Operations,Ahmedabad,50486.61,,active,,01/20/2023,2.1,vikram.goel361@company.com
502626,Priya Saxena,52.0,Finance,Pune,96213.15,22.3,Active,PhD,03/08/2017,7.7,priya.saxena2626@company.com
502009,Sneha Rastogi,47.0,IT,,80073.15,20.9,,Masters,09/02/2017,3.2,sneha.rastogi2009@company.com
500140,Suresh Rastogi,,,Chennai,,5.6,INACTIVE,Masters,16/09/2016,,suresh.rastogi140@company.com
504894,Rajesh Agarwal,52.0,Operations,bengaluru,40449.61,2.7,INACTIVE,bachelors,12/27/2018,1.9,rajesh.agarwal4894@company.com
503866,Nisha Ghosh,58.0,,Lucknow,63621.66,1.1,,Diploma,2019-12-02,9.8,nisha.ghosh3866@company.com
501038,Pooja Ghosh,53.0,Marketing,bengaluru,54870.48,26.5,active,,13-11-2016,7.2,pooja.ghosh1038@company.com
501544,Vikram Bhatia,52.0,Finance,MUMBAI,40174.15,28.3,active,Bachelors,08/12/2023,6.7,vikram.bhatia1544@company.com
502275,Shreya Rastogi,44.0,Finance,,147845.0,2.3,active,Diploma,09-05-2023,5.8,shreya.rastogi2275@company.com
504918,Karan Yadav,50.0,Operations,bengaluru,111249.7,33.6,active,,27/09/2018,6.7,karan.yadav4918@company.com
501598,Ritu Yadav,38.0,HR,Hyderabad,144910.96,6.2,,,05/15/2020,6.0,ritu.yadav1598@company.com
502140,Divya Rastogi,42.0,Marketing,Jaipur,65913.63,25.8,On Leave,bachelors,06/07/2020,4.5,divya.rastogi2140@company.com
504063,ARJUN RASTOGI,29.0,sales,Kolkata,53238.47,17.3,Inactive,bachelors,27-01-2020,4.0,arjun.rastogi4063@company.com
502346,Nisha Mishra,42.0,MARKETING,Delhi,87944.51,31.3,INACTIVE,Bachelors,2019-08-14,1.4,nisha.mishra2346@company.com
503919,Amit Nanda,57.0,MARKETING,bengaluru,,9.3,Active,Diploma,11-03-2017,6.5,amit.nanda3919@company.com
501822,Preeti Bose,36.0,Marketing,Hyderabad,42493.02,8.4,,bachelors,20/11/2019,,preeti.bose1822@company.com
503630,  Gaurav Bhatia  ,26.0,MARKETING,Hyderabad,31946.57,14.0,Active,Diploma,2022-08-16,2.5,gaurav.bhatia3630@company.com
504084,Shreya Rastogi,53.0,Sales,,25383.41,28.6,INACTIVE,PhD,07/06/2018,,shreya.rastogi4084@company.com
500394,Ashok Sinha,21.0,Logistics,Mumbai,33941.22,13.5,INACTIVE,bachelors,2017-10-11,5.2,ashok.sinha394@company.com
500737,arjun ghosh,26.0,Marketing,Mumbai,122953.98,21.8,On Leave,Masters,2022-04-12,2.4,arjun.ghosh737@company.com
501713,Ashok Ghosh,59.0,Marketing,Mumbai,44269.96,21.4,active,Diploma,01/17/2025,2.7,ashok.ghosh1713@company.com
502252,Sneha Sinha,45.0,Operations,Jaipur,47242.72,15.2,Inactive,PhD,,2.5,sneha.sinha2252@company.com
504369,Karan Bansal,51.0,,Lucknow,47918.12,9.2,On Leave,Masters,07-12-2015,,karan.bansal4369@company.com
504429,VIJAY RASTOGI,22.0,,Pune,74603.49,2.4,,,2018-01-19,3.6,vijay.rastogi4429@company.com
500661,Deepak Choudhary,51.0,,Chennai,37086.1,18.8,On Leave,Masters,02-02-2023,4.0,deepak.choudhary661@company.com
502510,Arjun Mishra,34.0,Finance,Lucknow,28293.1,31.4,INACTIVE,,2024-07-09,7.8,arjun.mishra2510@company.com
501192,Nisha Yadav,21.0,sales, Delhi,101341.76,33.6,Inactive,bachelors,11/08/2025,9.2,nisha.yadav1192@company.com
500977,Simran Trivedi,24.0,Operations,Pune,,32.4,Active,MASTERS,09/22/2015,7.1,simran.trivedi977@company.com
503708,Isha Bansal,44.0,Marketing,,76014.71,13.5,,Diploma,13-12-2015,6.0,isha.bansal3708@company.com
502588,Ritu Dixit,40.0,Marketing,Hyderabad,105641.84,31.3,Inactive,,18/09/2024,2.1,ritu.dixit2588@company.com
500148,Anjali Choudhary,,Sales,Hyderabad,112096.41,33.5,active,MASTERS,06/19/2023,2.4,anjali.choudhary148@company.com
504586,Manish Thakur,22.0,Sales,Lucknow,35943.81,19.4,Active,,10-01-2019,8.4,manish.thakur4586@company.com
500018,Arjun Goel,59.0,,,145295.5,34.1,INACTIVE,bachelors,12/02/2019,4.4,arjun.goel18@company.com
501467,Nikhil Saxena,21.0,Marketing,Kolkata,29444.73,0.8,,MASTERS,02/17/2021,8.8,nikhil.saxena1467@company.com
502385,Shreya Choudhary,57.0,Support,Lucknow,126575.8,19.1,INACTIVE,MASTERS,06/06/2019,3.5,shreya.choudhary2385@company.com
500673,RITU CHOUDHARY,52.0,sales,Chennai ,68898.11,29.2,,Bachelors,02/13/2020,3.6,ritu.choudhary673@company.com
504601,Vijay Saxena,53.0,Logistics,Chennai,83400.39,33.7,Active,bachelors,2017-02-24,4.1,vijay.saxena4601@company.com
504504,Priya Malik,42.0,,Chennai,52963.97,22.7,On Leave,,07/10/2023,7.8,priya.malik4504@company.com
503417,  Simran Mishra  ,23.0,IT,Bengaluru,85884.22,30.7,active,MASTERS,21-01-2015,7.7,simran.mishra3417@company.com
502368,Arjun Sinha,30.0,,Ahmedabad,48807.9,6.0,active,Bachelors,2019-09-18,4.4,arjun.sinha2368@company.com
503653,Arjun Choudhary,21.0,HR,,44546.45,6.7,INACTIVE,Diploma,04/09/2018,,arjun.choudhary3653@company.com
500578,Shreya Bansal,,,Delhi,66718.56,24.2,active,PhD,02/20/2017,6.6,shreya.bansal578@company.com
500742,Nikhil Nanda,57.0,,Jaipur,28720.23,5.8,INACTIVE,Bachelors,23-08-2019,5.3,nikhil.nanda742@company.com
502744,Vijay Trivedi,43.0,Operations,Mumbai,27180.37,10.9,Active,MASTERS,14/11/2018,,vijay.trivedi2744@company.com
503387,Nikhil Bhatia,29.0,MARKETING,Chennai,53569.82,6.5,Active,PhD,2021-08-21,9.5,nikhil.bhatia3387@company.com
501942,Rajesh Chauhan,27.0,HR,,126217.62,2.4,On Leave,PhD,09/01/2025,4.0,rajesh.chauhan1942@company.com
502831,Nikhil Choudhary,39.0,it,Kolkata,74211.98,8.6,Inactive,Masters,21/01/2025,8.3,nikhil.choudhary2831@company.com
501499,Nikhil Bhatia,27.0,Logistics,MUMBAI,42442.7,22.4,Inactive,,01/21/2016,6.1,nikhil.bhatia1499@company.com
500448,Ashok Choudhary,27.0,Marketing,Chennai,63319.99,6.3,Inactive,bachelors,04/15/2018,,ashok.choudhary448@company.com
501015,  Preeti Sinha  ,21.0,,,143295.34,29.1,active,PhD,10/21/2025,,preeti.sinha1015@company.com
502851,Deepak Thakur,53.0,Support, Delhi,109508.37,11.8,,Bachelors,03/22/2019,3.9,deepak.thakur2851@company.com
501071,Priya Khanna,45.0,it,Jaipur,128562.16,24.4,INACTIVE,,10/24/2022,7.2,priya.khanna1071@company.com
502439,Sneha Chauhan,43.0,HR,MUMBAI,135021.66,26.4,INACTIVE,,03/01/2025,1.8,sneha.chauhan2439@company.com
502754,Pooja Trivedi,44.0,it,bengaluru,31899.34,31.3,INACTIVE,bachelors,04/15/2022,1.5,pooja.trivedi2754@company.com
502210,Sneha Chauhan,43.0,Support,Delhi,96687.56,26.3,,bachelors,17/06/2018,7.1,sneha.chauhan2210@company.com
504452,Gaurav Bhatia,44.0,Sales,Mumbai,137882.36,5.0,active,,2020-07-21,2.8,
502342,Kavita Dixit,33.0,sales,,95552.4,,Inactive,Bachelors,2023-09-01,5.3,kavita.dixit2342@company.com
501474,Swati Pandey,24.0,HR,Hyderabad,71835.05,15.7,INACTIVE,bachelors,01/26/2017,6.4,swati.pandey1474@company.com
500074,Arjun Bansal,25.0,Support,Jaipur,89247.7,9.8,INACTIVE,,24/08/2022,7.3,arjun.bansal74@company.com
500106,Nikhil Goel,51.0,Marketing,Chennai ,45708.85,32.4,,,11/01/2021,4.9,nikhil.goel106@company.com
503163,Sanjay Dixit,28.0,,MUMBAI,58403.3,2.4,Active,,03/05/2016,4.7,sanjay.dixit3163@company.com
503469,Suresh Dixit,29.0,IT,Pune,144628.35,1.6,Inactive,Diploma,2025-08-09,3.9,suresh.dixit3469@company.com
504363,Vikram Rastogi,56.0,,Pune,134311.29,3.2,INACTIVE,,19-11-2024,4.3,vikram.rastogi4363@company.com
503121,Suresh Bose,37.0,Marketing,Chennai ,85734.55,26.1,,Diploma,2025-01-24,3.1,suresh.bose3121@company.com
503441,Sanjay Bose,33.0,Logistics,Kolkata,49340.95,27.1,On Leave,Bachelors,08-04-2015,4.2,sanjay.bose3441@company.com
503376,Deepak Nanda,53.0,sales,,126641.34,10.0,,PhD,,3.7,deepak.nanda3376@company.com
503144,karan pandey,53.0,HR,Pune,71455.44,27.8,Inactive,,05/08/2018,1.3,karan.pandey3144@company.com
503684,Nikhil Bansal,39.0,Operations,Pune,,31.1,Inactive,PhD,15/01/2015,1.0,nikhil.bansal3684@company.com
503551,Arjun Bhatia,34.0,it,Chennai,92903.09,34.6,On Leave,Diploma,15-03-2021,1.1,arjun.bhatia3551@company.com
502542,MANISH GHOSH,36.0,Operations,Kolkata,,21.9,INACTIVE,PhD,24/03/2025,2.6,manish.ghosh2542@company.com
501448,Nisha Khanna,29.0,Sales, Delhi,102739.02,32.1,Inactive,bachelors,,9.6,nisha.khanna1448@company.com
500344,Rohan Dixit,34.0,it,Jaipur,124547.91,17.9,INACTIVE,bachelors,2021-12-17,2.4,rohan.dixit344@company.com
502451,karan goel,35.0,IT,Pune,51532.43,11.0,active,,05-02-2018,9.0,karan.goel2451@company.com
503233,Neha Goel,58.0,Support,Chennai,69702.08,34.9,Inactive,bachelors,02/08/2016,5.4,neha.goel3233@company.com
501747,Meena Pandey,28.0,IT,,47256.35,,Inactive,PhD,,7.4,meena.pandey1747@company.com
500824,neha mishra,,it,Pune,103201.09,28.7,INACTIVE,Diploma,05-01-2017,1.1,neha.mishra824@company.com
500364,Rajesh Sinha,52.0,sales,Ahmedabad,42370.95,27.1,active,bachelors,2016-10-09,7.6,rajesh.sinha364@company.com
502724,Meena Pandey,24.0,HR,Chennai,61455.98,26.4,active,,2018-02-21,1.6,meena.pandey2724@company.com
502889,  Divya Agarwal  ,49.0,Logistics,Delhi,146948.25,31.4,Active,Bachelors,2024-07-11,2.5,divya.agarwal2889@company.com
500209,Nisha Mishra,34.0,IT,Bengaluru,55752.82,6.8,On Leave,Masters,09-06-2021,1.6,nisha.mishra209@company.com
503407,Rohan Pandey,33.0,,Kolkata,120826.34,19.1,INACTIVE,MASTERS,05/12/2021,5.6,rohan.pandey3407@company.com
500677,Kavita Bose,25.0,IT,Bengaluru,129216.02,18.6,Active,Diploma,09/01/2021,1.2,kavita.bose677@company.com
501897,vijay bhatia,28.0,Support,,110472.76,31.7,Active,PhD,,9.4,vijay.bhatia1897@company.com
500739,NEHA CHAUHAN,40.0,sales,MUMBAI,23790.96,11.7,On Leave,Bachelors,2016-10-06,3.6,neha.chauhan739@company.com
504920,Sanjay Yadav,53.0,,Chennai,37304.23,9.9,INACTIVE,bachelors,2021-11-11,1.9,sanjay.yadav4920@company.com
502987,Sanjay Dixit,50.0,HR,Hyderabad,,31.3,INACTIVE,,13-08-2020,4.6,sanjay.dixit2987@company.com
500800,ROHAN CHAUHAN,,MARKETING,MUMBAI,62651.4,18.1,Active,Masters,15-05-2023,,rohan.chauhan800@company.com
502638,ritu mishra,44.0,IT,bengaluru,115690.23,8.6,On Leave,,2020-01-05,9.1,ritu.mishra2638@company.com
504499,Rajesh Malik,21.0,it,,103265.44,29.7,Inactive,Bachelors,11/01/2017,4.5,rajesh.malik4499@company.com
503821,Amit Trivedi,33.0,,,137619.53,31.4,INACTIVE,MASTERS,10/12/2015,7.3,amit.trivedi3821@company.com
502686,Isha Bose,21.0,IT,Delhi,73997.55,2.6,INACTIVE,bachelors,03/06/2025,3.5,isha.bose2686@company.com
503793,Gaurav Mishra,47.0,Marketing,Chennai,,22.7,INACTIVE,PhD,19-10-2016,6.1,gaurav.mishra3793@company.com
503805,Sneha Saxena,57.0,Sales,Pune,79095.4,8.1,INACTIVE,Bachelors,20/09/2018,8.1,sneha.saxena3805@company.com
504724,Sneha Saxena,42.0,,bengaluru,59053.61,,On Leave,PhD,10/15/2023,9.6,sneha.saxena4724@company.com
504893,Isha Thakur,41.0,Operations,,36913.97,16.8,INACTIVE,,25/06/2016,6.2,isha.thakur4893@company.com
504004,  Pooja Sinha  ,41.0,sales,,75869.39,26.0,Inactive,Diploma,04/20/2019,9.2,pooja.sinha4004@company.com
500486,Meena Agarwal,37.0,Logistics,Bengaluru,97215.42,10.3,INACTIVE,MASTERS,03/08/2019,,meena.agarwal486@company.com
504072,GAURAV SAXENA,55.0,Finance,Kolkata,32091.57,14.4,Inactive,,2023-11-06,2.6,gaurav.saxena4072@company.com
500903,  Pooja Choudhary  ,41.0,Logistics,Mumbai,116930.16,13.2,Active,MASTERS,26-06-2023,7.9,pooja.choudhary903@company.com
501679,Preeti Rastogi,40.0,it,Ahmedabad,46973.85,15.1,active,bachelors,26/05/2019,5.1,preeti.rastogi1679@company.com
500561,Ashok Goel,55.0,Support,Bengaluru,63788.48,,INACTIVE,Masters,2020-05-04,6.1,ashok.goel561@company.com
503378,Kavita Choudhary,25.0,Finance,,145819.13,24.5,On Leave,Diploma,22-06-2018,9.6,kavita.choudhary3378@company.com
503299,Pooja Khanna,22.0,Marketing,MUMBAI,103021.97,16.6,On Leave,,08/07/2024,5.4,pooja.khanna4143@company.com
500286,Gaurav Yadav,27.0,Operations,Mumbai,43571.11,4.2,INACTIVE,MASTERS,17/05/2016,6.5,gaurav.yadav286@company.com
502828,Anjali Rastogi,37.0,HR,Delhi,39595.38,27.6,Active,MASTERS,10/27/2023,7.2,anjali.rastogi2828@company.com
502308,Shreya Ghosh,52.0,Logistics,Lucknow,45723.42,1.8,active,,14/09/2020,2.8,shreya.ghosh2308@company.com
500988,Nisha Chauhan,38.0,HR,Pune,70831.5,,On Leave,,09/02/2023,7.2,nisha.chauhan988@company.com
501801,Karan Mishra,37.0,,,25047.0,5.5,On Leave,,11/03/2015,1.2,karan.mishra1801@company.com
501539,Arjun Agarwal,29.0,IT,Kolkata,78048.94,34.4,Inactive,Bachelors,05/03/2016,6.7,arjun.agarwal1539@company.com
504808,Nikhil Trivedi,31.0,Operations,,28791.52,17.0,On Leave,MASTERS,12/01/2022,4.5,nikhil.trivedi4808@company.com
503559,Vikram Malik,32.0,,Pune,83666.17,29.8,Inactive,Diploma,23-07-2018,,vikram.malik3559@company.com
500178,Meena Bose,37.0,Logistics,Chennai,133573.03,6.0,Inactive,,2024-03-22,1.8,meena.bose178@company.com
503664,Neha Saxena,50.0,MARKETING,Chennai,52175.23,27.1,Active,bachelors,10/25/2025,3.6,neha.saxena3664@company.com
500725,Isha Ghosh,52.0,IT,,92263.12,18.3,Inactive,PhD,11/02/2024,7.4,isha.ghosh725@company.com
504219,Meena Goel,53.0,,Lucknow,55101.91,26.0,On Leave,PhD,09/22/2023,3.5,meena.goel4219@company.com
501697,Isha Mishra,39.0,Logistics,Bengaluru,88256.2,10.1,Inactive,PhD,2019-05-07,9.2,isha.mishra1697@company.com
504431,Ashok Goel,53.0,HR,Ahmedabad,114335.51,9.1,On Leave,,2024-12-06,8.0,ashok.goel4431@company.com
504434,Rohan Malik,56.0,Logistics,Pune,78446.89,4.4,On Leave,,23-12-2019,3.4,rohan.malik4434@company.com
501888,Meena Thakur,55.0,,Pune,88038.97,4.2,,Masters,22-12-2022,,meena.thakur1888@company.com
501105,ANJALI SAXENA,32.0,Logistics,,53312.24,0.7,active,bachelors,04-10-2024,3.7,anjali.saxena1105@company.com
501803,simran chauhan,,MARKETING,Jaipur,46449.05,5.6,Active,,03/08/2025,5.2,simran.chauhan1803@company.com
500158,Anjali Sinha,23.0,Logistics, Delhi,66105.15,15.6,Inactive,Diploma,14/11/2025,7.6,anjali.sinha158@company.com
504218,Anjali Nanda,31.0,MARKETING,,,14.6,Active,Bachelors,11/01/2018,7.1,anjali.nanda4218@company.com
502643,manish thakur,21.0,IT,Delhi,99842.19,5.1,On Leave,,03-02-2020,9.2,manish.thakur2643@company.com
501001,VIJAY BANSAL,51.0,Logistics,,45937.71,18.2,Active,Bachelors,09/22/2016,5.3,vijay.bansal1001@company.com
503772,Arjun Malik,51.0,HR,Chennai,32629.01,34.6,On Leave,Masters,12/18/2016,7.4,arjun.malik3772@company.com
504942,Rahul Pandey,25.0,Sales,Delhi,80310.06,19.6,On Leave,,08/18/2024,8.6,rahul.pandey4942@company.com
502034,SIMRAN SAXENA,45.0,sales,Pune,79764.4,30.1,active,Bachelors,27-02-2019,2.3,simran.saxena2034@company.com
503165,suresh chauhan,56.0,Operations,Mumbai,44890.43,23.4,Inactive,MASTERS,16-12-2020,5.9,suresh.chauhan3165@company.com
502067,Neha Goel,46.0,it,Pune,149956.68,29.7,Active,bachelors,07/07/2021,2.9,neha.goel2067@company.com
503317,SIMRAN MALIK,30.0,it,Chennai ,85663.82,29.8,active,Diploma,02-10-2015,4.2,simran.malik3317@company.com
500283,Isha Bose,36.0,,Lucknow,115746.25,14.4,active,bachelors,12/03/2025,9.0,isha.bose283@company.com
500964,Divya Goel,21.0,Support,bengaluru,140746.35,13.2,,MASTERS,2017-10-02,8.4,divya.goel964@company.com
502372,Isha Goel,44.0,Operations,Hyderabad,107513.25,14.0,INACTIVE,Masters,06/09/2018,4.5,isha.goel2372@company.com
503093,Isha Rastogi,31.0,Finance,,133234.61,3.0,Inactive,,2020-04-10,9.9,isha.rastogi3093@company.com
504310,Priya Mishra,49.0,,Delhi,70814.54,9.2,,Bachelors,2018-04-12,9.8,priya.mishra4310@company.com
500036,Sanjay Chauhan,53.0,HR,Pune,67257.84,15.8,INACTIVE,bachelors,2021-08-16,7.2,sanjay.chauhan36@company.com
500143,Sneha Agarwal,,Finance,,94818.15,21.2,Active,Bachelors,2021-11-09,7.1,sneha.agarwal143@company.com
503802,POOJA BANSAL,25.0,IT,Delhi,27327.51,31.7,,,07/12/2015,3.8,pooja.bansal3802@company.com
503969,Suresh Nanda,43.0,IT,Hyderabad,92905.31,9.7,active,Bachelors,12/03/2020,6.9,suresh.nanda3969@company.com
500119,Rajesh Malik,28.0,MARKETING,Bengaluru,49876.28,11.6,,MASTERS,18-10-2023,3.5,rajesh.malik119@company.com
504636,NEHA BANSAL,58.0,sales,bengaluru,113711.47,5.3,Active,Masters,,,neha.bansal4636@company.com
503739,shreya thakur,52.0,Marketing,Delhi,47453.6,,,Bachelors,12/13/2020,2.3,shreya.thakur3739@company.com
502592,Amit Mishra,54.0,Sales,bengaluru,142040.25,,Active,Diploma,01/15/2024,4.6,amit.mishra2592@company.com
504828,Kavita Agarwal,58.0,Logistics,bengaluru,124768.61,22.2,INACTIVE,bachelors,25/03/2024,4.7,kavita.agarwal4828@company.com
500618,Rajesh Chauhan,27.0,,Ahmedabad,60903.77,24.7,INACTIVE,,2018-07-01,4.8,rajesh.chauhan618@company.com
504352,Sneha Thakur,35.0,Operations,Kolkata,139542.09,24.8,active,Masters,2019-07-24,,sneha.thakur4352@company.com
503179,Meena Saxena,43.0,Marketing,Bengaluru,,20.1,INACTIVE,Bachelors,11/26/2021,8.4,meena.saxena3179@company.com
502856,Pooja Choudhary,59.0,HR,Jaipur,136920.08,24.7,active,,12/04/2020,,pooja.choudhary2856@company.com
502988,Isha Nanda,51.0,Support,Kolkata,73169.81,13.3,,Diploma,09-11-2023,3.4,isha.nanda2988@company.com
502443,Meena Mishra,30.0,Marketing,Chennai ,22893.35,10.7,,Bachelors,01-09-2021,7.2,meena.mishra2443@company.com
502139,Sneha Bose,,Support,,146520.64,2.5,INACTIVE,,27/02/2020,2.9,sneha.bose2139@company.com
502427,Rajesh Mishra,34.0,Sales,Bengaluru,44780.5,20.9,Inactive,,09/16/2020,,rajesh.mishra2427@company.com
504491,Rohan Trivedi,59.0,Sales,Lucknow,66152.96,2.2,INACTIVE,Diploma,2018-08-09,8.5,rohan.trivedi4491@company.com
503589,Ritu Sinha,57.0,MARKETING,Kolkata,29108.38,21.7,Inactive,Diploma,10-02-2024,6.5,ritu.sinha3589@company.com
504015,Simran Mishra,23.0,Logistics,Hyderabad,93173.21,33.7,INACTIVE,,2024-05-02,5.5,simran.mishra4015@company.com
500317,Divya Bhatia,52.0,,Jaipur,115777.26,10.3,Active,,2015-10-17,4.6,divya.bhatia317@company.com
500493,Divya Trivedi,36.0,it,Mumbai,,27.1,Inactive,Bachelors,2022-06-24,3.2,divya.trivedi493@company.com
501607,Vikram Agarwal,37.0,Marketing,Chennai,66359.24,24.7,,Diploma,11/19/2018,8.3,vikram.agarwal1607@company.com
500953,Nikhil Khanna,40.0,HR,MUMBAI,124435.45,31.1,,Diploma,2019-05-06,4.0,nikhil.khanna953@company.com
501932,Priya Saxena,52.0,MARKETING,Delhi,61610.07,1.0,,bachelors,12/05/2020,8.5,priya.saxena1932@company.com
504665,Deepak Mishra,55.0,Marketing,MUMBAI,146624.35,9.0,active,Bachelors,02/17/2025,8.6,deepak.mishra4665@company.com
501453,Suresh Bose,35.0,,MUMBAI,34358.6,20.7,Inactive,Masters,27-02-2016,2.5,suresh.bose1453@company.com
502804,Simran Agarwal,48.0,Logistics,Hyderabad,147695.24,34.7,INACTIVE,Bachelors,08/20/2021,8.5,simran.agarwal2804@company.com
503484,Kavita Pandey,39.0,sales,Pune,,0.9,active,PhD,09/25/2021,,kavita.pandey3484@company.com
500248,sneha saxena,44.0,,Bengaluru,145574.97,12.5,On Leave,,12-06-2024,8.3,sneha.saxena248@company.com
503570,karan ghosh,51.0,it,Mumbai,22207.11,32.4,On Leave,Masters,25-05-2025,3.0,karan.ghosh3570@company.com
500700,Meena Dixit,47.0,sales,Jaipur,86366.53,14.4,Inactive,,09/01/2021,3.1,meena.dixit700@company.com
502033,Sanjay Goel,59.0,HR,MUMBAI,78708.77,0.1,On Leave,,14/08/2023,5.9,sanjay.goel2033@company.com
502190,Divya Malik,37.0,sales,Jaipur,72202.81,19.3,On Leave,MASTERS,02-07-2017,9.2,divya.malik2190@company.com
503939,Pooja Khanna,52.0,Marketing,Pune,44142.67,,Inactive,bachelors,10/18/2016,1.2,pooja.khanna3939@company.com
502688,Vikram Chauhan,40.0,, Delhi,,0.2,INACTIVE,MASTERS,06/22/2025,1.7,vikram.chauhan2688@company.com
500790,Anjali Thakur,24.0,it,,53163.1,19.8,INACTIVE,PhD,01/02/2020,1.2,anjali.thakur790@company.com
502424,Anjali Bhatia,52.0,Sales,Delhi,117014.26,11.3,active,Diploma,12-03-2017,6.6,anjali.bhatia2424@company.com
503208,Gaurav Bose,23.0,Finance,Hyderabad,129471.32,7.3,Inactive,,14-08-2018,7.0,gaurav.bose3208@company.com
500379,Nisha Choudhary,38.0,HR,MUMBAI,143707.98,1.3,active,MASTERS,09-09-2021,2.4,nisha.choudhary379@company.com
503639,Sneha Bhatia,59.0,it,MUMBAI,89159.27,26.6,active,MASTERS,13/01/2015,8.4,sneha.bhatia3639@company.com
501125,Isha Trivedi,42.0,IT,Jaipur,50185.11,31.6,active,MASTERS,16-08-2017,4.5,isha.trivedi1125@company.com
502146,kavita saxena,56.0,Operations,Ahmedabad,106382.12,18.1,active,Diploma,2019-10-24,6.2,kavita.saxena2146@company.com
502913,Simran Saxena,21.0,IT,Delhi,,26.6,INACTIVE,,11/08/2023,9.2,simran.saxena2913@company.com
502629,Suresh Khanna,29.0,Operations,Pune,131013.02,34.3,,Diploma,02/15/2022,2.1,suresh.khanna2629@company.com
502645,Vijay Bhatia,58.0,MARKETING,,118798.59,19.8,,,12/03/2017,6.0,vijay.bhatia2645@company.com
504267,Sanjay Nanda,37.0,MARKETING, Delhi,39761.61,9.4,Active,Masters,21-09-2015,6.1,sanjay.nanda4267@company.com
504016,shreya sinha,49.0,Support,Chennai,113271.09,0.2,,,04-12-2022,,shreya.sinha4016@company.com
503268,Nisha Pandey,36.0,Finance,Chennai,33680.83,3.3,On Leave,bachelors,10/21/2016,1.2,nisha.pandey3268@company.com
504543,ASHOK YADAV,46.0,IT,,118534.42,10.1,,Masters,17/05/2015,5.5,ashok.yadav4543@company.com
501116,Vijay Dixit,30.0,Support,Jaipur,93727.99,31.8,,MASTERS,21-07-2017,6.4,vijay.dixit1116@company.com
501642,SIMRAN YADAV,56.0,Marketing,Chennai,33802.67,2.3,Inactive,,24/02/2021,8.9,simran.yadav1642@company.com
500370,Swati Sinha,40.0,IT,Chennai ,141359.92,8.2,active,bachelors,08/07/2025,7.7,swati.sinha370@company.com
500715,Nisha Saxena,32.0,Finance,Kolkata,101918.59,18.7,,bachelors,2025-01-03,1.3,nisha.saxena715@company.com
500515,  Preeti Choudhary  ,57.0,,Ahmedabad,72740.61,22.3,active,bachelors,15-07-2021,1.4,preeti.choudhary515@company.com
502515,Priya Yadav,41.0,,Kolkata,68928.12,26.2,On Leave,Masters,13/05/2017,3.0,priya.yadav2515@company.com
502120,Kavita Goel,46.0,IT, Delhi,35296.57,35.0,active,bachelors,15/07/2015,5.5,kavita.goel2120@company.com
502905,Preeti Ghosh,54.0,,Hyderabad,94829.37,4.7,Active,,26-11-2023,4.1,preeti.ghosh2905@company.com
502003,Suresh Chauhan,26.0,Sales,Bengaluru,137568.57,7.1,Inactive,Masters,2015-04-07,,suresh.chauhan2003@company.com
504758,Ashok Sinha,28.0,MARKETING,Chennai,112435.65,4.5,On Leave,MASTERS,12/14/2019,3.0,ashok.sinha4758@company.com
504003,  Arjun Chauhan  ,21.0,Logistics,Ahmedabad,69874.9,1.5,On Leave,,12/23/2016,5.2,arjun.chauhan4003@company.com
500194,Sanjay Yadav,28.0,,MUMBAI,80197.82,3.5,Active,Bachelors,19/07/2018,8.0,sanjay.yadav194@company.com
501030,Ashok Agarwal,57.0,Operations,Lucknow,46867.91,7.0,active,Masters,2020-02-03,,ashok.agarwal1030@company.com
504897,kavita choudhary,40.0,Sales,Bengaluru,116955.25,26.7,Active,,04-07-2015,1.5,kavita.choudhary4897@company.com
500680,Simran Yadav,24.0,,Ahmedabad,54954.91,15.8,INACTIVE,Diploma,01/16/2017,3.1,simran.yadav680@company.com
501403,Gaurav Thakur,57.0,,Chennai ,117652.95,15.3,On Leave,Bachelors,11/25/2019,8.7,gaurav.thakur1403@company.com
500226,Divya Ghosh,35.0,Operations,Bengaluru,79833.99,28.3,,Diploma,18-03-2023,8.0,divya.ghosh226@company.com
504161,Ashok Trivedi,21.0,it,Ahmedabad,135914.14,5.2,active,PhD,2025-12-17,7.7,ashok.trivedi4161@company.com
502404,Amit Pandey,33.0,Sales,Chennai,48824.67,33.0,INACTIVE,Bachelors,2024-11-13,,amit.pandey2404@company.com
500775,Nisha Bose,24.0,Finance,Kolkata,114877.52,34.9,,bachelors,16-09-2018,7.2,nisha.bose775@company.com
504281,Suresh Rastogi,56.0,Marketing,Hyderabad,137885.31,9.4,Active,Bachelors,07-02-2021,1.5,suresh.rastogi4281@company.com
502016,Manish Bansal,37.0,sales, Delhi,110665.86,,,bachelors,19/11/2021,6.2,manish.bansal2016@company.com
501793,Rohan Pandey,32.0,,Jaipur,,12.7,Active,Bachelors,2019-01-11,,rohan.pandey1793@company.com
500944,Divya Goel,46.0,it,Pune,52796.72,6.7,INACTIVE,MASTERS,22-02-2022,7.1,divya.goel944@company.com
503720,Rohan Thakur,58.0,HR,Bengaluru,37415.4,3.5,Inactive,,2024-09-04,4.4,rohan.thakur3720@company.com
502770,Simran Thakur,28.0,HR,,62994.28,,Active,Masters,2024-03-25,4.1,simran.thakur2770@company.com
500169,swati ghosh,40.0,, Delhi,141852.74,14.2,INACTIVE,bachelors,2023-01-22,5.7,swati.ghosh169@company.com
503597,AMIT PANDEY,21.0,Operations,Kolkata,,10.3,active,,08/03/2015,9.8,amit.pandey3597@company.com
504295,Meena Saxena,57.0,IT,Hyderabad,103984.26,31.5,Inactive,Masters,12/11/2015,9.1,meena.saxena4295@company.com
504994,Simran Goel,54.0,sales,,79677.47,34.8,INACTIVE,Bachelors,11/03/2017,4.3,simran.goel4994@company.com
500845,Rajesh Malik,38.0,,Lucknow,58105.3,1.3,active,PhD,03-06-2020,5.3,rajesh.malik845@company.com
501066,Meena Chauhan,46.0,Support,Kolkata,124955.34,22.2,On Leave,MASTERS,2025-08-22,1.7,meena.chauhan1066@company.com
504469,Nisha Pandey,34.0,Logistics,Bengaluru,39113.99,,INACTIVE,Bachelors,27/01/2022,7.5,nisha.pandey4469@company.com
501575,Simran Yadav,53.0,sales,Lucknow,67260.42,7.1,INACTIVE,Diploma,21-09-2024,5.3,
504280,Vikram Ghosh,33.0,IT,,,30.8,On Leave,Diploma,03/11/2017,4.4,vikram.ghosh4280@company.com
504652,Swati Rastogi,24.0,Logistics,,131784.0,21.6,Inactive,,01-05-2019,2.5,swati.rastogi4652@company.com
501365,Sneha Nanda,58.0,Support,Jaipur,148810.94,4.0,,bachelors,05/12/2016,6.5,sneha.nanda1365@company.com
504468,Sneha Dixit,21.0,HR, Delhi,49781.82,16.9,On Leave,Bachelors,21/07/2017,9.8,sneha.dixit4468@company.com
500699,Rohan Bhatia,47.0,,Delhi,27811.38,8.0,active,Masters,2024-09-20,3.9,rohan.bhatia699@company.com
502178,Sneha Bose,29.0,Support,Pune,,23.7,,,06/08/2025,3.1,sneha.bose2178@company.com
503629,Deepak Pandey,22.0,Operations, Delhi,118282.85,24.6,On Leave,Bachelors,2025-09-06,3.3,deepak.pandey3629@company.com
504266,Swati Goel,45.0,Finance,Lucknow,58976.69,31.6,Inactive,,2025-03-08,9.1,swati.goel4266@company.com
501143,Anjali Bhatia,23.0,Operations,,101059.98,21.3,active,Masters,2018-04-19,1.5,anjali.bhatia1143@company.com
504250,Sanjay Trivedi,31.0,Sales,Bengaluru,140660.39,,INACTIVE,Diploma,11/11/2021,9.2,sanjay.trivedi4250@company.com
501267,Sanjay Yadav,21.0,Finance,MUMBAI,25642.94,,active,Masters,2022-03-23,1.9,sanjay.yadav1267@company.com
501135,Vijay Pandey,32.0,sales,bengaluru,115674.46,33.1,active,Masters,04/07/2024,2.9,vijay.pandey1135@company.com
501569,Ashok Yadav,54.0,Operations, Delhi,145673.01,,active,PhD,23/12/2016,1.0,ashok.yadav1569@company.com
504820,Anjali Thakur,58.0,it,,110825.63,2.7,active,MASTERS,10/17/2015,7.6,anjali.thakur4820@company.com
504225,Sneha Chauhan,54.0,Marketing, Delhi,91725.54,27.2,On Leave,Masters,2025-12-13,6.5,sneha.chauhan4225@company.com
501482,Simran Rastogi,40.0,,,118377.58,31.1,On Leave,PhD,06-07-2024,1.9,simran.rastogi1482@company.com
500225,AMIT BOSE,56.0,Operations,Kolkata,89533.76,29.0,,,03-08-2015,10.0,amit.bose225@company.com
501120,Vijay Sinha,49.0,Sales,Jaipur,91195.05,5.5,,,22/04/2022,5.7,vijay.sinha1120@company.com
500598,karan rastogi,47.0,sales,,22692.3,27.3,On Leave,Bachelors,2021-08-01,7.4,karan.rastogi598@company.com
504167,  Vijay Khanna  ,46.0,it,Chennai,39102.01,16.1,,PhD,02/03/2019,3.4,vijay.khanna4167@company.com
504002,Suresh Ghosh,27.0,Marketing,,129814.59,23.6,INACTIVE,PhD,11/27/2017,7.1,suresh.ghosh4002@company.com
501210,Rajesh Mishra,55.0,MARKETING,Ahmedabad,145722.16,27.8,Inactive,Bachelors,08/05/2025,9.3,rajesh.mishra1210@company.com
504670,Rajesh Mishra,26.0,IT,Chennai ,108412.76,12.0,active,Masters,19-04-2024,9.0,rajesh.mishra4670@company.com
501193,ASHOK YADAV,35.0,Support,Mumbai,114062.88,13.4,Inactive,bachelors,08/13/2025,7.9,ashok.yadav1193@company.com
500874,Priya Yadav,21.0,sales,MUMBAI,125276.33,21.4,On Leave,Bachelors,16/03/2021,4.0,priya.yadav874@company.com
502494,Sanjay Ghosh,49.0,HR,Hyderabad,,17.2,,PhD,2023-09-11,8.8,sanjay.ghosh2494@company.com
501042,Suresh Saxena,50.0,,Kolkata,64207.51,4.1,,bachelors,10/01/2022,9.4,suresh.saxena1042@company.com
504405,Rohan Rastogi,29.0,Logistics,Chennai,37062.4,15.2,On Leave,bachelors,05/06/2023,,rohan.rastogi4405@company.com
503702,Meena Malik,50.0,,Hyderabad,33925.51,16.0,On Leave,MASTERS,04-02-2019,1.0,meena.malik3702@company.com
504939,ANJALI CHAUHAN,55.0,Sales,Ahmedabad,133138.04,34.9,INACTIVE,bachelors,12/23/2025,7.0,anjali.chauhan4939@company.com
504489,suresh rastogi,52.0,,Jaipur,50643.44,9.1,INACTIVE,PhD,03/11/2016,8.7,suresh.rastogi4489@company.com
503314,Amit Bansal,34.0,MARKETING,,81285.39,34.9,Inactive,,2024-11-10,,amit.bansal3314@company.com
504775,GAURAV BOSE,55.0,Support,Hyderabad,47986.62,18.6,,Masters,26/09/2015,,gaurav.bose4775@company.com
502892,Ashok Pandey,29.0,Operations,,,,,Masters,14-03-2021,7.7,ashok.pandey2892@company.com
501459,Vijay Yadav,47.0,MARKETING,Ahmedabad,,20.1,INACTIVE,PhD,05/14/2023,9.5,vijay.yadav1459@company.com
504834,PRIYA MISHRA,43.0,HR,,,30.4,Inactive,MASTERS,07-12-2023,,priya.mishra4834@company.com
501059,Sneha Bose,27.0,MARKETING,,73085.88,11.0,On Leave,Diploma,2021-05-09,4.3,sneha.bose1059@company.com
501303,Rajesh Chauhan,28.0,,Hyderabad,,5.4,active,Bachelors,12/21/2018,6.7,rajesh.chauhan1303@company.com
503587,Pooja Sinha,41.0,Marketing,Bengaluru,33167.71,33.5,Inactive,PhD,20/07/2025,,pooja.sinha3587@company.com
504600,RITU BHATIA,42.0,,Kolkata,84782.74,16.4,active,bachelors,19/12/2023,,ritu.bhatia4600@company.com
500321,Rohan Bose,21.0,Operations,Chennai,90002.81,16.6,,Diploma,2025-12-03,8.6,rohan.bose321@company.com
501115,  Nisha Goel  ,59.0,Operations,Chennai ,146898.69,2.9,Active,,05/04/2025,9.0,nisha.goel1115@company.com
501022,Kavita Mishra,47.0,it,Bengaluru,72471.67,17.1,Inactive,Masters,19/10/2015,4.4,kavita.mishra1022@company.com
501917,Anjali Khanna,36.0,, Delhi,52566.81,17.0,active,Bachelors,06/20/2024,9.2,anjali.khanna1917@company.com
501558,Kavita Khanna,53.0,Marketing,Chennai,85058.06,6.0,Active,MASTERS,16-02-2021,9.0,kavita.khanna1558@company.com
500634,Shreya Bose,47.0,,Delhi,85936.63,2.7,Inactive,Diploma,07-12-2017,7.8,shreya.bose634@company.com
502240,Vikram Yadav,35.0,,,,9.9,On Leave,,2016-10-10,4.7,vikram.yadav2240@company.com
501155,Simran Khanna,29.0,,Delhi,134368.76,21.1,On Leave,MASTERS,08/11/2024,6.0,simran.khanna1155@company.com
504110,Anjali Bose,46.0,,MUMBAI,65105.49,31.8,Active,,,7.7,anjali.bose4110@company.com
500631,Simran Malik,57.0,HR,,26042.03,24.1,,,2021-01-09,8.6,simran.malik631@company.com
503295,Isha Pandey,40.0,Support,MUMBAI,65230.06,,active,MASTERS,2022-08-04,6.4,isha.pandey3295@company.com
500237,Kavita Chauhan,55.0,Sales,Delhi,91019.96,25.9,Inactive,MASTERS,11/06/2016,7.4,kavita.chauhan237@company.com
504917,Neha Dixit,52.0,,,140033.56,14.2,active,Bachelors,2018-05-13,2.4,neha.dixit4917@company.com
501620,ritu mishra,49.0,it,,110560.07,24.4,On Leave,bachelors,2025-12-14,,ritu.mishra1620@company.com
504189,Swati Rastogi,26.0,Marketing,Chennai,92607.87,1.3,On Leave,PhD,2020-01-13,9.9,swati.rastogi4189@company.com
504343,Gaurav Trivedi,46.0,HR,bengaluru,117085.34,29.0,Inactive,Bachelors,03/24/2017,7.5,gaurav.trivedi4343@company.com
504713,deepak agarwal,43.0,IT,Mumbai,78633.05,6.0,Active,Masters,10/27/2025,1.4,deepak.agarwal4713@company.com
500846,Rahul Yadav,48.0,Logistics, Delhi,39236.12,18.8,active,Masters,05-09-2019,3.4,rahul.yadav846@company.com
502735,Vikram Pandey,46.0,Marketing,Chennai,140108.12,9.5,,,10/26/2023,7.8,vikram.pandey2735@company.com
500656,Ashok Bhatia,39.0,IT,Ahmedabad,49820.99,7.0,Active,,12-03-2025,5.5,ashok.bhatia656@company.com
502415,Rohan Goel,52.0,Finance,Bengaluru,109108.31,7.5,Inactive,MASTERS,04-08-2024,7.2,rohan.goel2415@company.com
501675,Vikram Bhatia,53.0,Support,Kolkata,46053.09,11.6,active,,20/09/2015,1.3,vikram.bhatia1675@company.com
500430,sanjay mishra,38.0,Support,Delhi,-75927.91,12.0,Active,,2021-02-10,8.0,sanjay.mishra430@company.com
503180,Vijay Chauhan,56.0,IT,Delhi,51228.65,8.0,Active,,14/05/2022,,vijay.chauhan3180@company.com
501904,swati nanda,39.0,,,62520.75,24.5,,,05/18/2025,7.1,swati.nanda1904@company.com
502614,Shreya Ghosh,53.0,it,Chennai,110564.94,31.5,Active,Masters,22/12/2018,5.1,shreya.ghosh2614@company.com
500068,Swati Saxena,24.0,Marketing, Delhi,33495.97,12.8,,bachelors,08-06-2020,6.6,swati.saxena68@company.com
500139,Swati Thakur,21.0,Operations,Mumbai,141190.81,18.3,,PhD,2021-08-19,3.4,swati.thakur139@company.com
500150,Swati Sinha,56.0,,Mumbai,42638.29,31.6,On Leave,bachelors,2019-09-26,3.0,swati.sinha150@company.com
503351,  Deepak Choudhary  ,51.0,HR,Jaipur,68426.31,2.3,,,11/14/2020,4.0,deepak.choudhary3351@company.com
500871,Kavita Bansal,49.0,HR,Jaipur,43583.46,23.1,INACTIVE,,2017-09-15,2.9,kavita.bansal871@company.com
501456,Preeti Chauhan,24.0,Operations,,28735.62,22.8,Inactive,Diploma,07/06/2016,4.0,preeti.chauhan1456@company.com
504662,VIJAY RASTOGI,51.0,Logistics, Delhi,56465.59,26.7,Inactive,,07/07/2024,5.0,vijay.rastogi4662@company.com
500242,Shreya Ghosh,21.0,Sales,Chennai,64300.92,21.8,Inactive,PhD,11/14/2016,7.4,shreya.ghosh242@company.com
500884,Priya Saxena,43.0,MARKETING, Delhi,100243.1,16.5,active,Bachelors,2018-11-19,8.9,priya.saxena884@company.com
500976,meena thakur,35.0,Sales,MUMBAI,,11.9,,bachelors,19/04/2017,1.6,meena.thakur976@company.com
503735,Amit Yadav,55.0,sales,Bengaluru,128322.85,33.7,INACTIVE,PhD,2022-03-08,5.9,amit.yadav3735@company.com
504034,Pooja Khanna,32.0,Sales,Pune,107724.86,21.4,active,Bachelors,23/09/2022,8.2,pooja.khanna4034@company.com
503638,Arjun Chauhan,54.0,it,bengaluru,25386.82,4.7,active,Masters,01-04-2019,3.9,arjun.chauhan3638@company.com
504528,Simran Chauhan,39.0,Support,Chennai,28238.59,11.1,Inactive,bachelors,08-02-2017,9.5,simran.chauhan4528@company.com
503369,Sanjay Dixit,49.0,it,Jaipur,94576.2,12.1,INACTIVE,Diploma,08/23/2025,1.1,sanjay.dixit3369@company.com
504393,Ashok Bhatia,21.0,IT,Chennai ,145099.87,32.3,On Leave,bachelors,2016-09-02,9.7,ashok.bhatia4393@company.com
500372,Vikram Sinha,43.0,,Kolkata,119261.02,12.4,,Masters,21/07/2022,2.8,vikram.sinha372@company.com
502580,Nisha Bose,50.0,it,Kolkata,,1.4,INACTIVE,Diploma,12/07/2015,7.6,nisha.bose2580@company.com
500199,Suresh Mishra,25.0,,Pune,46231.95,16.5,Active,MASTERS,2020-12-14,6.1,suresh.mishra199@company.com
504256,Gaurav Dixit,41.0,,Bengaluru,145780.43,6.9,active,,04/02/2016,7.7,gaurav.dixit4256@company.com
504421,gaurav chauhan,24.0,Logistics,,134449.55,33.7,INACTIVE,MASTERS,10/18/2017,9.3,gaurav.chauhan4421@company.com
503817,ARJUN CHOUDHARY,48.0,sales,,106557.01,34.0,,bachelors,04/11/2017,3.3,arjun.choudhary3817@company.com
503977,Karan Trivedi,31.0,Finance,Delhi,126655.12,21.9,active,Bachelors,08/23/2023,6.6,karan.trivedi3977@company.com
502058,Karan Yadav,57.0,,,95723.29,12.9,Inactive,Diploma,16/04/2020,2.1,karan.yadav2058@company.com
503762,  Gaurav Rastogi  ,31.0,sales,Kolkata,78388.27,12.6,INACTIVE,Diploma,2025-10-07,1.1,gaurav.rastogi3762@company.com
501813,Manish Khanna,44.0,MARKETING,Delhi,31240.51,25.2,Active,,05/18/2019,4.4,manish.khanna1813@company.com
501554,neha malik,23.0,Marketing,,75542.0,26.1,INACTIVE,,05/13/2024,9.0,neha.malik1554@company.com
501163,Simran Bansal,42.0,HR,Delhi,20781.59,14.9,active,Masters,03/18/2021,8.2,simran.bansal1163@company.com
503873,Rahul Trivedi,41.0,Support,MUMBAI,77729.41,,Inactive,Masters,04/04/2017,7.3,rahul.trivedi3873@company.com
503097,Sanjay Bansal,40.0,MARKETING,Pune,90465.98,33.1,Active,bachelors,10-06-2024,5.8,sanjay.bansal3097@company.com
500823,Gaurav Saxena,42.0,Marketing,MUMBAI,104946.71,10.4,Active,PhD,16-05-2015,8.1,gaurav.saxena823@company.com
502062,Amit Mishra,,Marketing,Hyderabad,116633.52,2.4,Active,Diploma,2022-03-11,2.6,amit.mishra2062@company.com
500294,Sanjay Agarwal,45.0,it,Chennai,124550.15,22.1,On Leave,Masters,11/05/2022,8.5,sanjay.agarwal294@company.com
502264,Vikram Pandey,54.0,Operations,bengaluru,57800.1,5.1,Inactive,Diploma,06/01/2022,8.3,vikram.pandey2264@company.com
500761,Sanjay Bhatia,31.0,Finance, Delhi,92973.2,20.4,active,Bachelors,08-02-2020,5.9,sanjay.bhatia761@company.com
501791,Manish Saxena,25.0,,Chennai,53625.62,,On Leave,,11/01/2020,2.9,manish.saxena1791@company.com
502502,Ashok Choudhary,39.0,Finance,,133877.16,1.3,Active,PhD,27/10/2015,5.7,ashok.choudhary2502@company.com
500499,  Karan Khanna  ,36.0,sales,,79335.27,24.1,Active,Diploma,2019-11-24,4.6,karan.khanna499@company.com
502485,Ritu Pandey,50.0,,,27602.91,21.9,On Leave,,15-01-2020,2.5,ritu.pandey2485@company.com
500605,karan yadav,26.0,Operations,Chennai,29638.17,2.4,INACTIVE,MASTERS,11/07/2022,8.1,karan.yadav605@company.com
501762,Suresh Nanda,45.0,HR,Delhi,24188.84,29.3,active,PhD,25/03/2022,7.1,suresh.nanda1762@company.com
503979,Rahul Bhatia,46.0,Logistics,,,23.3,Inactive,Masters,03-01-2025,4.5,rahul.bhatia3979@company.com
500351,ISHA NANDA,56.0,Operations,,73182.41,3.7,On Leave,Bachelors,24/06/2024,7.2,isha.nanda351@company.com
503590,Sneha Agarwal,57.0,Marketing,Mumbai,48097.51,33.6,,Bachelors,17/11/2015,6.9,sneha.agarwal3590@company.com
500305,Rahul Ghosh,25.0,Marketing,Lucknow,43320.11,32.6,active,Diploma,21/04/2017,,rahul.ghosh305@company.com
504503,MEENA MALIK,30.0,Marketing,,78986.73,,Inactive,,10/06/2025,4.0,meena.malik4503@company.com
500025,Vikram Sinha,56.0,IT,Mumbai,128104.1,7.1,Inactive,MASTERS,12/02/2017,5.6,
500580,Priya Dixit,50.0,Support,bengaluru,75213.08,20.3,,,01-02-2018,5.1,priya.dixit580@company.com
501136,Divya Choudhary,35.0,,Chennai ,49341.49,,Inactive,Diploma,07/04/2024,7.9,divya.choudhary1136@company.com
500447,Sneha Dixit,23.0,Operations,Pune,66627.69,29.6,Active,,2016-12-17,5.9,sneha.dixit447@company.com
503300,  Rahul Pandey  ,34.0,Operations,MUMBAI,113804.86,20.9,Inactive,PhD,07/21/2025,5.4,rahul.pandey3300@company.com
501320,Vikram Yadav,35.0,,Ahmedabad,104470.04,33.1,Inactive,bachelors,09/12/2016,8.2,vikram.yadav1320@company.com
504276,Arjun Thakur,26.0,Operations,Chennai ,122960.64,27.0,Active,,,4.0,arjun.thakur4276@company.com
503733,  Meena Trivedi  ,45.0,IT,Pune,77202.49,7.3,,,01/08/2018,7.1,meena.trivedi3733@company.com
504701,Nikhil Bansal,43.0,,Bengaluru,21291.85,8.1,INACTIVE,,04/10/2017,4.5,
503191,Gaurav Sinha,41.0,Operations,Hyderabad,135513.99,17.7,Active,Masters,27/11/2018,3.9,gaurav.sinha3191@company.com
502071,Priya Mishra,39.0,Logistics,Hyderabad,36406.58,15.0,active,,02-08-2017,3.4,priya.mishra2071@company.com
501814,DIVYA CHOUDHARY,34.0,,Delhi,23949.03,9.3,Active,bachelors,09/13/2015,9.2,divya.choudhary1814@company.com
500822,GAURAV MALIK,23.0,Marketing,,123898.49,16.2,On Leave,PhD,02/06/2016,3.2,gaurav.malik822@company.com
501212,Vikram Bose,29.0,, Delhi,24151.54,31.4,INACTIVE,MASTERS,,3.6,vikram.bose1212@company.com
504278,Rohan Saxena,42.0,it,,130366.71,20.8,INACTIVE,MASTERS,04/14/2023,8.1,rohan.saxena4278@company.com
504337,Anjali Nanda,57.0,Support,bengaluru,95810.67,2.4,INACTIVE,,10/10/2017,1.1,anjali.nanda4337@company.com
500989,Divya Bose,57.0,,,107031.24,23.7,Active,bachelors,04/10/2018,1.8,divya.bose989@company.com
501545,SNEHA KHANNA,37.0,Finance,Pune,106031.23,1.2,INACTIVE,,25-12-2023,5.7,sneha.khanna1545@company.com
500819,Simran Dixit,,Marketing,Mumbai,81378.78,1.9,,PhD,2025-10-09,,simran.dixit819@company.com
502361,Deepak Malik,58.0,HR, Delhi,115007.7,31.6,Inactive,MASTERS,2021-08-11,,deepak.malik2361@company.com
501504,ASHOK GOEL,47.0,sales,Delhi,143171.66,2.9,Inactive,MASTERS,08-11-2021,1.8,ashok.goel1504@company.com
502649,Ashok Saxena,56.0,Sales,Bengaluru,23175.99,19.5,Active,,2017-12-03,5.4,ashok.saxena2649@company.com
502590,Nisha Thakur,36.0,sales,Ahmedabad,121488.98,34.5,INACTIVE,Diploma,04-11-2015,8.7,nisha.thakur2590@company.com
501852,divya sinha,25.0,,Chennai ,40539.59,21.8,Active,,08/05/2019,7.8,divya.sinha1852@company.com
503028,Sanjay Khanna,58.0,HR,,102466.9,,On Leave,bachelors,22/09/2025,2.8,sanjay.khanna3028@company.com
500786,Divya Bansal,59.0,HR,bengaluru,64557.9,23.9,INACTIVE,Masters,,9.3,divya.bansal786@company.com
504691,Rajesh Saxena,29.0,Support,Mumbai,49139.12,17.4,Active,,2020-02-21,6.9,rajesh.saxena4691@company.com
504560,Preeti Malik,47.0,Marketing,Lucknow,22034.05,5.7,,,18/07/2022,8.4,preeti.malik4560@company.com
501863,Kavita Choudhary,40.0,Marketing,Kolkata,70829.2,15.2,Inactive,Bachelors,2020-12-20,6.7,kavita.choudhary1863@company.com
502186,manish khanna,50.0,Finance,Hyderabad,20949.49,4.3,Inactive,Bachelors,,1.4,manish.khanna2186@company.com
503699,RAHUL SINHA,45.0,Operations,Jaipur,103590.57,1.3,,Diploma,2020-11-04,4.0,rahul.sinha3699@company.com
501348,RAJESH GHOSH,38.0,,Pune,54183.16,5.3,active,Diploma,03-03-2023,1.2,rajesh.ghosh1348@company.com
503853,Vijay Sinha,30.0,Sales,,80046.37,17.5,Active,,18-05-2022,6.4,vijay.sinha3853@company.com
503679,Kavita Saxena,42.0,sales,Lucknow,27600.26,,Active,Bachelors,08/10/2024,,kavita.saxena3679@company.com
503368,isha trivedi,42.0,,bengaluru,117152.62,0.2,,Diploma,2016-08-13,4.4,isha.trivedi3368@company.com
500009,vikram yadav,,it,,49111.76,20.1,,Diploma,2025-03-03,1.6,vikram.yadav9@company.com
501302,Amit Trivedi,23.0,,Chennai ,40302.03,24.6,,bachelors,2017-09-10,3.8,amit.trivedi1302@company.com
504415,Rahul Malik,48.0,Finance,Lucknow,42538.49,24.3,On Leave,,11/11/2019,3.8,rahul.malik4415@company.com
502069,Nikhil Bose,43.0,,bengaluru,56471.58,0.0,Inactive,bachelors,2018-04-27,7.9,nikhil.bose2069@company.com
502995,Meena Ghosh,45.0,it,Pune,109358.7,2.0,active,bachelors,21-06-2020,5.4,meena.ghosh2995@company.com
501711,Nisha Nanda,44.0,IT, Delhi,32338.28,16.7,On Leave,Masters,10/06/2023,3.7,nisha.nanda1711@company.com
504125,Nisha Agarwal,34.0,IT,Jaipur,104882.13,19.6,INACTIVE,Bachelors,24/09/2019,2.7,nisha.agarwal4125@company.com
503728,Sanjay Pandey,59.0,IT,Kolkata,49076.7,6.9,Inactive,Masters,10/05/2017,8.2,sanjay.pandey3728@company.com
500323,Ritu Ghosh,39.0,it,bengaluru,52680.95,33.5,INACTIVE,Bachelors,09/07/2018,7.4,ritu.ghosh323@company.com
503172,Simran Trivedi,37.0,it,Ahmedabad,66995.92,18.3,Active,Bachelors,13/07/2018,1.6,simran.trivedi3172@company.com
503088,pooja ghosh,46.0,sales,MUMBAI,112584.01,6.8,Inactive,bachelors,24/12/2021,3.5,pooja.ghosh3088@company.com
502019,Kavita Mishra,54.0,it,Hyderabad,71766.83,,Inactive,Diploma,10/14/2023,1.5,kavita.mishra2019@company.com
502442,Amit Bhatia,48.0,Sales,,61207.61,24.5,INACTIVE,,18/10/2019,2.4,amit.bhatia2442@company.com
504255,Kavita Thakur,39.0,MARKETING,bengaluru,136379.97,28.8,INACTIVE,Diploma,03/07/2019,4.4,kavita.thakur4255@company.com
501973,Karan Mishra,27.0,Support, Delhi,81745.53,16.6,Inactive,,06-02-2016,7.9,karan.mishra1973@company.com
503676,Rahul Khanna,23.0,HR,Chennai,132233.57,24.8,On Leave,Diploma,07-02-2015,5.5,rahul.khanna3676@company.com
504986,Simran Trivedi,32.0,Finance,Hyderabad,105733.82,23.9,On Leave,bachelors,2018-10-05,8.6,simran.trivedi4986@company.com
503773,Divya Sinha,58.0,Support,,29963.85,19.0,active,bachelors,2024-10-27,8.9,divya.sinha3773@company.com
503690,Rohan Pandey,45.0,Support,Mumbai,126764.34,11.3,,,23/11/2021,7.0,rohan.pandey3690@company.com
503623,Swati Pandey,52.0,HR,Pune,98106.69,24.2,,Diploma,14-12-2015,1.2,swati.pandey3623@company.com
500735,Kavita Agarwal,42.0,Finance,MUMBAI,109547.19,3.5,Inactive,Diploma,01/16/2025,9.1,kavita.agarwal735@company.com
503132,Isha Bhatia,32.0,HR,bengaluru,84162.2,29.3,INACTIVE,Masters,02/23/2025,5.4,isha.bhatia3132@company.com
504686,DEEPAK BOSE,43.0,HR,Jaipur,117120.75,32.9,Active,bachelors,09/05/2017,5.1,deepak.bose4686@company.com
501774,POOJA SINHA,48.0,Sales,Bengaluru,62262.57,,INACTIVE,Bachelors,03/08/2023,,pooja.sinha1774@company.com
500098,DIVYA CHAUHAN,35.0,,Ahmedabad,69126.7,33.4,,MASTERS,01/08/2015,3.7,divya.chauhan98@company.com
501132,Shreya Saxena,28.0,sales,Pune,29659.52,35.0,,bachelors,22/12/2017,2.2,shreya.saxena1132@company.com
502538,Neha Bhatia,46.0,Marketing,,118158.07,32.6,INACTIVE,Diploma,16/11/2019,1.7,neha.bhatia2538@company.com
504877,Divya Dixit,21.0,,bengaluru,102021.33,31.1,On Leave,Diploma,24-03-2020,,divya.dixit4877@company.com
504831,Amit Choudhary,39.0,it,,81191.33,18.4,On Leave,Masters,16-01-2015,8.4,amit.choudhary4831@company.com
503293,Kavita Bhatia,53.0,HR,Chennai ,90201.38,28.4,Active,Masters,2018-09-15,8.1,kavita.bhatia3293@company.com
502674,Rahul Khanna,28.0,Operations,Bengaluru,,24.3,On Leave,,03/06/2023,4.5,rahul.khanna2674@company.com
504082,Rahul Thakur,52.0,Finance,Ahmedabad,117614.22,1.5,INACTIVE,Bachelors,02/08/2024,1.3,rahul.thakur4082@company.com
501758,Preeti Saxena,27.0,Marketing,,94802.97,4.4,,Diploma,17-09-2021,2.7,preeti.saxena1758@company.com
500553,Priya Khanna,27.0,IT,Bengaluru,98423.64,9.7,Active,Masters,04/02/2024,2.5,priya.khanna553@company.com
504710,Nisha Pandey,26.0,it,MUMBAI,,5.0,,PhD,10/01/2024,5.5,nisha.pandey4710@company.com
500941,Anjali Nanda,41.0,it,Pune,99170.49,17.2,Active,Masters,2019-12-18,8.1,anjali.nanda941@company.com
503453,Karan Choudhary,40.0,sales,,51309.6,24.9,,,24/05/2025,1.2,karan.choudhary3453@company.com
501602,Manish Malik,45.0,,bengaluru,120062.19,29.7,On Leave,bachelors,11-12-2025,1.7,manish.malik1602@company.com
500919,Sneha Trivedi,36.0,Finance,Bengaluru,143361.92,31.9,Inactive,Bachelors,23/10/2025,1.4,sneha.trivedi919@company.com
500731,SANJAY MALIK,51.0,Sales,,26003.89,25.7,Active,PhD,07/07/2020,5.2,sanjay.malik731@company.com
502818,Vijay Nanda,58.0,Support, Delhi,81994.54,13.1,On Leave,,02/20/2017,1.9,vijay.nanda2818@company.com
502190,Divya Malik,37.0,sales,Jaipur,72202.81,19.3,On Leave,MASTERS,02-07-2017,9.2,divya.malik2190@company.com
500807,Nikhil Yadav,53.0,Logistics,,51860.82,8.4,active,,2015-01-10,5.7,nikhil.yadav807@company.com
504156,Deepak Bhatia,53.0,Marketing,Bengaluru,29460.02,22.4,Active,PhD,08-04-2024,6.7,deepak.bhatia4156@company.com
502492,Amit Nanda,41.0,Support,MUMBAI,107414.02,5.2,Active,,10/10/2016,4.6,amit.nanda2492@company.com
503103,Arjun Chauhan,57.0,Finance,,94196.39,34.6,On Leave,,02/01/2021,2.0,arjun.chauhan3103@company.com
500942,Suresh Sinha,42.0,it,Ahmedabad,22182.54,17.3,Active,Masters,23-10-2021,,suresh.sinha942@company.com
502835,NIKHIL BANSAL,28.0,,,55071.74,13.8,On Leave,Diploma,20/11/2021,2.4,nikhil.bansal2835@company.com
504964,Preeti Chauhan,,MARKETING,MUMBAI,26890.94,6.4,On Leave,,09/09/2023,5.7,preeti.chauhan4964@company.com
503560,Karan Khanna,47.0,Sales,Jaipur,58658.02,16.7,active,Diploma,2020-03-03,6.4,karan.khanna3560@company.com
501455,KARAN NANDA,24.0,sales,Mumbai,71525.43,2.8,On Leave,,05/09/2019,6.4,karan.nanda1455@company.com
502836,Ashok Sinha,59.0,Logistics,Ahmedabad,62188.8,7.2,On Leave,Bachelors,06-06-2017,,ashok.sinha2836@company.com
504196,Karan Bhatia,54.0,Finance,Chennai,61756.44,33.9,INACTIVE,Bachelors,2019-03-21,9.8,karan.bhatia4196@company.com
502805,Karan Bhatia,27.0,it, Delhi,90830.95,8.8,,bachelors,26-08-2018,4.8,karan.bhatia2805@company.com
503500,Rahul Agarwal,44.0,Operations,Chennai ,83307.99,21.0,Active,Diploma,26/12/2021,9.0,rahul.agarwal3500@company.com
501840,ROHAN AGARWAL,43.0,,Bengaluru,85535.07,30.0,,,22/02/2021,1.3,rohan.agarwal1840@company.com
502640,Simran Bose,24.0,it,Jaipur,97607.95,5.6,INACTIVE,,26/03/2020,5.8,simran.bose2640@company.com
500849,Ritu Thakur,31.0,Operations,,24600.45,2.9,active,Diploma,14/03/2020,2.1,ritu.thakur849@company.com
501006,Deepak Bose,21.0,Operations,Hyderabad,60685.02,1.5,On Leave,MASTERS,10/09/2018,2.2,deepak.bose1006@company.com
502882,rajesh choudhary,51.0,IT,Kolkata,89661.93,17.8,Inactive,,07/21/2016,7.9,rajesh.choudhary2882@company.com
501433,Ashok Sinha,25.0,sales,,80741.86,,INACTIVE,PhD,08/20/2019,1.9,ashok.sinha1433@company.com
500679,Nisha Ghosh,37.0,IT,,73174.1,23.0,Active,Diploma,18-08-2023,7.6,nisha.ghosh679@company.com
500630,Priya Thakur,,Operations,MUMBAI,74113.79,0.8,,Bachelors,05-01-2022,3.7,priya.thakur630@company.com
502539,Sneha Mishra,36.0,it,Chennai,43328.88,20.2,Inactive,Masters,2015-11-17,7.1,sneha.mishra2539@company.com
500163,Meena Mishra,56.0,,Kolkata,98977.43,6.2,active,bachelors,18-09-2024,8.8,meena.mishra163@company.com
500951,  Pooja Yadav  ,38.0,,,119674.77,10.9,On Leave,Bachelors,03/22/2019,2.7,pooja.yadav951@company.com
503353,Vijay Khanna,25.0,Operations,Delhi,144329.86,10.4,active,MASTERS,05/05/2020,4.8,vijay.khanna3353@company.com
500910,swati choudhary,56.0,HR,Pune,,20.8,,,01/07/2021,1.8,swati.choudhary910@company.com
502890,Shreya Bansal,32.0,Logistics,Chennai,108764.51,,INACTIVE,,19/03/2025,3.0,shreya.bansal2890@company.com
500709,POOJA AGARWAL,27.0,,Mumbai,79464.7,25.8,,Diploma,23-02-2017,6.8,pooja.agarwal709@company.com
500450,Deepak Chauhan,59.0,Logistics,bengaluru,79428.7,6.6,INACTIVE,Diploma,2023-06-27,9.6,deepak.chauhan450@company.com
501442,nisha sinha,38.0,HR,Chennai,88594.09,1.4,Inactive,PhD,2017-11-08,8.0,nisha.sinha1442@company.com
503760,Karan Saxena,38.0,Sales,,87024.13,28.7,On Leave,,26/12/2025,,karan.saxena3760@company.com
501867,Swati Pandey,53.0,Logistics,,35975.28,34.4,INACTIVE,MASTERS,2025-05-02,9.5,
504018,Nikhil Khanna,40.0,sales,Bengaluru,123099.1,9.3,Inactive,bachelors,02/01/2016,1.9,nikhil.khanna4018@company.com
503231,  Gaurav Sinha  ,34.0,,Chennai ,57626.77,3.9,Active,,08/15/2015,9.6,gaurav.sinha3231@company.com
503575,Ashok Khanna,52.0,IT,Kolkata,97779.87,2.1,Active,Masters,15-11-2022,4.4,ashok.khanna3575@company.com
502223,  Rahul Goel  ,51.0,MARKETING,Chennai,71171.44,3.3,Active,Bachelors,10/24/2020,9.1,rahul.goel2223@company.com
502847,Rahul Choudhary,24.0,Operations,bengaluru,77080.28,3.2,On Leave,,16-09-2017,6.9,rahul.choudhary2847@company.com
503277,Ritu Khanna,23.0,sales,Ahmedabad,,30.7,Active,Masters,14/11/2023,3.4,ritu.khanna3277@company.com
500457,Divya Bhatia,21.0,sales,Lucknow,35393.22,1.3,Inactive,bachelors,24-04-2015,7.2,divya.bhatia457@company.com
502013,  Priya Bansal  ,47.0,it,Kolkata,87915.4,9.1,Active,,2020-01-10,9.9,priya.bansal2013@company.com
503466,preeti sinha,,Finance,Mumbai,54433.61,17.7,,,04/10/2025,6.6,preeti.sinha3466@company.com
504836,Amit Pandey,53.0,,Mumbai,95132.16,33.8,,Masters,2021-03-02,8.7,amit.pandey4836@company.com
501073,Rohan Mishra,27.0,Sales,Pune,47191.0,29.4,Active,Bachelors,2022-11-03,6.9,rohan.mishra1073@company.com
504408,Isha Yadav,43.0,Sales,,112535.62,15.7,,Masters,06/06/2018,4.2,isha.yadav4408@company.com
504173,Divya Pandey,47.0,it,Mumbai,49238.84,11.1,active,,20-12-2024,9.8,divya.pandey4173@company.com
504237,Arjun Goel,48.0,MARKETING,Pune,93193.08,16.2,Inactive,bachelors,09/26/2025,8.0,arjun.goel4237@company.com
500927,Anjali Trivedi,32.0,Support,Hyderabad,146172.12,13.6,On Leave,Masters,2021-09-18,2.5,anjali.trivedi927@company.com
504581,Sneha Trivedi,49.0,IT, Delhi,80066.55,26.4,,,09/16/2017,4.1,sneha.trivedi4581@company.com
501086,Rahul Pandey,51.0,Support,Delhi,106838.93,26.5,INACTIVE,Diploma,15-08-2020,,rahul.pandey1086@company.com
502605,Anjali Thakur,51.0,Support,Bengaluru,146509.05,1.6,INACTIVE,bachelors,02/07/2022,8.4,anjali.thakur2605@company.com
503753,Kavita Ghosh,44.0,,Pune,92251.37,2.7,On Leave,bachelors,06/17/2025,8.3,kavita.ghosh3753@company.com
501236,Isha Dixit,39.0,MARKETING,Kolkata,76258.26,8.5,Inactive,,05/11/2017,4.9,isha.dixit1236@company.com
504183,Suresh Nanda,,HR,Kolkata,131728.17,33.3,INACTIVE,MASTERS,09/07/2024,8.8,suresh.nanda4183@company.com
502557,Amit Ghosh,47.0,Marketing,Bengaluru,22843.24,28.0,INACTIVE,,12/06/2025,3.1,amit.ghosh2557@company.com
504868,suresh trivedi,29.0,it,Kolkata,56823.1,12.9,active,PhD,2016-05-11,4.9,suresh.trivedi4868@company.com
502265,Rahul Bhatia,33.0,it,Chennai,36712.75,15.8,Active,MASTERS,2018-12-01,7.6,rahul.bhatia2265@company.com
503765,arjun malik,40.0,MARKETING,Hyderabad,61497.64,10.5,On Leave,bachelors,03/09/2016,9.2,arjun.malik3765@company.com
500422,Sanjay Goel,54.0,Logistics,Bengaluru,148450.45,12.6,,PhD,25-04-2019,9.6,sanjay.goel422@company.com
500529,ISHA MISHRA,57.0,Marketing, Delhi,46515.21,21.4,,Diploma,2022-09-18,5.2,isha.mishra529@company.com
500156,Preeti Nanda,50.0,,Chennai ,37954.05,25.6,Inactive,Masters,01/12/2020,4.5,preeti.nanda156@company.com
503261,Meena Chauhan,50.0,HR,Hyderabad,,29.1,On Leave,Bachelors,09-05-2024,,meena.chauhan3261@company.com
500047,Rohan Pandey,48.0,IT, Delhi,28727.98,4.6,INACTIVE,bachelors,07/10/2018,3.0,rohan.pandey47@company.com
504077,Simran Khanna,31.0,Logistics,bengaluru,76710.25,7.0,Active,,26-06-2016,3.5,simran.khanna4077@company.com
503447,Rajesh Ghosh,30.0,Sales,MUMBAI,66905.76,33.1,Inactive,,08/15/2019,7.7,rajesh.ghosh3447@company.com
502053,Pooja Rastogi,39.0,MARKETING,,68973.54,23.3,,MASTERS,04-09-2023,2.2,pooja.rastogi2053@company.com
500357,preeti nanda,37.0,it,bengaluru,99230.66,22.6,active,,2015-07-02,,preeti.nanda357@company.com
502170,Rohan Nanda,48.0,Sales,Chennai,79037.07,20.8,On Leave,PhD,04/10/2025,9.7,rohan.nanda2170@company.com
501107,  Swati Nanda  ,37.0,IT,MUMBAI,137899.19,29.0,Active,PhD,17/05/2017,9.7,swati.nanda1107@company.com
502992,Preeti Thakur,22.0,IT,bengaluru,23223.66,34.2,Inactive,PhD,10-12-2024,,preeti.thakur2992@company.com
502044,Divya Rastogi,40.0,Marketing,Mumbai,58690.45,20.6,INACTIVE,Masters,10/18/2019,1.8,divya.rastogi2044@company.com
504681,Deepak Sinha,59.0,HR,Chennai ,108749.46,32.2,,PhD,05/20/2021,1.8,deepak.sinha4681@company.com
502978,Rahul Saxena,34.0,,Chennai ,89151.72,3.3,On Leave,,14/09/2020,3.1,rahul.saxena2978@company.com
501502,Pooja Agarwal,,HR,Hyderabad,52797.43,24.7,On Leave,MASTERS,,6.7,pooja.agarwal1502@company.com
504735,Anjali Bhatia,,HR,Delhi,143009.9,31.8,INACTIVE,Diploma,16/11/2025,,anjali.bhatia4735@company.com
500979,Suresh Rastogi,21.0,Logistics,,78022.1,15.2,On Leave,PhD,06/04/2018,6.9,suresh.rastogi979@company.com
503758,Divya Bhatia,,MARKETING,,72752.73,19.5,On Leave,bachelors,14-01-2017,6.9,divya.bhatia3758@company.com
502464,Meena Khanna,58.0,Marketing,Jaipur,80362.57,1.4,active,PhD,20-10-2017,4.0,meena.khanna2464@company.com
501190,nikhil saxena,49.0,,Mumbai,42326.8,8.1,,,12/08/2022,5.2,nikhil.saxena1190@company.com
504438,Meena Yadav,52.0,HR,Hyderabad,149156.05,3.0,INACTIVE,bachelors,06/14/2023,5.4,meena.yadav4438@company.com
502104,suresh yadav,39.0,Support,Jaipur,98320.5,,Inactive,,09-09-2024,1.8,suresh.yadav2104@company.com
502935,swati bose,,Logistics, Delhi,89352.49,5.0,Inactive,Masters,23-07-2018,2.5,swati.bose2935@company.com
500402,Rajesh Saxena,57.0,,Kolkata,62517.59,11.5,On Leave,bachelors,16/10/2019,1.6,rajesh.saxena402@company.com
500494,Ashok Malik,51.0,,,143533.03,28.8,INACTIVE,bachelors,2016-07-24,5.2,ashok.malik494@company.com
502606,KAVITA NANDA,31.0,MARKETING,Jaipur,37853.95,22.1,On Leave,MASTERS,2016-01-26,6.4,kavita.nanda2606@company.com
503200,Preeti Chauhan,44.0,sales,,141434.43,19.5,INACTIVE,Diploma,12/01/2017,5.4,preeti.chauhan3200@company.com
501122,Divya Bose,28.0,Marketing,Bengaluru,97874.4,23.1,Active,Bachelors,10/21/2018,6.9,
502459,Gaurav Agarwal,49.0,,Chennai ,62071.83,,INACTIVE,,12/06/2022,7.6,
500692,Nisha Malik,38.0,Marketing, Delhi,43041.14,16.7,Inactive,bachelors,2019-03-11,2.8,nisha.malik692@company.com
501548,Karan Nanda,28.0,sales,bengaluru,71186.85,7.0,INACTIVE,bachelors,07/22/2024,1.3,karan.nanda1548@company.com
502064,Divya Chauhan,47.0,IT,Chennai,110057.86,12.8,,Diploma,09-01-2022,8.6,divya.chauhan2064@company.com
500246,Meena Pandey,40.0,HR,Chennai,142914.92,3.9,INACTIVE,,27-05-2017,5.4,meena.pandey246@company.com
501091,  Ritu Dixit  ,40.0,,Pune,133899.77,32.2,INACTIVE,MASTERS,01/11/2018,2.5,ritu.dixit1091@company.com
502894,Deepak Sinha,29.0,,,91693.95,2.2,Active,MASTERS,12-02-2022,4.7,deepak.sinha2894@company.com
503745,DIVYA SAXENA,58.0,IT,Lucknow,71854.89,20.9,,PhD,19/01/2015,3.4,divya.saxena3745@company.com
502552,  Rohan Nanda  ,,MARKETING,Bengaluru,85442.94,19.5,,PhD,2019-01-20,7.2,rohan.nanda2552@company.com
504321,Meena Nanda,23.0,IT,Ahmedabad,,13.1,active,,16/12/2023,8.8,meena.nanda4321@company.com
504959,Vijay Yadav,28.0,MARKETING,,65028.17,23.1,,,07-12-2020,8.0,vijay.yadav4959@company.com
501597,Preeti Khanna,32.0,,Hyderabad,103110.49,31.2,Inactive,bachelors,2018-10-19,3.0,preeti.khanna1597@company.com
504684,Ashok Agarwal,52.0,Operations,,148151.7,18.3,INACTIVE,PhD,2018-08-02,,ashok.agarwal4684@company.com
504472,Nikhil Saxena,41.0,Operations,MUMBAI,114630.17,,,,,,nikhil.saxena4472@company.com
500271,  Suresh Chauhan  ,23.0,IT,bengaluru,28557.82,1.4,On Leave,,10/18/2016,5.5,suresh.chauhan271@company.com
500155,Karan Rastogi,38.0,HR,,60452.1,16.8,On Leave,MASTERS,24-11-2016,,karan.rastogi155@company.com
502584,Nisha Dixit,48.0,, Delhi,98266.75,25.9,,MASTERS,19/05/2020,3.0,nisha.dixit2584@company.com
500763,Isha Sinha,51.0,MARKETING,Jaipur,110207.73,19.5,,Bachelors,20-03-2023,7.5,isha.sinha763@company.com
504906,Preeti Malik,38.0,Finance,Hyderabad,79695.95,22.6,active,bachelors,25-04-2024,4.3,preeti.malik4906@company.com
504227,Simran Dixit,32.0,,Hyderabad,113830.54,11.7,Active,PhD,15/11/2022,2.9,simran.dixit4227@company.com
503571,Ashok Goel,42.0,Marketing,Delhi,102647.92,29.7,Active,Diploma,2021-07-04,9.1,ashok.goel3571@company.com
504453,Simran Ghosh,35.0,,Chennai ,63615.23,,INACTIVE,Diploma,09/24/2024,7.5,simran.ghosh4453@company.com
502665,Priya Malik,22.0,,Ahmedabad,86370.93,29.6,active,,07-09-2015,5.2,priya.malik2665@company.com
503829,suresh bose,52.0,MARKETING,,42452.68,6.8,INACTIVE,PhD,2018-10-04,1.1,suresh.bose3829@company.com
500109,  Neha Dixit  ,43.0,Operations,Jaipur,100584.36,30.7,Active,Masters,16-11-2022,5.8,neha.dixit109@company.com
504331,Isha Agarwal,37.0,IT,Chennai,26096.56,34.7,active,Bachelors,06/21/2020,2.4,isha.agarwal4331@company.com
501100,Isha Pandey,41.0,MARKETING, Delhi,64703.38,34.2,active,Diploma,07/20/2015,2.9,isha.pandey1100@company.com
500152,Nikhil Pandey,50.0,HR,MUMBAI,58292.35,23.4,INACTIVE,PhD,08/02/2020,9.7,nikhil.pandey152@company.com
503023,Deepak Dixit,50.0,Sales,Chennai ,107268.41,28.9,active,,11/08/2025,9.1,deepak.dixit3023@company.com
500204,Shreya Thakur,27.0,Operations,,103261.88,12.6,,PhD,16-04-2024,6.4,shreya.thakur204@company.com
503052,Simran Khanna,43.0,HR,Chennai,63504.85,9.0,,bachelors,07/05/2023,9.1,simran.khanna3052@company.com
500789,NIKHIL GHOSH,52.0,,bengaluru,85482.33,13.6,Inactive,,11/09/2023,8.8,nikhil.ghosh789@company.com
504974,  Gaurav Yadav  ,24.0,IT,Bengaluru,141967.31,21.4,Active,Masters,2020-06-09,1.2,gaurav.yadav4974@company.com
502465,Ashok Khanna,55.0,,Hyderabad,107442.24,33.7,,bachelors,25/10/2023,9.6,ashok.khanna2465@company.com
500640,Rahul Nanda,33.0,,bengaluru,29208.9,13.7,Active,PhD,04/27/2015,3.9,rahul.nanda640@company.com
501266,Divya Pandey,28.0,Finance,Kolkata,139823.79,11.8,,Bachelors,13/11/2021,2.3,divya.pandey1266@company.com
503090,Simran Mishra,51.0,,MUMBAI,38838.66,30.0,INACTIVE,MASTERS,22/08/2020,8.8,simran.mishra3090@company.com
503275,Arjun Sinha,55.0,Marketing,Lucknow,43871.14,9.9,On Leave,Diploma,11/14/2020,3.6,arjun.sinha3275@company.com
504474,Isha Bhatia,54.0,it,Delhi,118208.96,31.5,Inactive,,26/07/2024,6.0,isha.bhatia4474@company.com
501083,  Deepak Agarwal  ,56.0,Operations, Delhi,52300.11,28.4,active,bachelors,20/05/2017,8.4,deepak.agarwal1083@company.com
501104,Anjali Malik,39.0,sales,Ahmedabad,128827.59,12.2,Inactive,Masters,05/02/2017,2.5,anjali.malik1104@company.com
504594,Gaurav Yadav,30.0,Logistics,,23651.43,23.4,On Leave,PhD,2024-04-11,5.4,gaurav.yadav4594@company.com
503851,Amit Dixit,57.0,Logistics,Kolkata,33110.2,22.4,active,Diploma,05-08-2019,9.5,amit.dixit3851@company.com
504475,Rahul Malik,26.0,IT,Chennai,89409.1,26.1,active,Diploma,26/08/2021,9.3,rahul.malik4475@company.com
501873,Gaurav Yadav,26.0,Logistics,Chennai,126806.26,20.4,Active,,24/01/2020,2.8,gaurav.yadav1873@company.com
501615,Manish Dixit,59.0,IT,,,17.8,Active,MASTERS,06/15/2024,9.4,manish.dixit1615@company.com
504025,Manish Goel,42.0,Support,Bengaluru,42792.93,1.2,,MASTERS,21-08-2025,9.6,manish.goel4025@company.com
502101,Meena Dixit,31.0,Marketing,Mumbai,78507.06,3.7,Inactive,Diploma,20/09/2024,5.2,meena.dixit2101@company.com
502957,Gaurav Bhatia,44.0,MARKETING, Delhi,103705.24,10.3,active,Masters,08/06/2020,7.5,gaurav.bhatia2957@company.com
503175,Karan Goel,56.0,,Chennai ,51996.48,0.3,On Leave,,26-04-2016,,karan.goel3175@company.com
503951,Anjali Rastogi,38.0,Operations,Lucknow,28994.28,17.7,Active,MASTERS,2024-10-04,9.8,anjali.rastogi3951@company.com
500665,Nikhil Khanna,52.0,Support,,124530.91,5.1,active,PhD,2025-06-10,1.1,nikhil.khanna665@company.com
501463,Rohan Pandey,46.0,Sales,Chennai,125944.48,27.7,On Leave,Bachelors,2023-10-26,7.1,rohan.pandey1463@company.com
504349,Manish Ghosh,44.0,HR,MUMBAI,88653.4,22.4,Inactive,Bachelors,,5.4,manish.ghosh4349@company.com
503723,Simran Chauhan,24.0,Marketing,,87934.34,3.8,Inactive,Masters,16-03-2024,8.2,simran.chauhan3723@company.com
500075,Preeti Dixit,21.0,Finance,Chennai ,27830.07,23.0,INACTIVE,MASTERS,02-04-2017,9.1,preeti.dixit75@company.com
503936,Divya Nanda,29.0,it,Chennai,89503.28,26.7,INACTIVE,Bachelors,2023-06-12,4.2,divya.nanda3936@company.com
504842,Suresh Goel,38.0,sales,Bengaluru,50502.66,16.2,active,,26/10/2023,8.4,suresh.goel4842@company.com
500915,anjali saxena,31.0,, Delhi,115196.47,18.7,Inactive,Masters,27-09-2016,1.0,anjali.saxena915@company.com
502004,Kavita Trivedi,33.0,Support,Ahmedabad,115360.61,16.1,INACTIVE,Masters,2021-11-27,4.7,kavita.trivedi2004@company.com
503246,Gaurav Trivedi,56.0,Sales,,125471.34,20.2,On Leave,,2017-07-17,,gaurav.trivedi3246@company.com
502319,Sanjay Choudhary,58.0,Support,,65980.76,25.8,active,Diploma,2022-02-09,4.8,sanjay.choudhary2319@company.com
501488,Meena Rastogi,49.0,it,Chennai ,37832.74,,Inactive,,14-08-2025,6.9,meena.rastogi1488@company.com
502850,Nisha Rastogi,38.0,Sales,,124577.45,1.1,On Leave,Bachelors,2015-02-27,5.2,nisha.rastogi2850@company.com
500950,Kavita Rastogi,45.0,Support,Kolkata,27154.75,19.9,Active,MASTERS,20-05-2018,2.6,kavita.rastogi950@company.com
501644,Swati Malik,48.0,HR,Pune,77597.67,22.1,Inactive,PhD,15/01/2016,1.6,swati.malik1644@company.com
503657,  Isha Chauhan  ,47.0,,Ahmedabad,42238.29,21.2,INACTIVE,Bachelors,2020-12-02,,isha.chauhan3657@company.com
500506,Nisha Yadav,43.0,Support,Hyderabad,49158.89,32.3,Active,PhD,12/11/2018,4.7,nisha.yadav506@company.com
502907,Priya Trivedi,46.0,sales,Delhi,136791.87,26.7,active,bachelors,01-01-2016,1.7,priya.trivedi2907@company.com
504174,Ashok Agarwal,36.0,Marketing, Delhi,32050.76,7.1,active,bachelors,17/09/2015,2.6,ashok.agarwal4174@company.com
503106,Deepak Bhatia,25.0,Support,Hyderabad,140043.43,1.5,INACTIVE,Masters,03/12/2016,4.4,deepak.bhatia3106@company.com
502555,Manish Yadav,56.0,IT, Delhi,88383.29,,Inactive,Bachelors,04/27/2020,,manish.yadav2555@company.com
500327,Preeti Choudhary,42.0,MARKETING,Delhi,58871.82,9.5,Active,Bachelors,2022-01-19,4.5,preeti.choudhary327@company.com
504595,Deepak Mishra,33.0,Operations,MUMBAI,50958.21,6.1,Active,Bachelors,04/10/2017,,deepak.mishra4595@company.com
500442,NIKHIL SAXENA,53.0,MARKETING,Chennai,36295.27,28.1,,PhD,26-01-2017,2.6,nikhil.saxena442@company.com
504194,Pooja Dixit,46.0,Logistics,,31423.61,,active,PhD,2023-12-20,7.0,pooja.dixit4194@company.com
500691,Shreya Trivedi,46.0,Operations,Lucknow,25651.55,30.0,active,MASTERS,12/06/2025,6.2,shreya.trivedi691@company.com
500861,MEENA CHOUDHARY,21.0,Operations,,127042.91,23.0,INACTIVE,,13/09/2023,1.2,meena.choudhary861@company.com
503886,Neha Chauhan,48.0,Support,Hyderabad,79726.09,,INACTIVE,bachelors,12/04/2017,7.7,neha.chauhan3886@company.com
501555,Pooja Trivedi,33.0,Support,Chennai ,47988.24,3.3,Active,PhD,24/02/2024,8.9,pooja.trivedi1555@company.com
501392,Nisha Rastogi,50.0,MARKETING,MUMBAI,34466.37,4.0,On Leave,bachelors,09/03/2017,3.8,nisha.rastogi1392@company.com
502870,Kavita Bose,39.0,Support,MUMBAI,110220.71,33.6,Inactive,Diploma,05/03/2015,2.8,kavita.bose2870@company.com
503017,Ritu Bhatia,34.0,Finance,Hyderabad,138262.83,,On Leave,bachelors,11/06/2022,2.3,ritu.bhatia3017@company.com
504041,Nikhil Mishra,35.0,IT,Mumbai,,11.8,active,Bachelors,2016-10-24,6.2,nikhil.mishra4041@company.com
500975,Ritu Sinha,53.0,MARKETING,,78626.64,25.1,Active,PhD,21/09/2015,,ritu.sinha975@company.com
503997,deepak bose,47.0,IT,Ahmedabad,80796.83,5.7,Inactive,Bachelors,19/02/2022,,deepak.bose3997@company.com
501568,Amit Thakur,,,Kolkata,76900.68,9.0,active,PhD,,2.8,amit.thakur1568@company.com
501590,Vijay Trivedi,27.0,Sales,Delhi,58166.36,15.3,active,,2015-12-13,9.3,
502961,Vijay Choudhary,46.0,,Chennai ,96068.28,,,Masters,2018-05-23,9.8,
501145,Isha Nanda,25.0,,Kolkata,41699.44,25.1,INACTIVE,MASTERS,16-09-2017,8.2,isha.nanda1145@company.com
501255,Rajesh Rastogi,46.0,Finance, Delhi,91459.76,21.4,Inactive,,03-02-2016,3.3,rajesh.rastogi1255@company.com
500503,Ashok Choudhary,,,Chennai,31212.84,7.9,Active,Bachelors,20/09/2025,8.1,ashok.choudhary503@company.com
501372,Arjun Bose,35.0,Operations, Delhi,101911.31,3.2,On Leave,Diploma,04/26/2020,9.8,arjun.bose1372@company.com
501227,Ashok Saxena,39.0,Logistics,Mumbai,112123.01,8.5,active,bachelors,06/06/2019,6.2,ashok.saxena1227@company.com
501296,anjali ghosh,45.0,sales,MUMBAI,129379.34,17.1,INACTIVE,,27-06-2018,6.1,anjali.ghosh1296@company.com
503855,POOJA GHOSH,47.0,Logistics,,139696.07,1.4,,Masters,10/24/2017,2.7,pooja.ghosh3855@company.com
500180,Vijay Bose,25.0,,,77774.48,28.6,INACTIVE,PhD,03/05/2018,9.5,vijay.bose180@company.com
503363,SHREYA CHOUDHARY,38.0,Support,Chennai,120563.29,5.3,Inactive,,03/10/2016,,shreya.choudhary3363@company.com
502273,Rahul Malik,34.0,it,Bengaluru,126205.73,32.3,active,Bachelors,2018-02-01,7.3,rahul.malik2273@company.com
501316,Nisha Mishra,47.0,IT,Bengaluru,144203.87,8.1,Active,MASTERS,2022-08-07,2.4,nisha.mishra1316@company.com
501452,Simran Trivedi,22.0,,bengaluru,42574.64,,INACTIVE,,2017-12-10,3.1,simran.trivedi1452@company.com
502168,vijay pandey,47.0,Support,Ahmedabad,125125.85,29.2,,MASTERS,2021-10-05,7.0,vijay.pandey2168@company.com
503850,Deepak Khanna,22.0,it,,133766.8,27.4,active,bachelors,13/06/2022,3.6,deepak.khanna3850@company.com
502734,Gaurav Chauhan,54.0,IT,Pune,23175.98,9.0,INACTIVE,Diploma,2022-01-01,5.8,gaurav.chauhan2734@company.com
500358,Rohan Agarwal,26.0,MARKETING,Chennai ,128099.42,8.8,INACTIVE,,2015-09-23,2.1,rohan.agarwal358@company.com
501065,Ashok Ghosh,55.0,Finance,MUMBAI,112324.18,34.1,,MASTERS,17-09-2024,1.2,ashok.ghosh1065@company.com
504972,Divya Nanda,30.0,,Jaipur,35185.82,30.6,INACTIVE,bachelors,2021-07-19,6.6,divya.nanda4972@company.com
501511,Deepak Malik,36.0,IT,Bengaluru,41167.75,11.1,active,,17-08-2019,2.9,deepak.malik1511@company.com
501249,Gaurav Agarwal,37.0,Finance,Pune,103074.48,7.9,Inactive,Masters,22/07/2020,,gaurav.agarwal1249@company.com
502746,Nisha Goel,25.0,HR,Ahmedabad,39310.95,18.4,,bachelors,04/05/2023,3.7,nisha.goel2746@company.com
504385,  Karan Malik  ,,IT,Delhi,118268.64,16.8,,,2018-03-17,2.3,karan.malik4385@company.com
503874,Sneha Bose,23.0,MARKETING, Delhi,106468.63,5.9,Active,Bachelors,2016-07-02,4.9,sneha.bose3874@company.com
503790,Preeti Yadav,36.0,HR,Lucknow,59105.99,14.5,Inactive,Bachelors,19-10-2025,2.3,preeti.yadav3790@company.com
501401,Neha Agarwal,38.0,IT, Delhi,141208.76,22.6,Inactive,Masters,03/12/2018,,neha.agarwal1401@company.com
503831,Rohan Bose,50.0,Marketing,,,26.3,Active,,2024-07-17,2.8,rohan.bose3831@company.com
500841,Vikram Bose,27.0,sales,Hyderabad,50414.41,15.3,INACTIVE,,2018-12-08,7.0,vikram.bose841@company.com
502843,Karan Trivedi,38.0,,bengaluru,105385.85,32.1,Inactive,PhD,,4.0,karan.trivedi2843@company.com
504341,Gaurav Yadav,51.0,Sales,Hyderabad,130964.95,7.5,On Leave,PhD,04/02/2023,,gaurav.yadav4341@company.com
503337,Gaurav Bhatia,24.0,Marketing,Jaipur,100836.93,33.0,,PhD,10/03/2023,,gaurav.bhatia3337@company.com
503125,Sanjay Khanna,51.0,Sales,Hyderabad,149729.89,5.1,On Leave,Masters,04-06-2023,9.2,sanjay.khanna3125@company.com
501995,Ashok Rastogi,57.0,,Chennai ,113815.74,12.0,active,MASTERS,25/01/2025,1.8,ashok.rastogi1995@company.com
504021,  Anjali Malik  ,39.0,Sales,Kolkata,114133.05,19.7,,MASTERS,15/03/2015,4.3,anjali.malik4021@company.com
501707,Suresh Ghosh,24.0,IT,Jaipur,46896.43,,On Leave,Masters,11/11/2022,10.0,suresh.ghosh1707@company.com
502716,Rajesh Rastogi,52.0,,Delhi,67350.58,3.1,INACTIVE,Bachelors,21/05/2024,6.3,rajesh.rastogi2716@company.com
501593,Amit Goel,30.0,it,Chennai,138394.12,17.1,On Leave,bachelors,2019-02-12,4.1,amit.goel1593@company.com
503879,  Suresh Bose  ,34.0,MARKETING,Chennai ,69525.49,14.1,,,15/10/2019,2.0,suresh.bose3879@company.com
504202,rajesh choudhary,34.0,Marketing,MUMBAI,146952.49,17.8,INACTIVE,,2015-05-20,5.7,rajesh.choudhary4202@company.com
502521,Amit Choudhary,58.0,MARKETING,Chennai ,86259.93,14.8,,Diploma,2016-01-06,9.4,amit.choudhary2521@company.com
501766,Amit Mishra,21.0,,Lucknow,31573.12,10.1,Active,Masters,03/09/2016,9.2,amit.mishra1766@company.com
503305,Rajesh Malik,44.0,Marketing,Chennai,136167.22,1.7,,Masters,2021-06-05,,rajesh.malik3305@company.com
504980,Vijay Dixit,32.0,Marketing,Delhi,114974.01,6.8,Inactive,MASTERS,09/27/2017,2.3,vijay.dixit4980@company.com
502528,Priya Bansal,40.0,Operations,Chennai,31641.38,0.0,active,Diploma,22/05/2020,7.6,priya.bansal2528@company.com
501411,Isha Khanna,29.0,IT,Bengaluru,71320.34,31.9,Inactive,,26-09-2018,,isha.khanna1411@company.com
502541,vijay trivedi,51.0,MARKETING,Chennai,148074.91,13.9,active,PhD,2022-03-09,3.7,vijay.trivedi2541@company.com
504087,ASHOK SAXENA,24.0,sales,,142942.58,16.7,Inactive,PhD,2016-10-14,9.0,ashok.saxena4087@company.com
501405,Arjun Bansal,28.0,Support,Kolkata,122022.06,23.9,INACTIVE,bachelors,21/08/2025,9.5,arjun.bansal1405@company.com
504122,Swati Yadav,42.0,HR,,92913.13,15.2,Inactive,Masters,15/07/2023,,swati.yadav4122@company.com
500770,SURESH GOEL,33.0,Finance,,140392.01,2.5,INACTIVE,Masters,19-06-2024,,suresh.goel770@company.com
502959,Swati Pandey,33.0,Finance,Pune,56295.52,5.0,,MASTERS,08-05-2015,1.5,swati.pandey2959@company.com
503859,Vikram Saxena,30.0,Logistics,Pune,42915.51,9.5,INACTIVE,Masters,11/09/2024,8.9,vikram.saxena3859@company.com
502150,Sneha Goel,24.0,MARKETING,Chennai,128699.42,11.8,Active,bachelors,2019-01-18,,sneha.goel2150@company.com
504505,MANISH DIXIT,48.0,,Mumbai,64285.34,21.0,active,PhD,15/03/2017,9.3,manish.dixit4505@company.com
501902,Vijay Rastogi,50.0,IT,Lucknow,28039.86,27.9,Active,bachelors,08-09-2017,4.7,vijay.rastogi1902@company.com
503287,Isha Thakur,27.0,Support,Bengaluru,37557.12,30.7,INACTIVE,MASTERS,2022-11-12,7.8,isha.thakur3287@company.com
500585,Amit Ghosh,36.0,Logistics,Jaipur,74935.97,14.8,Active,MASTERS,24-07-2020,6.2,amit.ghosh585@company.com
501426,Sneha Bansal,50.0,Logistics,Mumbai,89030.64,24.5,,bachelors,2022-06-17,2.1,sneha.bansal1426@company.com
503779,Kavita Thakur,51.0,Operations,Lucknow,20068.91,11.9,Active,Diploma,27/05/2016,,
504679,Deepak Saxena,35.0,,Bengaluru,108200.86,20.0,active,MASTERS,06/12/2019,6.8,deepak.saxena4679@company.com
502753,Priya Dixit,53.0,MARKETING,Bengaluru,74727.35,22.2,active,MASTERS,01/20/2023,2.2,priya.dixit2753@company.com
501526,Amit Bose,48.0,,MUMBAI,122276.13,,,,07/09/2023,6.8,amit.bose1526@company.com
503981,divya khanna,29.0,Logistics,Mumbai,20286.83,10.3,INACTIVE,MASTERS,09/08/2020,8.0,divya.khanna3981@company.com
501987,Anjali Thakur,29.0,HR,Hyderabad,109101.38,20.0,Inactive,bachelors,01/05/2023,5.3,anjali.thakur1987@company.com
500732,Ashok Yadav,36.0,Support,Kolkata,,23.9,Active,bachelors,07/01/2025,9.8,ashok.yadav732@company.com
501171,Amit Malik,33.0,,bengaluru,138889.73,17.2,On Leave,Bachelors,20-09-2018,4.3,amit.malik1171@company.com
503382,PREETI GHOSH,31.0,Marketing,Bengaluru,110522.88,13.9,Inactive,Masters,06-12-2022,1.2,preeti.ghosh3382@company.com
503089,Preeti Pandey,25.0,,Chennai ,95350.54,17.6,INACTIVE,,2022-01-14,2.1,preeti.pandey3089@company.com
500687,Kavita Trivedi,,it,,146544.02,7.8,On Leave,bachelors,26/10/2023,3.2,kavita.trivedi687@company.com
501010,Vikram Yadav,31.0,Sales,MUMBAI,120991.92,7.2,active,MASTERS,19/10/2017,3.2,vikram.yadav1010@company.com
503067,Sneha Thakur,,Support,Pune,124902.69,25.2,Active,Masters,24/02/2021,,sneha.thakur3067@company.com
501661,Suresh Dixit,34.0,HR,Bengaluru,42575.75,3.0,Active,Masters,21/10/2021,,suresh.dixit1661@company.com
503586,Nikhil Chauhan,21.0,,Kolkata,139827.36,8.0,active,,08/25/2022,,nikhil.chauhan3586@company.com
500475,  Rahul Sinha  ,45.0,it,MUMBAI,133150.75,,,bachelors,17/06/2024,2.1,rahul.sinha475@company.com
501304,Nikhil Sinha,30.0,MARKETING,Jaipur,40160.87,19.9,active,,08/07/2019,6.3,nikhil.sinha1304@company.com
502215,Divya Thakur,56.0,Marketing,Chennai,20210.95,22.3,Inactive,,2022-09-05,7.0,divya.thakur2215@company.com
502934,sanjay nanda,38.0,HR,Hyderabad,109094.3,22.6,INACTIVE,PhD,12/19/2018,4.7,sanjay.nanda2934@company.com
502980,Vikram Ghosh,45.0,it,Chennai,26317.67,5.4,On Leave,bachelors,17-02-2016,2.9,vikram.ghosh2980@company.com
504009,Priya Khanna,22.0,Operations,Jaipur,73318.1,16.4,Inactive,bachelors,09/25/2015,6.5,priya.khanna4009@company.com
504105,arjun malik,40.0,sales,Kolkata,49352.19,9.9,active,,2016-04-19,5.5,arjun.malik4105@company.com
503661,Swati Choudhary,21.0,Operations,Chennai,35701.96,12.2,active,Masters,16-08-2024,8.2,swati.choudhary3661@company.com
501881,Ashok Yadav,23.0,MARKETING,Jaipur,95339.1,32.8,On Leave,bachelors,02/01/2017,2.0,ashok.yadav4956@company.com
504495,Neha Malik,28.0,Operations,,111397.05,24.4,Inactive,MASTERS,06/15/2023,7.6,neha.malik4495@company.com
504038,Meena Nanda,31.0,,Jaipur,101246.53,3.5,Inactive,Bachelors,07/02/2015,,meena.nanda4038@company.com
503711,  Vikram Sinha  ,43.0,IT,bengaluru,84749.92,34.9,INACTIVE,,20-07-2021,7.8,vikram.sinha3711@company.com
503301,  Pooja Dixit  ,45.0,Finance,Jaipur,122033.14,5.4,,,21/12/2015,1.5,pooja.dixit3301@company.com
500502,Ashok Khanna,46.0,IT,Jaipur,39722.16,20.0,,Masters,12/03/2022,9.7,ashok.khanna502@company.com
500485,Rahul Choudhary,52.0,Operations,bengaluru,106411.38,18.9,INACTIVE,MASTERS,17-02-2022,10.0,rahul.choudhary485@company.com
504176,Isha Pandey,54.0,MARKETING,Chennai ,38959.42,,Active,,04-08-2024,1.9,isha.pandey4176@company.com
502426,Sneha Agarwal,40.0,,Hyderabad,91627.83,,INACTIVE,,26-09-2021,5.6,sneha.agarwal2426@company.com
500105,Amit Agarwal,43.0,HR,Chennai,123343.21,8.2,Active,Bachelors,04/18/2022,2.9,amit.agarwal105@company.com
503731,Sanjay Saxena,53.0,it,,115435.08,18.8,Inactive,bachelors,,4.1,sanjay.saxena3731@company.com
500907,Kavita Bose,53.0,Support,,143093.93,26.8,,Diploma,13-06-2025,5.3,kavita.bose907@company.com
504064,Vijay Nanda,43.0,Marketing, Delhi,35295.4,12.9,INACTIVE,PhD,2018-04-18,2.6,vijay.nanda4064@company.com
503481,Nikhil Agarwal,57.0,,,40604.03,11.5,,PhD,04/23/2020,1.2,nikhil.agarwal3481@company.com
502921,DIVYA PANDEY,55.0,sales,,103557.82,23.4,INACTIVE,bachelors,22/10/2025,7.6,divya.pandey2921@company.com
502422,Suresh Chauhan,50.0,,Ahmedabad,134418.32,13.1,Active,bachelors,19/09/2016,2.8,suresh.chauhan2422@company.com
502650,kavita goel,39.0,Marketing,Hyderabad,90653.13,4.7,Active,Diploma,05/08/2015,2.4,kavita.goel2650@company.com
504883,ARJUN BOSE,28.0,it,MUMBAI,-56322.76,15.2,Inactive,,10/05/2017,2.8,arjun.bose4883@company.com
501997,Sneha Trivedi,53.0,Support,Mumbai,52422.42,22.5,Inactive,MASTERS,11-03-2018,9.2,sneha.trivedi1997@company.com
500220,Preeti Khanna,38.0,Support,MUMBAI,61140.0,19.9,active,PhD,2015-10-08,8.4,preeti.khanna220@company.com
501912,Nikhil Bansal,50.0,IT,bengaluru,35177.47,16.0,INACTIVE,Bachelors,07/02/2017,8.7,nikhil.bansal1912@company.com
500479,Gaurav Goel,29.0,sales,,,28.1,INACTIVE,,06/18/2018,7.8,gaurav.goel479@company.com
502341,Isha Mishra,38.0,Support,,39792.19,8.0,INACTIVE,bachelors,09/22/2022,5.4,isha.mishra2341@company.com
501857,simran goel,39.0,,,26111.72,17.3,Inactive,,2018-05-03,8.2,simran.goel1857@company.com
503485,Vikram Trivedi,37.0,Marketing,Pune,125288.46,26.2,On Leave,Diploma,,6.3,vikram.trivedi3485@company.com
501186,Arjun Saxena,59.0,Operations,Delhi,60812.44,6.0,active,Masters,21-03-2020,7.3,arjun.saxena1186@company.com
504813,Gaurav Saxena,31.0,, Delhi,78799.72,33.6,Inactive,PhD,12/02/2019,9.0,gaurav.saxena4813@company.com
504892,  Shreya Saxena  ,23.0,Operations,Pune,94184.97,30.8,active,,2015-09-24,6.0,shreya.saxena4892@company.com
504932,Rajesh Goel,35.0,sales,MUMBAI,95462.27,14.5,INACTIVE,bachelors,07/07/2022,1.3,rajesh.goel4932@company.com
501909,Ritu Thakur,37.0,Support,,139821.19,20.9,INACTIVE,,2018-07-20,5.1,ritu.thakur1909@company.com
503496,Simran Yadav,55.0,HR,Chennai ,121535.33,6.9,Inactive,Diploma,,9.7,simran.yadav3496@company.com
504608,Preeti Mishra,42.0,it,Chennai ,125670.08,31.4,Active,bachelors,18-11-2017,8.2,preeti.mishra4608@company.com
504848,Shreya Bhatia,32.0,,,41386.3,22.2,On Leave,,,2.1,shreya.bhatia4848@company.com
503812,Rahul Ghosh,51.0,MARKETING,Hyderabad,114867.25,32.1,INACTIVE,Diploma,08/26/2024,1.0,rahul.ghosh3812@company.com
503269,Arjun Trivedi,54.0,Marketing,,86433.26,26.8,Active,,04-03-2015,2.4,arjun.trivedi3269@company.com
502393,Arjun Choudhary,42.0,IT,bengaluru,75884.45,18.6,Active,,2023-07-21,1.0,arjun.choudhary2393@company.com
501021,Simran Sinha,43.0,it,Chennai,74428.16,6.9,INACTIVE,,2025-02-22,8.1,simran.sinha1021@company.com
501612,Nisha Dixit,26.0,Logistics,Chennai ,111634.39,22.5,Active,MASTERS,10-05-2016,7.4,nisha.dixit1612@company.com
502200,Rohan Malik,29.0,MARKETING,,76683.37,5.9,Inactive,Diploma,20/10/2019,3.7,rohan.malik2200@company.com
504188,MEENA MALIK,57.0,HR,Delhi,111056.36,26.8,Inactive,Bachelors,11/05/2020,2.4,meena.malik4188@company.com
504133,isha nanda,54.0,,Ahmedabad,,2.0,Active,PhD,11/01/2024,8.8,isha.nanda4133@company.com
502157,Suresh Trivedi,57.0,HR,bengaluru,-106619.69,29.4,Inactive,MASTERS,26/05/2015,2.4,suresh.trivedi2157@company.com
504138,  Arjun Mishra  ,,it,Kolkata,,30.6,Inactive,MASTERS,2022-04-20,5.5,arjun.mishra4138@company.com
503456,manish malik,49.0,Finance,Kolkata,115848.46,17.6,On Leave,Diploma,21-02-2016,8.7,manish.malik3456@company.com
502928,ANJALI RASTOGI,,MARKETING, Delhi,144914.58,18.9,INACTIVE,Masters,03-03-2020,5.3,anjali.rastogi2928@company.com
501760,Sanjay Bansal,57.0,Marketing,Bengaluru,42582.43,,On Leave,MASTERS,11-01-2018,6.9,sanjay.bansal1760@company.com
501634,Vijay Dixit,42.0,IT,Ahmedabad,146941.8,7.9,active,Bachelors,2025-02-13,1.1,vijay.dixit1634@company.com
504859,MANISH THAKUR,43.0,MARKETING,Jaipur,126079.9,24.9,active,MASTERS,08/12/2022,3.1,manish.thakur4859@company.com
501812,Sanjay Pandey,51.0,,Lucknow,58455.07,5.0,Active,Bachelors,25/04/2023,8.6,sanjay.pandey1812@company.com
501223,Preeti Thakur,42.0,,Ahmedabad,34801.41,17.5,Active,Diploma,05-06-2024,5.8,preeti.thakur1223@company.com
504845,Pooja Bhatia,,Marketing,,64816.45,10.7,On Leave,MASTERS,26/05/2025,7.0,pooja.bhatia4845@company.com
503072,Rahul Nanda,37.0,Sales,Lucknow,107979.35,24.9,Active,,11-10-2020,2.7,rahul.nanda3072@company.com
500939,NIKHIL YADAV,22.0,,Mumbai,100866.61,20.3,INACTIVE,,05/09/2024,9.5,nikhil.yadav939@company.com
500281,Meena Thakur,22.0,Logistics,Kolkata,96203.42,28.9,active,MASTERS,15-12-2017,1.3,meena.thakur281@company.com
503503,Swati Bansal,32.0,HR,Pune,45886.14,1.5,,,20-03-2020,8.4,swati.bansal3503@company.com
504706,Manish Nanda,21.0,it,Mumbai,135553.61,27.3,Inactive,Masters,16/06/2016,4.4,manish.nanda4706@company.com
504663,Kavita Choudhary,53.0,HR,,50968.48,6.5,Active,,03-08-2023,2.9,kavita.choudhary4663@company.com
500172,Manish Chauhan,43.0,,,83613.27,10.3,On Leave,,02/08/2022,3.0,manish.chauhan172@company.com
502316,GAURAV MISHRA,36.0,Marketing,Hyderabad,85555.17,22.2,On Leave,Bachelors,09/21/2020,,gaurav.mishra2316@company.com
504046,nikhil thakur,55.0,IT,Ahmedabad,71339.65,28.0,,,2021-07-25,1.6,nikhil.thakur4046@company.com
500232,Isha Bansal,30.0,,Ahmedabad,84111.04,25.7,active,Bachelors,03/10/2020,,isha.bansal232@company.com
500838,arjun malik,46.0,Logistics,,58786.86,9.0,active,Bachelors,08/12/2020,9.5,arjun.malik838@company.com
503872,manish bhatia,55.0,Operations,Kolkata,42658.11,1.1,Active,Bachelors,2023-09-27,,manish.bhatia3872@company.com
504467,Gaurav Bose,,Support,bengaluru,139945.88,13.4,Active,PhD,12/02/2021,1.4,gaurav.bose4467@company.com
503897,Ashok Pandey,44.0,HR,,132628.38,7.2,INACTIVE,Masters,27-12-2024,1.2,ashok.pandey3897@company.com
501567,Ashok Goel,57.0,HR,Ahmedabad,102935.97,28.9,active,Masters,06/05/2019,3.6,ashok.goel1567@company.com
503510,Vikram Sinha,46.0,Support,Chennai ,,30.7,INACTIVE,PhD,05/12/2025,5.2,vikram.sinha3510@company.com
500251,Kavita Chauhan,57.0,Sales, Delhi,69685.22,26.6,Inactive,Masters,08/03/2024,4.0,kavita.chauhan251@company.com
500484,PRIYA DIXIT,58.0,Marketing,,29728.96,20.7,Active,,13-12-2024,4.5,priya.dixit484@company.com
502434,ashok bhatia,57.0,Finance,Chennai,115406.56,26.2,active,Masters,01/27/2016,4.0,ashok.bhatia2434@company.com
500253,Priya Goel,36.0,sales,Delhi,48651.01,1.1,,,11/01/2024,5.4,priya.goel253@company.com
502904,Meena Dixit,23.0,IT,,,22.5,On Leave,,04/02/2016,5.4,meena.dixit2904@company.com
503811,Rajesh Ghosh,,Marketing,Jaipur,129969.39,,On Leave,,2015-03-27,8.1,rajesh.ghosh3811@company.com
502658,POOJA BANSAL,27.0,Sales,Kolkata,43742.79,6.8,Active,,01/07/2021,1.4,pooja.bansal2658@company.com
503029,Pooja Rastogi,33.0,it,Mumbai,118908.16,24.0,On Leave,Masters,01/04/2019,6.1,pooja.rastogi3029@company.com
504108,Ashok Rastogi,48.0,,Lucknow,40317.53,17.6,INACTIVE,MASTERS,2025-05-21,8.5,ashok.rastogi4108@company.com
503266,Arjun Khanna,56.0,Logistics,Mumbai,72214.16,0.1,Active,bachelors,2020-03-01,5.6,arjun.khanna3266@company.com
504815,SNEHA AGARWAL,57.0,Finance, Delhi,62820.19,24.9,On Leave,Diploma,17/04/2020,2.8,sneha.agarwal4815@company.com
500033,Kavita Yadav,48.0,Operations,Ahmedabad,143275.42,28.4,active,Bachelors,07/10/2020,5.6,kavita.yadav33@company.com
504647,Pooja Agarwal,42.0,Support,,51220.26,13.8,Inactive,Masters,12/12/2015,6.2,pooja.agarwal4647@company.com
504102,Simran Agarwal,47.0,HR,Delhi,139149.79,5.5,,,25/05/2020,6.9,simran.agarwal4102@company.com
501854,Kavita Dixit,22.0,Finance,bengaluru,34217.18,25.9,On Leave,Masters,02-12-2024,2.8,kavita.dixit1854@company.com
501204,Sanjay Malik,27.0,IT,,104510.4,25.1,On Leave,Masters,09-08-2022,4.6,sanjay.malik1204@company.com
502578,Preeti Mishra,41.0,Finance,Hyderabad,141627.8,0.4,,Masters,04-02-2016,,preeti.mishra2578@company.com
502939,POOJA AGARWAL,30.0,,Ahmedabad,34340.95,13.3,active,,11/18/2022,7.2,pooja.agarwal2939@company.com
500024,Vikram Ghosh,29.0,MARKETING,Delhi,106708.0,10.6,Inactive,PhD,09/08/2015,9.3,vikram.ghosh24@company.com
501400,Swati Rastogi,31.0,Finance,Hyderabad,50299.56,1.3,Active,MASTERS,16/08/2015,1.7,swati.rastogi1400@company.com
504303,Swati Mishra,55.0,,Pune,97629.37,7.1,active,Masters,2015-09-14,4.1,swati.mishra4303@company.com
502387,Ritu Rastogi,25.0,,Delhi,66647.85,5.3,On Leave,Bachelors,10/20/2024,,ritu.rastogi2387@company.com
500663,Rahul Agarwal,26.0,MARKETING,Hyderabad,36008.28,7.0,On Leave,,07-10-2018,2.6,rahul.agarwal663@company.com
500371,Rahul Bansal,58.0,,Pune,58954.85,19.8,On Leave,bachelors,04-03-2020,5.0,rahul.bansal371@company.com
500062,Rahul Dixit,33.0,Finance,,146183.87,13.5,INACTIVE,,08/12/2025,3.9,rahul.dixit62@company.com
504384,Pooja Choudhary,36.0,Logistics,Bengaluru,129032.62,23.9,active,Bachelors,02/03/2015,7.9,pooja.choudhary4384@company.com
501019,NIKHIL RASTOGI,26.0,IT,Kolkata,117003.98,30.1,Inactive,Masters,2022-12-07,2.4,nikhil.rastogi1019@company.com
504866,Neha Ghosh,49.0,it,,95740.23,20.8,Inactive,MASTERS,10-09-2018,5.5,neha.ghosh4866@company.com
502687,Karan Dixit,42.0,sales,MUMBAI,58299.37,24.8,Inactive,bachelors,2016-07-09,8.2,karan.dixit2687@company.com
504483,Amit Ghosh,54.0,Operations,,88452.38,21.7,,bachelors,13-09-2023,3.4,amit.ghosh4483@company.com
501185,Suresh Thakur,26.0,Support,Bengaluru,81554.97,20.9,Active,PhD,03/18/2025,6.8,suresh.thakur1185@company.com
501183,DEEPAK THAKUR,40.0,Logistics,Chennai,52662.59,26.9,Active,bachelors,01/03/2024,2.7,deepak.thakur1183@company.com
501592,Rohan Mishra,25.0,,Kolkata,134357.44,19.8,active,,22/12/2025,9.8,rohan.mishra1592@company.com
504115,Priya Sinha,43.0,Operations,,86085.26,6.0,Inactive,Bachelors,2025-12-21,4.6,priya.sinha4115@company.com
501406,Preeti Mishra,58.0,Sales,bengaluru,68353.84,3.6,active,bachelors,12-10-2024,2.8,preeti.mishra1406@company.com
504929,Vijay Thakur,54.0,Support,Chennai ,57125.08,18.5,Inactive,bachelors,11/02/2016,8.5,vijay.thakur4929@company.com
502258,Priya Dixit,53.0,sales,Delhi,90968.81,6.1,,Masters,09/19/2019,7.2,priya.dixit2258@company.com
502855,Karan Dixit,56.0,Sales,MUMBAI,121383.83,13.0,Inactive,,02/02/2016,7.3,karan.dixit2855@company.com
502337,Kavita Malik,44.0,Operations,Hyderabad,61460.24,12.3,Inactive,Bachelors,13-01-2019,,kavita.malik2337@company.com
503943,Manish Pandey,58.0,IT,Ahmedabad,69273.95,11.6,active,MASTERS,05-01-2025,4.5,manish.pandey3943@company.com
503225,Suresh Chauhan,21.0,Sales,,,11.3,On Leave,PhD,17/02/2016,4.8,suresh.chauhan3225@company.com
500277,Nisha Chauhan,33.0,it,,126997.14,13.1,Active,,2015-03-16,6.4,nisha.chauhan277@company.com
504578,Sneha Dixit,45.0,Logistics, Delhi,130373.24,26.7,Active,MASTERS,2024-05-11,,sneha.dixit4578@company.com
504975,Anjali Chauhan,,Finance,MUMBAI,46369.47,29.4,Inactive,Masters,16-03-2019,1.5,anjali.chauhan4975@company.com
502923,Meena Bansal,45.0,sales,Ahmedabad,137609.95,19.4,Active,MASTERS,2017-06-06,3.3,meena.bansal2923@company.com
503123,Pooja Dixit,41.0,Operations,,78788.75,14.5,,,18/04/2024,3.9,pooja.dixit3123@company.com
504101,Amit Khanna,54.0,Finance,Chennai ,133040.82,23.2,On Leave,Masters,23/04/2018,8.6,amit.khanna4101@company.com
500456,  Karan Khanna  ,45.0,IT,Pune,73588.77,12.4,On Leave,,08/08/2021,4.3,karan.khanna456@company.com
503181,Rajesh Khanna,46.0,MARKETING,Kolkata,,16.9,,,07-01-2015,6.9,rajesh.khanna3181@company.com
501254,isha bose,50.0,HR,,96490.4,20.5,,Bachelors,2016-03-07,6.4,isha.bose1254@company.com
501436,Priya Trivedi,34.0,, Delhi,130074.49,1.2,Inactive,Diploma,21-06-2024,4.3,priya.trivedi1436@company.com
502373,  Ritu Yadav  ,31.0,,Mumbai,115562.47,6.4,,,10-03-2017,9.7,ritu.yadav2373@company.com
502798,Ashok Ghosh,54.0,,Hyderabad,142314.64,27.2,INACTIVE,bachelors,2018-11-25,5.3,ashok.ghosh2798@company.com
502486,Divya Pandey,58.0,,Hyderabad,89802.16,10.3,,Masters,01/04/2019,2.0,divya.pandey2486@company.com
504537,Karan Saxena,44.0,Sales,Lucknow,90032.63,3.2,Inactive,,02/09/2019,6.8,karan.saxena4537@company.com
501809,Rahul Dixit,51.0,Logistics, Delhi,143035.62,1.2,,,11-08-2020,2.8,rahul.dixit1809@company.com
504714,amit trivedi,47.0,,Lucknow,30529.06,16.6,On Leave,,2020-05-11,9.7,amit.trivedi4714@company.com
503989,Rahul Ghosh,44.0,it,Bengaluru,52834.8,8.5,active,PhD,2015-11-14,,rahul.ghosh3989@company.com
502288,Meena Bhatia,27.0,Sales,Kolkata,83136.59,12.3,INACTIVE,,12/10/2020,3.5,
502035,Arjun Saxena,35.0,it,Chennai,100007.54,22.9,Active,MASTERS,22/12/2022,1.7,arjun.saxena2035@company.com
501473,Shreya Chauhan,46.0,Support,Jaipur,35468.5,10.9,INACTIVE,,06/27/2022,2.8,shreya.chauhan1473@company.com
504880,Rohan Khanna,44.0,it,,69306.4,16.1,On Leave,,2025-10-25,,rohan.khanna4880@company.com
502055,Preeti Goel,27.0,Marketing,Delhi,133439.47,26.9,active,PhD,04-10-2021,5.7,preeti.goel2055@company.com
500716,Priya Thakur,50.0,,Kolkata,76736.42,25.1,On Leave,PhD,23-10-2024,1.3,priya.thakur716@company.com
502358,Ashok Goel,23.0,Finance, Delhi,,7.3,Inactive,bachelors,08/05/2020,8.8,ashok.goel2358@company.com
503433,  Pooja Chauhan  ,39.0,Support,Mumbai,52298.67,34.0,,PhD,12/14/2016,6.1,pooja.chauhan3433@company.com
502754,Pooja Trivedi,44.0,it,bengaluru,31899.34,31.3,INACTIVE,bachelors,04/15/2022,1.5,pooja.trivedi2754@company.com
500141,Nikhil Malik,50.0,MARKETING, Delhi,28751.38,33.9,,Masters,15-09-2016,8.4,nikhil.malik141@company.com
500125,Amit Dixit,58.0,it,,59078.53,20.8,,Diploma,26-11-2015,3.8,amit.dixit125@company.com
504616,  Amit Goel  ,22.0,,Hyderabad,111343.86,17.2,INACTIVE,,16-07-2022,6.5,amit.goel4616@company.com
503911,Rajesh Bansal,43.0,,,56666.73,0.5,INACTIVE,PhD,2015-07-25,,rajesh.bansal3911@company.com
500192,Vijay Yadav,43.0,Marketing,,141102.72,18.9,Active,Masters,20-03-2024,1.6,vijay.yadav192@company.com
502282,Gaurav Thakur,22.0,Logistics,Mumbai,25891.59,20.6,,Diploma,27-02-2020,4.0,gaurav.thakur2282@company.com
504168,Shreya Bansal,48.0,Support,Bengaluru,144734.77,16.4,Inactive,,22-03-2024,4.2,shreya.bansal4168@company.com
500587,gaurav pandey,37.0,Sales,Jaipur,88166.97,2.4,Active,PhD,2020-03-04,1.1,gaurav.pandey587@company.com
500629,Manish Chauhan,38.0,,MUMBAI,78073.57,13.6,INACTIVE,Diploma,2023-07-23,9.6,manish.chauhan629@company.com
501476,Rajesh Bansal,35.0,it,Chennai,146912.44,12.3,On Leave,bachelors,03/27/2019,7.7,rajesh.bansal1476@company.com
501710,Ritu Pandey,40.0,HR,bengaluru,149736.22,11.4,Active,,2024-11-20,2.9,ritu.pandey1710@company.com
504851,Vikram Yadav,29.0,it,Bengaluru,64102.2,,INACTIVE,MASTERS,20/02/2023,9.0,vikram.yadav4851@company.com
501933,Anjali Goel,50.0,Support,Pune,83930.12,18.5,On Leave,Masters,2016-12-21,4.9,anjali.goel1933@company.com
501322,Sanjay Chauhan,,,Chennai ,,,On Leave,bachelors,2020-11-03,1.2,sanjay.chauhan1322@company.com
504258,Isha Saxena,49.0,sales,Ahmedabad,68394.55,18.9,Active,MASTERS,26-10-2021,,isha.saxena4258@company.com
501126,Karan Ghosh,31.0,Finance,,86004.97,31.8,active,MASTERS,05/11/2025,,karan.ghosh1126@company.com
502708,Neha Sinha,34.0,, Delhi,145041.59,24.8,Inactive,,08-01-2017,9.1,neha.sinha2708@company.com
502717,Shreya Bansal,59.0,Logistics,,36936.81,12.3,On Leave,PhD,11/06/2024,5.7,shreya.bansal2717@company.com
501874,Gaurav Mishra,42.0,MARKETING,Bengaluru,109559.51,23.1,active,bachelors,17-10-2022,1.0,gaurav.mishra1874@company.com
503245,Ashok Agarwal,57.0,Marketing, Delhi,118689.06,33.8,On Leave,bachelors,16-12-2015,3.0,ashok.agarwal3245@company.com
502677,priya mishra,,Sales, Delhi,65524.53,8.4,On Leave,PhD,06/22/2021,1.7,priya.mishra2677@company.com
503113,Karan Yadav,56.0,Support,Bengaluru,129752.4,5.6,INACTIVE,Diploma,05/02/2021,,karan.yadav3113@company.com
503223,Rahul Bhatia,37.0,HR,,133983.59,18.1,Active,MASTERS,08/01/2016,3.7,rahul.bhatia3223@company.com
501505,Vikram Pandey,36.0,it,Jaipur,144118.76,12.8,On Leave,,2025-12-16,,vikram.pandey1505@company.com
502193,Gaurav Trivedi,43.0,IT,MUMBAI,89034.8,26.2,Active,,04/23/2022,,gaurav.trivedi2193@company.com
500064,preeti nanda,51.0,Sales,Hyderabad,91824.8,5.7,active,,19/06/2017,4.2,preeti.nanda64@company.com
500970,deepak bose,56.0,Operations,Jaipur,119986.27,24.7,Active,,16/06/2017,8.7,deepak.bose970@company.com
502063,Gaurav Goel,40.0,sales,Bengaluru,33722.83,12.9,Inactive,,2019-08-03,9.0,gaurav.goel2063@company.com
503302,SIMRAN RASTOGI,54.0,,Pune,,14.7,,PhD,17/08/2021,3.1,simran.rastogi3302@company.com
502534,Ritu Dixit,45.0,Finance,Hyderabad,103011.5,19.1,,Bachelors,09-09-2020,8.2,ritu.dixit2534@company.com
503920,rajesh nanda,48.0,Logistics,bengaluru,139839.19,32.8,INACTIVE,MASTERS,13/09/2025,5.0,rajesh.nanda3920@company.com
503450,Nisha Khanna,27.0,Support,,26354.89,24.2,active,Bachelors,,7.9,nisha.khanna3450@company.com
502198,Sneha Saxena,52.0,sales,Delhi,63611.67,18.2,Active,Diploma,11/13/2021,5.3,sneha.saxena2198@company.com
504602,Sneha Chauhan,44.0,Support,Chennai ,108769.34,11.8,INACTIVE,Bachelors,15/07/2016,9.2,sneha.chauhan4602@company.com
501198,nikhil dixit,56.0,,Bengaluru,113892.22,30.8,Inactive,,09/14/2018,5.9,nikhil.dixit1198@company.com
500409,Anjali Yadav,,Sales,Delhi,125363.06,17.4,INACTIVE,bachelors,25/02/2021,,anjali.yadav409@company.com
504969,Priya Trivedi,24.0,sales,bengaluru,111174.11,13.2,Inactive,PhD,25-11-2015,3.1,priya.trivedi4969@company.com
503605,Pooja Ghosh,56.0,Sales,Jaipur,120656.07,32.0,Inactive,,04/23/2025,,pooja.ghosh3605@company.com
504141,Priya Bose,45.0,Logistics, Delhi,24864.85,10.5,,bachelors,03/13/2025,,priya.bose4141@company.com
500001,Neha Chauhan,25.0,HR, Delhi,95030.37,9.3,active,Diploma,01/06/2023,2.6,neha.chauhan1@company.com
501750,PRIYA BANSAL,22.0,sales,bengaluru,103021.78,,On Leave,Masters,2024-04-18,8.8,priya.bansal1750@company.com
501195,NEHA NANDA,40.0,IT, Delhi,47522.85,15.9,INACTIVE,bachelors,03/04/2018,3.0,neha.nanda1195@company.com
501957,Gaurav Rastogi,51.0,Logistics,Chennai,127675.22,34.3,active,MASTERS,13-04-2018,1.6,gaurav.rastogi1957@company.com
503075,Gaurav Nanda,57.0,Logistics,Chennai,46730.59,,active,,01/11/2018,3.4,gaurav.nanda3075@company.com
500066,Gaurav Agarwal,59.0,Support,Ahmedabad,149784.29,1.1,On Leave,bachelors,15-06-2020,2.9,gaurav.agarwal66@company.com
503858,Shreya Nanda,49.0,HR,Kolkata,58310.7,32.7,active,,2022-04-10,4.2,shreya.nanda3858@company.com
504822,POOJA RASTOGI,53.0,Support,,37977.45,5.0,Active,Bachelors,11/26/2018,6.4,pooja.rastogi4822@company.com
501230,Rajesh Agarwal,21.0,Operations,Bengaluru,22762.96,18.3,On Leave,PhD,09/08/2016,2.7,rajesh.agarwal1230@company.com
503034,Nisha Mishra,21.0,Logistics,Kolkata,129481.12,12.8,,Bachelors,20-03-2024,5.3,nisha.mishra3034@company.com
502322,Vikram Agarwal,59.0,HR,Pune,54346.68,21.8,INACTIVE,bachelors,02/26/2024,1.7,vikram.agarwal2322@company.com
501959,AMIT PANDEY,31.0,,Chennai,141429.67,22.6,Active,Masters,11/10/2018,9.2,amit.pandey1959@company.com
500556,Vikram Goel,51.0,,,32938.92,13.9,,MASTERS,2024-07-05,6.8,vikram.goel556@company.com
504359,Preeti Pandey,27.0,Finance,Ahmedabad,70978.0,22.6,On Leave,Diploma,19/09/2017,5.9,preeti.pandey4359@company.com
500511,Karan Khanna,55.0,IT, Delhi,23371.29,31.5,active,Diploma,10/15/2018,9.0,karan.khanna511@company.com
503397,Swati Nanda,57.0,Logistics,MUMBAI,140401.56,2.5,On Leave,Bachelors,02-01-2025,6.1,swati.nanda3397@company.com
504789,Pooja Agarwal,35.0,it,Mumbai,69565.86,18.9,Active,MASTERS,10/06/2019,5.3,pooja.agarwal4789@company.com
504066,Vikram Bose,31.0,Logistics,Ahmedabad,63543.21,17.8,On Leave,Diploma,2015-01-25,6.5,vikram.bose4066@company.com
503156,Deepak Yadav,,it,bengaluru,127450.98,18.0,Active,Diploma,,9.8,deepak.yadav3156@company.com
501483,Arjun Mishra,32.0,IT,MUMBAI,134538.82,22.7,Active,bachelors,05-01-2023,,arjun.mishra1483@company.com
504134,Rahul Trivedi,32.0,,Chennai ,54646.33,13.9,INACTIVE,MASTERS,21-12-2019,9.7,rahul.trivedi4134@company.com
503893,Ashok Saxena,47.0,Finance,,136830.04,22.5,On Leave,MASTERS,09/08/2019,2.4,ashok.saxena3893@company.com
504664,  Sanjay Mishra  ,26.0,Operations, Delhi,45289.41,14.1,Inactive,PhD,26/02/2019,4.4,sanjay.mishra4664@company.com
500815,ritu yadav,22.0,it,Delhi,134715.6,32.7,On Leave,bachelors,12/11/2015,6.2,ritu.yadav815@company.com
501894,Vikram Agarwal,28.0,Logistics,Kolkata,123315.97,32.3,On Leave,MASTERS,18-06-2022,,vikram.agarwal1894@company.com
502103,Rohan Trivedi,39.0,it,Kolkata,127379.66,20.5,Inactive,Bachelors,2020-08-26,,rohan.trivedi2103@company.com
502504,Ashok Bansal,58.0,, Delhi,136003.24,33.0,INACTIVE,,04/18/2019,,ashok.bansal2504@company.com
500052,PRIYA SINHA,35.0,MARKETING,,111476.3,25.0,On Leave,bachelors,05-06-2021,6.5,priya.sinha52@company.com
504760,Vikram Yadav,54.0,Logistics,MUMBAI,133019.45,15.3,On Leave,MASTERS,05-04-2021,6.8,vikram.yadav4760@company.com
500624,  Anjali Sinha  ,38.0,Support,Lucknow,106463.23,34.8,On Leave,PhD,02/26/2023,,anjali.sinha624@company.com
502406,Ashok Khanna,47.0,Finance,bengaluru,40711.28,34.2,Inactive,Bachelors,07/22/2015,7.3,ashok.khanna2406@company.com
503419,Gaurav Ghosh,49.0,, Delhi,24236.94,10.6,,Masters,12/03/2025,,gaurav.ghosh3419@company.com
502179,karan agarwal,26.0,MARKETING,bengaluru,127441.96,32.1,Active,Bachelors,21-07-2016,7.0,karan.agarwal2179@company.com
502786,Nikhil Bansal,44.0,MARKETING,Pune,141283.8,31.4,INACTIVE,MASTERS,09/05/2024,9.7,nikhil.bansal2786@company.com
502277,Anjali Nanda,56.0,Support,Jaipur,31114.95,21.2,Active,,2021-01-27,4.2,anjali.nanda2277@company.com
502142,Pooja Bhatia,49.0,HR,,58950.0,,active,,10-03-2022,9.2,pooja.bhatia2142@company.com
502976,Kavita Sinha,53.0,Support,Jaipur,133365.98,24.6,Inactive,Diploma,22/09/2016,5.1,kavita.sinha2976@company.com
504780,Rohan Choudhary,45.0,HR,Lucknow,26103.04,12.3,Active,,09/12/2022,7.4,rohan.choudhary4780@company.com
501855,Ashok Pandey,22.0,IT,Hyderabad,101106.67,3.5,Inactive,MASTERS,2018-08-07,5.7,ashok.pandey1855@company.com
504785,Swati Thakur,37.0,Logistics,Lucknow,56026.38,34.2,INACTIVE,,17-01-2017,7.8,swati.thakur4785@company.com
503594,Isha Bose,34.0,Logistics,Hyderabad,,29.3,Inactive,Bachelors,06/21/2019,7.4,isha.bose3594@company.com
504963,NISHA GHOSH,27.0,Logistics, Delhi,36339.28,5.5,INACTIVE,MASTERS,04/13/2020,5.6,nisha.ghosh4963@company.com
501318,Simran Saxena,25.0,Logistics,bengaluru,107422.41,9.3,Active,bachelors,11/09/2019,10.0,simran.saxena1318@company.com
504375,RAJESH SINHA,31.0,Logistics,Hyderabad,74312.21,0.5,INACTIVE,Masters,05-04-2020,2.0,rajesh.sinha4375@company.com
503451,Priya Ghosh,28.0,it,Delhi,-63139.99,0.1,active,Diploma,24/02/2016,7.1,priya.ghosh3451@company.com
502436,Sanjay Trivedi,26.0,HR, Delhi,33600.76,8.5,Inactive,Diploma,09/16/2018,,sanjay.trivedi2436@company.com
504867,Neha Agarwal,58.0,Support,MUMBAI,72115.82,,INACTIVE,,10-11-2023,4.8,neha.agarwal4867@company.com
504825,NIKHIL BANSAL,49.0,,Delhi,33604.87,19.1,active,Masters,2017-05-01,7.2,nikhil.bansal4825@company.com
503427,Nisha Trivedi,49.0,,Ahmedabad,71316.89,4.1,Active,MASTERS,04/24/2019,5.7,nisha.trivedi3427@company.com
501118,Neha Nanda,29.0,sales,MUMBAI,113989.61,2.2,active,,08/26/2020,2.8,neha.nanda1118@company.com
500489,Gaurav Bose,26.0,Sales,Pune,41545.28,21.9,,PhD,2023-02-25,7.4,gaurav.bose489@company.com
501336,VIKRAM BANSAL,38.0,it,Pune,22270.26,12.4,On Leave,,09/07/2018,7.8,vikram.bansal1336@company.com
500962,Vijay Malik,47.0,Sales,Chennai ,36762.16,19.2,INACTIVE,bachelors,12-01-2020,2.3,vijay.malik962@company.com
502506,Anjali Bose,29.0,it,Kolkata,94614.87,34.2,On Leave,bachelors,2025-02-26,,anjali.bose2506@company.com
502585,Simran Sinha,31.0,Finance,bengaluru,52596.27,14.7,INACTIVE,MASTERS,12/12/2023,2.9,simran.sinha2585@company.com
504575,MEENA BANSAL,,sales,Lucknow,147823.25,0.7,active,Masters,,3.6,meena.bansal4575@company.com
504207,Vijay Nanda,31.0,HR, Delhi,73750.69,5.9,active,MASTERS,,2.7,vijay.nanda4207@company.com
503535,Simran Rastogi,46.0,Logistics,Kolkata,131847.63,,On Leave,Masters,02/10/2023,2.4,simran.rastogi3535@company.com
502983,Manish Trivedi,23.0,sales,Bengaluru,37904.68,24.3,Inactive,PhD,11/16/2015,3.3,manish.trivedi2983@company.com
502949,preeti saxena,59.0,Sales,,105685.94,29.2,active,bachelors,20/09/2020,4.3,preeti.saxena2949@company.com
500210,Simran Malik,38.0,HR,,57120.95,27.9,,PhD,22/06/2018,9.9,simran.malik210@company.com
500639,Preeti Chauhan,39.0,it, Delhi,141552.36,,,,17-06-2018,,preeti.chauhan639@company.com
501338,Shreya Bhatia,58.0,it, Delhi,119241.23,1.4,INACTIVE,MASTERS,09/03/2024,3.5,
504096,Ritu Khanna,27.0,sales,Chennai ,79235.62,28.5,On Leave,,06/05/2021,4.9,
504314,Ritu Dixit,32.0,Sales,Ahmedabad,,2.5,Active,Bachelors,07/08/2024,7.1,ritu.dixit4314@company.com
503100,Amit Khanna,50.0,Logistics,,,26.6,,MASTERS,2019-11-26,3.8,amit.khanna3100@company.com
500832,Deepak Nanda,22.0,,Mumbai,70172.86,7.5,On Leave,,08-04-2023,3.7,deepak.nanda832@company.com
503729,Swati Pandey,31.0,,Chennai,93577.86,8.7,INACTIVE,MASTERS,12-03-2020,3.9,swati.pandey3729@company.com
503340,Simran Bhatia,24.0,sales,Chennai,71915.56,10.3,Active,PhD,04/02/2022,,simran.bhatia3340@company.com
503207,Gaurav Saxena,57.0,Marketing,Lucknow,100670.89,27.7,Active,,08-06-2023,3.1,gaurav.saxena3207@company.com
503541,Meena Ghosh,37.0,HR,Lucknow,-85356.86,12.1,Inactive,MASTERS,05/01/2021,6.2,meena.ghosh3541@company.com
501152,Isha Khanna,42.0,it,Bengaluru,75366.06,9.7,Inactive,MASTERS,03/21/2016,4.6,isha.khanna1152@company.com
500353,Ritu Goel,30.0,Operations,,25494.25,18.6,On Leave,PhD,18-10-2025,5.5,ritu.goel353@company.com
504148,Rajesh Saxena,27.0,Logistics,Kolkata,40103.95,30.3,On Leave,,07-01-2022,5.5,rajesh.saxena4148@company.com
502848,vikram yadav,56.0,Support,bengaluru,24513.32,25.0,INACTIVE,bachelors,10/23/2019,4.2,vikram.yadav2848@company.com
502490,Rahul Ghosh,29.0,MARKETING,Ahmedabad,101881.1,22.2,Active,Masters,26/06/2021,9.8,rahul.ghosh2490@company.com
503543,Isha Thakur,42.0,Logistics,Kolkata,111622.77,32.5,Inactive,,2018-12-12,,isha.thakur3543@company.com
502303,Rajesh Yadav,28.0,it,,76111.68,,Inactive,bachelors,02/04/2017,5.5,rajesh.yadav2303@company.com
504625,Arjun Dixit,43.0,sales,MUMBAI,52078.71,2.2,INACTIVE,Bachelors,15/04/2016,1.7,arjun.dixit4625@company.com
504030,KARAN KHANNA,50.0,Logistics,Kolkata,55422.14,30.4,On Leave,Diploma,03-02-2021,5.2,karan.khanna4030@company.com
501500,Neha Agarwal,23.0,,Kolkata,107024.02,7.3,,Masters,2020-08-08,4.8,neha.agarwal1500@company.com
501927,Rahul Saxena,55.0,sales,Ahmedabad,80858.03,15.2,INACTIVE,Masters,04/17/2018,8.3,rahul.saxena1927@company.com
501510,Meena Khanna,33.0,Sales,Pune,129079.71,12.3,INACTIVE,Diploma,25/06/2015,9.4,meena.khanna1510@company.com
500666,Karan Pandey,38.0,,Jaipur,84574.03,31.7,On Leave,bachelors,2017-09-04,9.4,karan.pandey666@company.com
500273,VIJAY GHOSH,38.0,Logistics,Lucknow,77047.46,14.3,,PhD,10-01-2016,6.9,vijay.ghosh273@company.com
502958,kavita bose,,Operations,Hyderabad,69705.59,10.5,On Leave,PhD,19-07-2017,8.0,kavita.bose2958@company.com
503491,Deepak Sinha,34.0,IT,Bengaluru,62162.86,,,Masters,09/12/2022,7.9,deepak.sinha3491@company.com
501606,Anjali Bhatia,55.0,,Hyderabad,45014.51,4.4,Inactive,,13/10/2025,8.3,anjali.bhatia1606@company.com
504244,Divya Khanna,38.0,MARKETING,MUMBAI,112611.23,15.0,INACTIVE,,18-08-2016,6.8,divya.khanna4244@company.com
500764,Rohan Chauhan,40.0,Operations,,51789.14,9.8,INACTIVE,,09/01/2016,6.6,rohan.chauhan764@company.com
500659,NEHA GHOSH,25.0,MARKETING,Ahmedabad,55746.32,16.4,active,bachelors,10-02-2025,7.4,neha.ghosh659@company.com
504593,Preeti Bhatia,47.0,IT,Hyderabad,145338.02,18.9,,PhD,21-01-2024,,preeti.bhatia4593@company.com
504360,Suresh Yadav,59.0,,,43964.91,13.0,INACTIVE,PhD,2020-10-09,3.6,suresh.yadav4360@company.com
503155,Isha Choudhary,33.0,Logistics,Chennai ,104098.15,11.4,Inactive,Bachelors,11/21/2019,10.0,isha.choudhary3155@company.com
503385,Pooja Trivedi,30.0,MARKETING, Delhi,23460.37,31.0,Inactive,Diploma,2022-01-10,,pooja.trivedi3385@company.com
501947,DIVYA PANDEY,30.0,Marketing,Pune,95910.32,,INACTIVE,MASTERS,2016-11-09,6.2,divya.pandey1947@company.com
503626,Kavita Chauhan,51.0,sales, Delhi,27301.67,32.9,,,22/12/2020,3.6,kavita.chauhan3626@company.com
503508,anjali bansal,54.0,Logistics,Chennai,64515.17,10.9,,PhD,01/15/2019,7.2,anjali.bansal3508@company.com
500369,Neha Trivedi,,Finance,,137256.87,1.7,Inactive,bachelors,24-04-2025,3.3,
500257,PREETI CHAUHAN,46.0,Marketing,Kolkata,126689.35,34.7,On Leave,Diploma,24-08-2020,5.4,preeti.chauhan257@company.com
502079,Isha Bansal,40.0,Operations,,79362.72,32.4,,,18-09-2019,1.1,isha.bansal2079@company.com
504419,SURESH YADAV,56.0,Finance,Hyderabad,,33.8,Active,bachelors,10/20/2025,8.0,suresh.yadav4419@company.com
500584,Gaurav Bhatia,22.0,,Lucknow,121553.04,11.5,active,MASTERS,03/22/2025,8.1,gaurav.bhatia584@company.com
500020,Preeti Choudhary,41.0,,Hyderabad,118879.75,13.8,Inactive,,24-11-2017,8.6,preeti.choudhary20@company.com
504909,Rajesh Nanda,41.0,IT,Delhi,141140.05,31.0,Active,Bachelors,02/20/2015,5.7,rajesh.nanda4909@company.com
503813,Sneha Trivedi,44.0,sales,Ahmedabad,64958.41,28.6,,Diploma,,7.0,sneha.trivedi3813@company.com
503068,Sanjay Choudhary,33.0,IT,Pune,39451.34,9.1,,Diploma,2020-06-19,7.2,sanjay.choudhary3068@company.com
500908,RITU RASTOGI,31.0,,Bengaluru,23643.84,13.7,Active,MASTERS,13/01/2025,9.4,ritu.rastogi908@company.com
501285,Priya Malik,35.0,it,Jaipur,142801.76,31.0,On Leave,Diploma,01/02/2021,1.5,priya.malik1285@company.com
503054,Karan Mishra,44.0,sales,Bengaluru,29173.9,1.4,,,02/22/2019,,karan.mishra3054@company.com
503675,RAHUL AGARWAL,39.0,Operations,Chennai ,75091.72,16.9,INACTIVE,PhD,,5.9,rahul.agarwal3675@company.com
503355,Suresh Nanda,27.0,Sales,Pune,53352.28,9.7,,Masters,2017-02-15,8.0,suresh.nanda3355@company.com
503429,Swati Sinha,37.0,,Chennai,83936.67,20.8,On Leave,Bachelors,2017-05-11,6.4,swati.sinha3429@company.com
503110,Kavita Khanna,33.0,Marketing,,31253.88,,On Leave,Masters,06/16/2022,6.5,kavita.khanna3110@company.com
502642,Deepak Choudhary,43.0,Support,Mumbai,136474.49,13.6,INACTIVE,,15-07-2023,4.2,deepak.choudhary2642@company.com
504191,Priya Trivedi,50.0,Support,Chennai ,115597.45,0.3,Inactive,,,3.5,priya.trivedi4191@company.com
503226,isha bose,54.0,IT,Mumbai,72874.76,6.4,active,,10/26/2017,9.6,isha.bose3226@company.com
502764,Neha Bhatia,45.0,it,,67324.75,8.4,INACTIVE,,13/05/2017,4.7,neha.bhatia2764@company.com
502255,Neha Trivedi,30.0,,,67844.5,19.2,Inactive,Diploma,22-09-2019,8.6,neha.trivedi2255@company.com
501800,Ashok Pandey,59.0,Logistics,Delhi,62550.73,12.2,Inactive,,09/05/2024,2.9,ashok.pandey1800@company.com
504631,Suresh Agarwal,21.0,IT,Delhi,69417.36,27.0,Inactive,bachelors,02/17/2021,9.8,suresh.agarwal4631@company.com
502613,swati pandey,,sales,Hyderabad,138259.55,9.5,active,Bachelors,2023-12-17,5.7,swati.pandey2613@company.com
501848,Sneha Agarwal,21.0,,,130401.28,26.8,INACTIVE,MASTERS,2015-06-19,7.7,sneha.agarwal1848@company.com
503221,SWATI DIXIT,49.0,sales,,59887.31,7.3,Inactive,PhD,23-03-2019,1.5,swati.dixit3221@company.com
502212,Vijay Agarwal,35.0,sales,,27177.54,11.5,,MASTERS,2025-02-07,,vijay.agarwal2212@company.com
504905,Preeti Nanda,33.0,Finance,Mumbai,133970.89,10.0,,MASTERS,2017-10-24,7.5,preeti.nanda4905@company.com
504155,Priya Bose,40.0,Finance,,44830.25,26.0,Active,bachelors,21-06-2019,5.1,priya.bose4155@company.com
503595,Swati Agarwal,30.0,sales,MUMBAI,50389.59,31.7,Inactive,PhD,09/14/2019,1.6,swati.agarwal3595@company.com
500557,Priya Thakur,52.0,Operations,Pune,141672.39,27.5,,,2021-01-07,8.1,priya.thakur557@company.com
502962,Rahul Choudhary,21.0,,Pune,56761.98,18.5,Inactive,PhD,14/06/2022,,rahul.choudhary2962@company.com
504550,Meena Agarwal,47.0,sales,,91861.12,23.2,Active,Diploma,19-07-2017,9.7,meena.agarwal4550@company.com
501853,Arjun Trivedi,55.0,Support,Mumbai,122625.22,33.5,Inactive,,05/10/2016,6.4,arjun.trivedi1853@company.com
500803,Swati Bhatia,21.0,MARKETING,,119203.41,9.9,active,MASTERS,02/05/2024,8.8,swati.bhatia803@company.com
500042,Nisha Bhatia,34.0,,Delhi,,20.7,Inactive,,17-02-2023,1.2,nisha.bhatia42@company.com
504039,Deepak Nanda,38.0,,Jaipur,35674.78,,active,,08/01/2024,9.1,deepak.nanda4039@company.com
503666,Vijay Trivedi,52.0,Marketing,Kolkata,54593.81,33.8,active,Diploma,2021-12-10,5.1,vijay.trivedi3666@company.com
504812,  Simran Thakur  ,29.0,, Delhi,68516.51,14.1,Inactive,Bachelors,20/02/2021,7.7,simran.thakur4812@company.com
502812,Pooja Yadav,38.0,Marketing,Bengaluru,,0.2,On Leave,Masters,09-12-2019,5.3,pooja.yadav2812@company.com
500551,Priya Dixit,51.0,Logistics,Delhi,25194.39,12.7,,Bachelors,21-01-2018,1.0,priya.dixit551@company.com
504197,Sneha Mishra,22.0,IT,Bengaluru,139722.04,6.5,active,Masters,27-08-2015,9.5,sneha.mishra4197@company.com
500926,NISHA KHANNA,43.0,sales,Mumbai,66748.33,24.3,INACTIVE,PhD,2021-06-07,,nisha.khanna926@company.com
504032,Swati Saxena,26.0,Finance,,148316.59,9.5,,,07-06-2023,4.2,swati.saxena4032@company.com
504721,Rohan Bansal,50.0,,Lucknow,129749.91,34.8,Active,MASTERS,2024-02-02,,rohan.bansal4721@company.com
502519,Manish Sinha,39.0,sales,Ahmedabad,44314.48,16.1,,,2023-10-09,5.5,manish.sinha2519@company.com
502327,Arjun Agarwal,35.0,Support,Delhi,62203.07,30.0,On Leave,Diploma,17-02-2018,8.5,arjun.agarwal2327@company.com
504135,Shreya Agarwal,22.0,MARKETING, Delhi,66908.28,,Active,,10/10/2022,5.9,shreya.agarwal4135@company.com
504550,Meena Agarwal,47.0,sales,,91861.12,23.2,Active,Diploma,19-07-2017,9.7,meena.agarwal4550@company.com
502886,vijay rastogi,21.0,Logistics,,131641.4,22.2,Inactive,,2021-11-02,6.1,vijay.rastogi2886@company.com
501434,Arjun Bhatia,40.0,Operations,Ahmedabad,120110.82,11.4,INACTIVE,,2015-09-06,9.0,arjun.bhatia1434@company.com
503040,Vijay Bhatia,23.0,it,Bengaluru,57556.73,22.7,INACTIVE,,2015-02-03,7.3,vijay.bhatia3040@company.com
500676,SIMRAN SINHA,53.0,Support,Kolkata,122001.75,23.4,Inactive,Bachelors,10-08-2024,3.5,simran.sinha676@company.com
504598,Priya Agarwal,36.0,MARKETING,,23444.12,6.8,Active,Bachelors,09/13/2015,4.4,priya.agarwal4598@company.com
503099,Anjali Malik,26.0,MARKETING,Kolkata,49884.03,15.2,Inactive,Diploma,07-08-2018,9.5,anjali.malik3099@company.com
502680,Ashok Khanna,24.0,Marketing,Lucknow,24755.93,10.1,Inactive,Diploma,08/08/2023,7.8,ashok.khanna2680@company.com
501170,Sanjay Dixit,42.0,Marketing,,108187.43,27.5,active,Bachelors,16/12/2018,2.7,sanjay.dixit1170@company.com
502375,Sneha Malik,47.0,,Hyderabad,23659.36,5.8,INACTIVE,bachelors,2024-03-13,7.1,sneha.malik2375@company.com
504407,kavita malik,34.0,MARKETING,Delhi,34834.38,17.4,Active,Diploma,21/05/2017,6.1,kavita.malik4407@company.com
501138,ASHOK KHANNA,54.0,Sales,,90360.7,3.2,On Leave,,2016-10-05,8.4,ashok.khanna1138@company.com
501936,KAVITA GOEL,48.0,it,,83813.16,19.4,Active,,26/12/2017,1.5,kavita.goel1936@company.com
503941,Rajesh Trivedi,,Logistics, Delhi,132526.19,22.4,On Leave,,12/01/2019,9.1,rajesh.trivedi3941@company.com
504376,Gaurav Rastogi,25.0,Logistics,Jaipur,87940.17,34.5,On Leave,Bachelors,,8.9,gaurav.rastogi4376@company.com
500221,Manish Rastogi,,Logistics,bengaluru,127224.47,8.5,On Leave,Masters,2024-05-22,3.8,manish.rastogi221@company.com
504479,Manish Ghosh,53.0,Sales,bengaluru,111679.04,3.1,On Leave,bachelors,17/01/2025,2.7,
500583,Neha Malik,29.0,it,Lucknow,117321.51,24.1,Inactive,MASTERS,04-09-2023,6.3,neha.malik583@company.com
500610,Vijay Saxena,30.0,IT,bengaluru,93296.99,2.3,INACTIVE,MASTERS,2022-07-04,8.8,vijay.saxena610@company.com
501536,gaurav bansal,47.0,Logistics,Pune,73821.45,7.9,active,PhD,08/10/2023,8.2,gaurav.bansal1536@company.com
501101,Isha Sinha,30.0,, Delhi,82486.5,24.5,,PhD,10/12/2025,9.5,isha.sinha1101@company.com
504217,Pooja Dixit,43.0,Marketing,MUMBAI,,9.8,,Diploma,20-04-2018,,pooja.dixit4217@company.com
500730,Ashok Thakur,38.0,HR,Mumbai,109421.68,0.5,Inactive,PhD,08/22/2020,7.2,ashok.thakur730@company.com
503852,Rajesh Khanna,,Finance,Bengaluru,146000.39,0.1,Active,bachelors,08/12/2022,,rajesh.khanna3852@company.com
502682,Ashok Khanna,53.0,,Kolkata,105492.31,18.6,,bachelors,23-02-2020,6.2,ashok.khanna2682@company.com
502737,Sneha Mishra,52.0,Sales,Bengaluru,34465.47,24.5,active,bachelors,05/12/2020,,sneha.mishra2737@company.com
503929,Rohan Malik,39.0,HR,Kolkata,130832.47,2.7,On Leave,,04/19/2016,5.1,rohan.malik3929@company.com
501335,Deepak Malik,51.0,Marketing,Ahmedabad,82130.4,34.0,Active,MASTERS,19/06/2020,5.1,
503459,Gaurav Trivedi,38.0,Finance,Kolkata,143055.28,32.8,INACTIVE,,01-03-2018,1.2,gaurav.trivedi3459@company.com
502147,Deepak Bhatia,32.0,Logistics,Jaipur,,29.2,INACTIVE,Bachelors,2021-12-06,,deepak.bhatia2147@company.com
501794,Anjali Ghosh,48.0,Logistics,Delhi,47877.66,26.9,On Leave,Bachelors,2022-05-20,9.9,anjali.ghosh1794@company.com
502309,Manish Choudhary,46.0,MARKETING,Mumbai,,17.2,INACTIVE,bachelors,23-05-2025,4.8,manish.choudhary2309@company.com
501788,Shreya Chauhan,50.0,Support,Delhi,41370.02,24.3,,PhD,13-01-2016,3.9,shreya.chauhan1788@company.com
502480,Sanjay Mishra,41.0,sales,Pune,,8.9,Inactive,PhD,05/02/2016,7.3,sanjay.mishra2480@company.com
504683,Rohan Bhatia,34.0,Operations,,28072.13,10.6,Inactive,,24/03/2015,,rohan.bhatia4683@company.com
503222,  Priya Thakur  ,28.0,Marketing,,,3.6,On Leave,,13/03/2022,6.0,priya.thakur3222@company.com
504728,Nikhil Mishra,56.0,sales,Ahmedabad,,,Inactive,Diploma,05-06-2016,9.3,nikhil.mishra4728@company.com
502152,Ashok Bose,42.0,Support,bengaluru,98754.15,,INACTIVE,PhD,02-12-2015,2.6,ashok.bose2152@company.com
503373,pooja saxena,26.0,Marketing,Hyderabad,68572.06,21.3,,Diploma,02-10-2019,9.9,pooja.saxena3373@company.com
503839,Ashok Mishra,34.0,Sales,Ahmedabad,142090.38,19.8,Inactive,,2021-07-02,3.1,ashok.mishra3839@company.com
503366,Rahul Choudhary,38.0,it,Pune,57242.05,19.7,Active,,21-01-2023,,rahul.choudhary3366@company.com
503658,Karan Bhatia,46.0,MARKETING,Ahmedabad,77842.1,2.9,On Leave,Masters,24/01/2021,6.2,karan.bhatia3658@company.com
504282,Arjun Bose,40.0,Finance,Jaipur,108965.62,32.6,active,,07/10/2023,8.2,arjun.bose4282@company.com
502760,Rohan Choudhary,39.0,Operations,bengaluru,142031.66,30.4,,Masters,02/04/2019,5.8,rohan.choudhary2760@company.com
501859,  Priya Pandey  ,47.0,Operations,Kolkata,92909.86,34.3,On Leave,Bachelors,01/11/2015,5.6,priya.pandey1859@company.com
503041,Nikhil Rastogi,35.0,Operations,Hyderabad,110402.34,25.8,Inactive,Diploma,2019-02-20,3.5,nikhil.rastogi3041@company.com
504603,Preeti Sinha,43.0,Marketing,Mumbai,27101.45,15.4,Active,bachelors,18-08-2016,8.0,preeti.sinha4603@company.com
504010,Deepak Pandey,24.0,,Jaipur,74238.62,10.4,active,,10-12-2015,7.0,deepak.pandey4010@company.com
502402,Vijay Mishra,32.0,IT,Pune,127680.71,20.0,On Leave,,01-03-2017,4.1,vijay.mishra2402@company.com
502561,Sanjay Bose,21.0,it,Delhi,37122.63,0.8,,MASTERS,15/02/2016,2.7,sanjay.bose2561@company.com
503563,Simran Yadav,23.0,MARKETING,,36597.39,32.5,On Leave,bachelors,22-08-2015,5.9,simran.yadav3563@company.com
503112,Sanjay Bansal,58.0,IT,Pune,114528.21,31.3,On Leave,MASTERS,11/17/2017,1.9,sanjay.bansal3112@company.com
504638,anjali saxena,45.0,Sales,Pune,115394.61,22.2,Active,bachelors,11/10/2025,3.1,anjali.saxena4638@company.com
501480,Rohan Ghosh,34.0,sales,Kolkata,44533.5,27.8,On Leave,Bachelors,03/27/2016,5.3,rohan.ghosh1480@company.com
500414,Swati Chauhan,37.0,Finance,Chennai ,122058.76,29.3,Active,,2019-12-22,2.9,swati.chauhan414@company.com
503798,Rajesh Bhatia,28.0,Finance,MUMBAI,38055.26,12.5,On Leave,PhD,22/08/2024,9.9,rajesh.bhatia3798@company.com
502706,Rahul Ghosh,32.0,,Lucknow,56711.86,12.3,Inactive,Bachelors,2021-10-23,2.6,rahul.ghosh2706@company.com
504908,Shreya Mishra,55.0,HR,,65393.74,2.5,On Leave,Diploma,2018-06-18,7.7,shreya.mishra4908@company.com
501992,Karan Bose,32.0,Operations,,128754.23,0.6,Inactive,bachelors,2016-03-15,2.7,karan.bose1992@company.com
500269,Nikhil Ghosh,34.0,Marketing,Jaipur,72084.54,5.0,Active,,06/21/2024,8.4,nikhil.ghosh269@company.com
502661,Ritu Thakur,38.0,,,95146.14,22.6,,Bachelors,19-09-2025,4.0,ritu.thakur2661@company.com
501144,Nikhil Agarwal,38.0,Logistics,,106218.28,14.4,On Leave,Diploma,22/07/2018,9.0,nikhil.agarwal1144@company.com
503325,Arjun Rastogi,,sales,Mumbai,85477.04,24.1,Inactive,,2024-02-24,7.6,arjun.rastogi3325@company.com
502879,Ritu Ghosh,46.0,IT,Bengaluru,126951.15,1.7,On Leave,Masters,12/11/2023,3.4,ritu.ghosh2879@company.com
500398,vijay pandey,28.0,, Delhi,91618.28,10.8,Inactive,Bachelors,03/09/2016,2.7,vijay.pandey398@company.com
501738,SHREYA NANDA,49.0,IT,Mumbai,84305.93,25.1,On Leave,Bachelors,10-10-2023,7.2,shreya.nanda1738@company.com
501324,Simran Agarwal,31.0,sales,bengaluru,127036.78,30.8,Active,bachelors,2017-06-19,2.1,simran.agarwal1324@company.com
502456,Divya Saxena,40.0,Operations,Hyderabad,67752.55,22.1,Inactive,bachelors,15/03/2015,7.4,divya.saxena2456@company.com
503939,Pooja Khanna,52.0,Marketing,Pune,44142.67,,Inactive,bachelors,10/18/2016,1.2,pooja.khanna3939@company.com
501799,Karan Bose,24.0,it,MUMBAI,131303.22,1.0,Inactive,PhD,2022-09-13,7.3,karan.bose1799@company.com
504231,Ashok Mishra,44.0,,Hyderabad,127259.47,23.9,,bachelors,18/05/2022,9.6,ashok.mishra4231@company.com
503471,Isha Mishra,55.0,it,Delhi,,17.1,active,Bachelors,11/10/2016,3.1,isha.mishra3471@company.com
501084,anjali ghosh,31.0,,Lucknow,118182.67,26.3,Active,MASTERS,09/03/2017,7.4,anjali.ghosh1084@company.com
502664,Neha Thakur,46.0,IT,Lucknow,88919.46,28.8,,PhD,09/07/2019,1.2,neha.thakur2664@company.com
502692,gaurav yadav,34.0,it,Lucknow,114882.69,4.6,Inactive,bachelors,16-03-2023,9.2,gaurav.yadav2692@company.com
501748,SNEHA MISHRA,44.0,HR,bengaluru,34658.35,1.4,active,Diploma,2020-10-12,5.7,sneha.mishra1748@company.com
503013,Nisha Mishra,31.0,Sales,bengaluru,53693.74,22.3,Active,,04/14/2024,8.4,nisha.mishra3013@company.com
501693,Simran Thakur,22.0,HR,bengaluru,57971.44,20.6,Inactive,bachelors,04-09-2015,7.1,simran.thakur1693@company.com
503279,Preeti Saxena,51.0,Marketing,Hyderabad,112805.09,17.5,active,bachelors,01/22/2015,,preeti.saxena3279@company.com
503251,Deepak Khanna,,Operations,,123275.6,23.4,Active,,17/02/2021,4.9,deepak.khanna3251@company.com
504466,Kavita Agarwal,54.0,HR,,108804.81,16.3,On Leave,Bachelors,12/16/2016,3.1,kavita.agarwal4466@company.com
501269,Nikhil Agarwal,38.0,MARKETING,Lucknow,53458.23,0.4,On Leave,MASTERS,03/17/2020,1.2,nikhil.agarwal1269@company.com
504177,rahul bose,21.0,Sales,Chennai ,58992.55,22.9,On Leave,PhD,27-08-2018,6.3,rahul.bose4177@company.com
501257,Sanjay Yadav,30.0,HR, Delhi,49920.51,14.9,,bachelors,05/06/2016,,sanjay.yadav1257@company.com
500490,Isha Trivedi,32.0,Support,Ahmedabad,107430.28,18.5,On Leave,Diploma,05/23/2016,,isha.trivedi490@company.com
501308,Anjali Chauhan,23.0,Finance,Chennai,55527.93,27.7,INACTIVE,Masters,04/10/2015,5.4,anjali.chauhan1308@company.com
504935,Ritu Choudhary,46.0,Sales,,144542.45,31.4,INACTIVE,Diploma,07/08/2025,6.9,ritu.choudhary4935@company.com
503928,Ritu Khanna,45.0,Logistics,Jaipur,49902.47,2.8,active,,09-08-2025,3.7,ritu.khanna3928@company.com
502344,Isha Agarwal,33.0,Finance,Hyderabad,87076.42,13.9,,bachelors,2025-01-20,4.8,isha.agarwal2344@company.com
502726,Deepak Thakur,39.0,Sales,Chennai,148440.78,18.3,On Leave,bachelors,12/25/2017,3.7,deepak.thakur2726@company.com
503346,manish thakur,57.0,Support,Pune,20591.25,18.0,Active,PhD,21/06/2025,3.3,manish.thakur3346@company.com
502116,Shreya Yadav,,Sales,,136615.3,16.8,,Masters,03-12-2019,1.9,shreya.yadav2116@company.com
502107,Vijay Rastogi,59.0,Finance,bengaluru,20911.38,32.4,INACTIVE,Diploma,14/10/2019,5.2,vijay.rastogi2107@company.com
502318,Rahul Dixit,52.0,sales,,22339.74,6.6,,PhD,08/27/2015,4.3,rahul.dixit2318@company.com
504309,Arjun Sinha,58.0,Finance,Kolkata,92625.66,30.4,Active,MASTERS,09/08/2020,8.9,arjun.sinha4309@company.com
500214,Arjun Bhatia,32.0,, Delhi,53757.54,28.4,INACTIVE,MASTERS,08-09-2017,8.9,arjun.bhatia214@company.com
504083,SANJAY TRIVEDI,31.0,sales, Delhi,79113.87,8.8,Active,Diploma,25/07/2019,1.9,sanjay.trivedi4083@company.com
503282,POOJA BOSE,51.0,Finance,Delhi,100120.86,19.6,,,,2.1,pooja.bose3282@company.com
503194,Pooja Khanna,31.0,Operations,,145647.37,0.9,On Leave,,01/01/2025,7.8,pooja.khanna3194@company.com
503948,Sneha Bose,37.0,MARKETING,Bengaluru,79247.11,3.8,,Bachelors,2021-10-10,8.4,sneha.bose3948@company.com
501262,manish agarwal,59.0,MARKETING,Ahmedabad,,1.0,active,bachelors,13/03/2015,1.9,manish.agarwal1262@company.com
501478,Preeti Trivedi,48.0,Finance,Pune,69446.33,29.9,INACTIVE,Diploma,02/14/2025,7.0,preeti.trivedi1478@company.com
504205,Rohan Sinha,47.0,Support, Delhi,43994.47,27.8,,,2023-08-03,2.1,rohan.sinha4205@company.com
500081,Ashok Bose,30.0,Support,,21535.45,20.1,,MASTERS,18/01/2020,,ashok.bose81@company.com
500847,Vijay Choudhary,34.0,Sales,Lucknow,124308.81,7.8,Active,Bachelors,01/07/2020,3.5,vijay.choudhary847@company.com
503131,Karan Ghosh,33.0,IT,Mumbai,89396.75,10.9,Inactive,bachelors,19-06-2024,6.1,karan.ghosh3131@company.com
500601,Rahul Pandey,52.0,Finance,Lucknow,-119372.87,0.6,Inactive,Diploma,04/03/2018,4.5,rahul.pandey601@company.com
503478,Ritu Goel,,Operations,Chennai,90127.32,15.9,INACTIVE,MASTERS,10/04/2017,6.1,ritu.goel3478@company.com
503959,isha bhatia,32.0,,Mumbai,120651.24,21.0,Inactive,Masters,08/03/2023,1.3,isha.bhatia3959@company.com
504054,Priya Ghosh,56.0,Support,Hyderabad,79974.82,13.6,On Leave,Masters,02-07-2022,2.6,priya.ghosh4054@company.com
503026,Vijay Nanda,26.0,Marketing,MUMBAI,92616.08,30.8,INACTIVE,Diploma,2016-09-15,8.9,vijay.nanda3026@company.com
503336,meena saxena,33.0,Marketing, Delhi,146012.36,10.0,On Leave,Masters,06/10/2023,6.1,meena.saxena3336@company.com
504127,Suresh Agarwal,59.0,HR,Lucknow,43938.86,22.7,INACTIVE,PhD,08/07/2016,7.8,suresh.agarwal4127@company.com
501023,Ashok Goel,23.0,Logistics,,25938.75,16.4,Inactive,Masters,07/05/2018,5.0,ashok.goel1023@company.com
504238,Priya Sinha,35.0,IT,Bengaluru,,6.2,On Leave,bachelors,18/07/2022,6.0,priya.sinha4238@company.com
504149,Deepak Malik,50.0,Support,Chennai,137982.49,13.3,INACTIVE,Bachelors,24/04/2024,8.2,deepak.malik4149@company.com
501292,Deepak Agarwal,27.0,,Jaipur,99933.9,,,Diploma,23/07/2019,,deepak.agarwal1292@company.com
502449,Rohan Nanda,51.0,Marketing,Ahmedabad,,30.1,,,27-02-2021,7.6,rohan.nanda2449@company.com
503148,simran mishra,59.0,Sales,Ahmedabad,139841.52,20.6,active,Masters,05/04/2019,3.6,simran.mishra3148@company.com
503365,Rajesh Khanna,44.0,Logistics,,77267.82,25.7,INACTIVE,PhD,2023-06-04,1.8,rajesh.khanna3365@company.com
501565,Divya Ghosh,34.0,Support,Lucknow,94349.21,0.5,Inactive,MASTERS,19/04/2025,6.0,divya.ghosh1565@company.com
504501,MEENA CHOUDHARY,22.0,Finance,Ahmedabad,,22.0,active,Bachelors,05/18/2017,9.5,meena.choudhary4501@company.com
502985,Swati Yadav,45.0,Support,bengaluru,80365.69,2.5,On Leave,,2015-03-17,8.8,swati.yadav2985@company.com
500411,VIKRAM BANSAL,45.0,Finance,Delhi,77033.54,21.2,On Leave,Diploma,12/18/2018,,vikram.bansal411@company.com
502887,Deepak Chauhan,57.0,it,,99585.5,21.5,active,Masters,08/01/2025,10.0,deepak.chauhan2887@company.com
504606,  Neha Thakur  ,39.0,,,90412.93,15.7,,Diploma,26/11/2024,6.7,neha.thakur4606@company.com
500077,KAVITA BHATIA,22.0,,Mumbai,25750.13,31.3,Active,bachelors,2016-08-11,7.9,kavita.bhatia77@company.com
504765,POOJA YADAV,,HR,Chennai ,72414.47,10.6,Active,bachelors,03/11/2017,,pooja.yadav4765@company.com
502822,Divya Agarwal,,Marketing,Bengaluru,50258.83,21.0,Inactive,Diploma,25/05/2021,8.0,divya.agarwal2822@company.com
504322,arjun bhatia,35.0,Support,Chennai ,23028.83,32.0,On Leave,Diploma,20/02/2023,6.8,arjun.bhatia4322@company.com
500282,Amit Thakur,34.0,it,Delhi,128631.94,19.2,On Leave,Masters,01-04-2019,,amit.thakur282@company.com
502345,DEEPAK SAXENA,31.0,HR,Chennai,87695.62,31.1,On Leave,Diploma,04/03/2025,1.8,deepak.saxena2345@company.com
503550,Manish Goel,34.0,Logistics,MUMBAI,73092.78,,active,PhD,2016-07-10,,manish.goel3550@company.com
504513,Ashok Bose,47.0,sales,bengaluru,48730.37,26.6,Inactive,PhD,22-05-2021,6.9,ashok.bose4513@company.com
500525,Sanjay Bose,36.0,Finance,Ahmedabad,132569.55,19.5,INACTIVE,,06-08-2025,6.3,sanjay.bose525@company.com
503151,PRIYA AGARWAL,30.0,Finance,Chennai,124068.41,12.9,,Diploma,08-10-2020,7.0,priya.agarwal3151@company.com
503424,DEEPAK RASTOGI,56.0,MARKETING,,112815.73,26.0,On Leave,PhD,04/10/2016,2.9,deepak.rastogi3424@company.com
503444,Divya Malik,26.0,Marketing,Kolkata,89192.12,30.0,On Leave,Masters,13-01-2017,3.0,divya.malik3444@company.com
500487,Isha Pandey,21.0,Operations,,65481.65,30.9,On Leave,,07/05/2016,6.4,isha.pandey487@company.com
502128,Vikram Pandey,,MARKETING,Pune,108012.33,27.8,Inactive,Diploma,25-01-2019,7.7,vikram.pandey2128@company.com
501868,Swati Dixit,30.0,Logistics,Chennai ,101846.77,33.6,Active,,09/20/2021,1.1,swati.dixit1868@company.com
501608,RAJESH CHOUDHARY,39.0,MARKETING,MUMBAI,29857.85,13.6,INACTIVE,,10-08-2015,7.7,rajesh.choudhary1608@company.com
500512,Preeti Dixit,38.0,sales,Chennai ,108134.01,24.7,,MASTERS,15/08/2018,6.6,preeti.dixit512@company.com
500934,Rohan Choudhary,54.0,Operations,Mumbai,71811.87,7.3,active,Diploma,01/27/2021,2.0,rohan.choudhary934@company.com
504128,Ashok Saxena,35.0,Support,,103278.82,19.4,INACTIVE,Bachelors,10/04/2022,2.4,ashok.saxena4128@company.com
503532,Amit Ghosh,28.0,Sales, Delhi,113418.58,9.4,On Leave,,11/05/2022,5.1,
500863,Preeti Khanna,58.0,IT,Delhi,23128.81,21.4,INACTIVE,Bachelors,12/06/2016,6.2,preeti.khanna863@company.com
500322,Deepak Pandey,43.0,IT,Lucknow,88735.93,29.1,On Leave,bachelors,07/03/2020,3.0,deepak.pandey322@company.com
502591,Isha Thakur,23.0,Marketing,Hyderabad,122621.85,13.0,active,Diploma,06-10-2023,4.4,isha.thakur2591@company.com
504448,Deepak Agarwal,56.0,IT,MUMBAI,31530.69,23.8,active,MASTERS,16/09/2020,7.1,deepak.agarwal4448@company.com
502932,Arjun Agarwal,55.0,MARKETING,Chennai,54039.63,3.8,Active,,,8.5,arjun.agarwal2932@company.com
503247,KAVITA YADAV,47.0,Logistics,bengaluru,28988.76,1.6,Active,,2023-08-17,5.5,kavita.yadav3247@company.com
500889,Divya Sinha,49.0,Operations,Delhi,35706.17,6.3,,Bachelors,22-08-2021,5.4,divya.sinha889@company.com
501838,Manish Bansal,36.0,Finance,Chennai ,139084.84,31.0,On Leave,PhD,02-10-2024,8.1,manish.bansal1838@company.com
500991,Meena Khanna,,Sales,Chennai ,,24.4,INACTIVE,Diploma,04-09-2020,,meena.khanna991@company.com
501640,KAVITA MALIK,32.0,Operations, Delhi,32461.51,17.2,INACTIVE,bachelors,26/10/2017,,kavita.malik1640@company.com
504098,Simran Khanna,39.0,it,Hyderabad,145580.09,10.7,,,25-11-2015,9.5,simran.khanna4098@company.com
504301,Swati Saxena,52.0,MARKETING, Delhi,148790.52,27.0,Active,MASTERS,01/22/2016,,swati.saxena4301@company.com
502971,Nikhil Malik,,,Bengaluru,90995.3,33.3,,MASTERS,2019-02-15,1.9,nikhil.malik2971@company.com
500352,rohan saxena,32.0,it,Chennai,59308.19,5.3,,PhD,10/16/2016,9.8,rohan.saxena352@company.com
500870,Preeti Malik,21.0,IT,Ahmedabad,23957.24,18.4,INACTIVE,Masters,06/23/2023,,preeti.malik870@company.com
501242,Isha Rastogi,,Sales,Delhi,95022.96,4.5,On Leave,,07/14/2023,4.9,isha.rastogi1242@company.com
502266,Gaurav Rastogi,49.0,Operations, Delhi,59362.08,,INACTIVE,bachelors,2023-07-02,3.8,gaurav.rastogi2266@company.com
503557,Ashok Bhatia,27.0,,Jaipur,61888.36,7.5,On Leave,PhD,2017-02-14,5.9,ashok.bhatia3557@company.com
501702,Deepak Pandey,40.0,Logistics,Chennai,84296.86,34.9,Active,,2025-09-12,7.3,deepak.pandey1702@company.com
502416,Vikram Thakur,55.0,,bengaluru,147643.9,14.9,Inactive,,24/11/2025,4.8,vikram.thakur2416@company.com
504873,Sanjay Mishra,42.0,Sales, Delhi,79545.2,14.0,On Leave,,2016-06-07,2.6,sanjay.mishra4873@company.com
500516,Arjun Bose,55.0,HR,MUMBAI,81744.14,12.0,active,Masters,21-04-2017,1.1,arjun.bose516@company.com
500207,Neha Yadav,44.0,Support,MUMBAI,20596.44,15.9,Inactive,PhD,01/12/2016,2.9,neha.yadav207@company.com
504890,Divya Saxena,,Operations,Hyderabad,57241.82,32.8,,Masters,2020-09-11,,divya.saxena4890@company.com
500272,Ashok Mishra,46.0,MARKETING,Delhi,87093.99,30.4,active,,12/08/2023,7.8,ashok.mishra272@company.com
503613,Ritu Choudhary,27.0,HR,,137434.89,,Active,PhD,2019-07-22,8.6,ritu.choudhary3613@company.com
500609,Preeti Rastogi,45.0,Operations,Pune,91909.49,15.9,Inactive,Bachelors,26-03-2021,3.7,preeti.rastogi609@company.com
504841,Rajesh Khanna,23.0,Marketing,Mumbai,147166.93,,INACTIVE,,17-09-2018,,rajesh.khanna4841@company.com
503107,Sanjay Khanna,43.0,Finance,Lucknow,111230.22,3.8,active,Bachelors,14/09/2016,8.4,sanjay.khanna3107@company.com
502261,Sneha Mishra,41.0,Marketing,,135594.33,,Active,Diploma,22-12-2025,2.7,sneha.mishra2261@company.com
502126,Anjali Dixit,29.0,sales,Delhi,100196.89,10.7,INACTIVE,Masters,2019-06-04,6.4,
504733,Shreya Saxena,47.0,Sales,Mumbai,51758.35,9.6,On Leave,Diploma,06/14/2020,9.6,shreya.saxena4733@company.com
504171,Simran Chauhan,51.0,,MUMBAI,87841.55,10.2,Inactive,bachelors,12/21/2018,,simran.chauhan4171@company.com
500233,Nikhil Thakur,59.0,IT,,33320.97,31.4,INACTIVE,,03/03/2016,3.1,nikhil.thakur233@company.com
501350,Sanjay Bose,57.0,Support, Delhi,113500.05,17.7,On Leave,,10/01/2017,6.1,sanjay.bose1350@company.com
503166,Rajesh Ghosh,,Support,,40605.68,,Inactive,MASTERS,24/07/2025,4.3,rajesh.ghosh3166@company.com
500469,Neha Trivedi,54.0,HR,Pune,37352.96,11.1,Active,Diploma,03/01/2020,6.2,neha.trivedi469@company.com
500292,Arjun Ghosh,54.0,,Hyderabad,97734.4,16.8,Inactive,Diploma,03/19/2024,9.2,arjun.ghosh292@company.com
503907,  Anjali Pandey  ,39.0,,MUMBAI,71050.65,10.1,active,bachelors,2018-04-18,10.0,anjali.pandey3907@company.com
502604,ASHOK CHAUHAN,35.0,MARKETING,Bengaluru,102838.79,9.7,INACTIVE,,2015-12-26,2.7,ashok.chauhan2604@company.com
501328,simran chauhan,50.0,IT,,27022.18,13.9,Inactive,Masters,03/13/2022,9.0,simran.chauhan1328@company.com
502159,Vijay Mishra,25.0,HR,Mumbai,89429.41,1.8,INACTIVE,,11-03-2018,3.9,vijay.mishra2159@company.com
500083,divya dixit,42.0,,Hyderabad,64148.28,,,,04/05/2019,2.8,divya.dixit83@company.com
500747,ISHA CHAUHAN,40.0,IT,Delhi,62629.96,33.2,,,13/03/2025,9.6,isha.chauhan747@company.com
501166,Shreya Saxena,59.0,IT, Delhi,,33.8,,Masters,24/12/2023,1.7,shreya.saxena1166@company.com
503763,Pooja Yadav,30.0,Sales,bengaluru,141650.57,11.8,INACTIVE,Masters,05/12/2021,,pooja.yadav3763@company.com
501280,ANJALI SINHA,40.0,sales,,28160.86,33.7,On Leave,Diploma,08-02-2021,1.3,anjali.sinha1280@company.com
504967,Pooja Trivedi,33.0,Marketing, Delhi,21642.52,8.0,,Masters,15-06-2022,5.0,pooja.trivedi4967@company.com
501485,Rahul Nanda,43.0,sales,MUMBAI,144766.58,2.1,,Bachelors,09/11/2019,7.8,rahul.nanda1485@company.com
504814,Deepak Rastogi,25.0,HR,Kolkata,97480.77,17.2,,Bachelors,02/23/2017,,deepak.rastogi4814@company.com
500254,Anjali Trivedi,30.0,HR,MUMBAI,103045.2,30.5,INACTIVE,bachelors,26-03-2016,7.6,anjali.trivedi254@company.com
500543,Suresh Pandey,50.0,,Bengaluru,42720.29,13.5,On Leave,,2025-06-07,2.2,suresh.pandey543@company.com
503116,Simran Choudhary,48.0,sales,Kolkata,33377.74,5.4,INACTIVE,,03/23/2016,8.1,simran.choudhary3116@company.com
502482,Isha Choudhary,42.0,,Lucknow,,31.4,,MASTERS,11-01-2025,8.0,isha.choudhary2482@company.com
503741,Isha Pandey,39.0,Operations,Ahmedabad,142674.35,13.6,,,,4.7,isha.pandey3741@company.com
501153,Arjun Rastogi,25.0,HR,Chennai,51553.64,30.6,On Leave,MASTERS,20-07-2017,8.0,arjun.rastogi1153@company.com
503062,vijay ghosh,47.0,,Chennai,127117.61,5.7,active,Masters,06/11/2017,4.7,vijay.ghosh3062@company.com
503683,Deepak Chauhan,31.0,Finance,Lucknow,109247.76,24.9,,,09-02-2022,2.4,deepak.chauhan3683@company.com
501506,  Swati Dixit  ,50.0,,Lucknow,,16.2,active,,09/18/2019,1.8,swati.dixit1506@company.com
502160,Rajesh Agarwal,48.0,IT,Lucknow,117465.33,32.7,active,Diploma,,7.0,rajesh.agarwal2160@company.com
501921,Sanjay Pandey,43.0,HR,Kolkata,84760.54,8.3,,,09/19/2016,8.5,sanjay.pandey1921@company.com
502279,Gaurav Yadav,38.0,,,95157.6,32.5,,,2022-11-06,3.7,gaurav.yadav2279@company.com
503646,Meena Pandey,48.0,it, Delhi,129415.41,18.8,INACTIVE,bachelors,25/04/2017,9.5,meena.pandey3646@company.com
504323,Vijay Agarwal,51.0,IT,,,8.7,active,MASTERS,06/08/2022,9.9,vijay.agarwal4323@company.com
503769,Gaurav Bansal,59.0,Sales,Lucknow,144017.76,,On Leave,Bachelors,13-05-2015,6.4,gaurav.bansal3769@company.com
503718,Rajesh Saxena,25.0,,Bengaluru,43458.09,27.7,active,Bachelors,07/10/2020,7.2,rajesh.saxena3718@company.com
500940,Priya Saxena,,Logistics,Lucknow,100827.96,33.2,INACTIVE,Masters,2015-03-13,3.4,priya.saxena940@company.com
500138,Ritu Trivedi,48.0,MARKETING,Jaipur,96222.8,16.5,On Leave,,05/04/2024,8.2,ritu.trivedi138@company.com
500575,Rajesh Dixit,30.0,Operations,Jaipur,35525.92,0.1,Inactive,Bachelors,01/10/2020,2.3,rajesh.dixit575@company.com
502922,Amit Dixit,43.0,MARKETING,Chennai ,129551.23,12.5,Active,,12/22/2018,3.1,amit.dixit2922@company.com
501911,Rajesh Goel,31.0,IT,,65856.39,15.2,On Leave,Masters,05/01/2021,9.3,rajesh.goel1911@company.com
503115,Neha Bansal,32.0,sales,,132882.89,9.4,Active,bachelors,2019-07-09,2.7,neha.bansal3115@company.com
503828,Pooja Bansal,49.0,sales,bengaluru,88023.56,7.2,,Bachelors,09/14/2021,1.6,pooja.bansal3828@company.com
500483,Vijay Agarwal,26.0,Support,Pune,85829.98,21.2,,Masters,06-10-2016,,vijay.agarwal483@company.com
501689,Isha Dixit,57.0,HR,,123677.29,34.5,On Leave,,05/07/2021,9.4,isha.dixit1689@company.com
500579,Amit Mishra,27.0,Support,Delhi,44021.95,1.9,INACTIVE,Bachelors,04/02/2022,5.8,amit.mishra579@company.com
500084,karan sinha,32.0,HR,Jaipur,119171.76,10.1,,Diploma,2020-02-23,,karan.sinha84@company.com
504076,  Neha Mishra  ,59.0,it,Mumbai,31985.68,21.4,active,,,1.9,neha.mishra4076@company.com
500759,sneha dixit,46.0,,,65666.73,27.1,active,Masters,11/19/2022,1.6,sneha.dixit759@company.com
500755,Pooja Sinha,27.0,,Jaipur,61849.23,4.4,,,01-11-2017,4.2,pooja.sinha755@company.com
502546,Vijay Mishra,56.0,Marketing,Kolkata,64301.67,31.3,On Leave,MASTERS,09/09/2015,6.7,vijay.mishra2546@company.com
501887,Vijay Chauhan,22.0,Marketing,,67094.61,28.7,Inactive,MASTERS,2015-11-01,,vijay.chauhan1887@company.com
500945,Rohan Sinha,36.0,MARKETING,,109143.16,,Active,,2023-09-14,6.2,rohan.sinha945@company.com
504382,Nikhil Sinha,43.0,sales, Delhi,76373.18,19.3,Active,Masters,2020-11-08,5.6,nikhil.sinha4382@company.com
503212,Priya Bose,,,Lucknow,45026.81,13.8,Inactive,,2021-04-17,9.5,priya.bose3212@company.com
502897,deepak bhatia,46.0,IT,MUMBAI,119595.45,17.8,,,23-07-2024,4.7,deepak.bhatia2897@company.com
504361,Shreya Bose,47.0,Operations,bengaluru,112025.4,7.0,Inactive,bachelors,06/05/2017,6.4,shreya.bose4361@company.com
502623,Sneha Agarwal,,HR,Lucknow,106549.92,30.4,active,Bachelors,19/10/2023,8.3,sneha.agarwal2623@company.com
501524,Anjali Thakur,33.0,Logistics,,140069.26,30.5,On Leave,PhD,25/09/2021,9.0,anjali.thakur1524@company.com
504885,Shreya Thakur,43.0,Support, Delhi,35006.24,25.5,Inactive,,18-10-2023,5.3,shreya.thakur4885@company.com
501740,Preeti Choudhary,47.0,Finance,bengaluru,27788.91,27.5,active,MASTERS,12/01/2023,8.6,preeti.choudhary1740@company.com
500459,Ritu Trivedi,24.0,HR,Chennai,37945.82,18.0,Active,,06-12-2021,5.4,ritu.trivedi459@company.com
504637,nisha nanda,25.0,HR,MUMBAI,86514.6,26.5,Active,bachelors,07/15/2022,9.8,nisha.nanda4637@company.com
504993,Vijay Bansal,49.0,Finance,Ahmedabad,30451.39,5.2,INACTIVE,PhD,06/10/2017,4.5,vijay.bansal4993@company.com
501613,Rahul Ghosh,40.0,Operations,Chennai,,28.4,On Leave,Bachelors,01-09-2020,2.3,rahul.ghosh1613@company.com
503755,RAHUL GOEL,38.0,HR,Jaipur,144166.95,,INACTIVE,Diploma,02/15/2017,2.5,rahul.goel3755@company.com
503721,SANJAY DIXIT,32.0,Finance, Delhi,37987.91,11.8,Inactive,PhD,08/22/2017,2.4,sanjay.dixit3721@company.com
503458,Rahul Malik,36.0,Logistics,Delhi,87062.66,3.7,Active,,2023-06-07,,rahul.malik3458@company.com
502138,Divya Khanna,56.0,Marketing,,149368.14,7.6,active,Diploma,,8.1,divya.khanna2138@company.com
501383,Deepak Sinha,32.0,IT,Bengaluru,43700.97,19.0,INACTIVE,Diploma,12/10/2024,9.9,deepak.sinha1383@company.com
503668,Rahul Ghosh,51.0,IT,MUMBAI,90071.87,19.8,active,Bachelors,02/23/2025,5.0,rahul.ghosh3668@company.com
501343,Suresh Nanda,28.0,Support,Mumbai,27909.15,14.5,INACTIVE,MASTERS,13-12-2019,5.8,suresh.nanda1343@company.com
504561,Pooja Khanna,24.0,Marketing,Lucknow,94366.73,16.9,,,16/01/2018,9.2,pooja.khanna4561@company.com
501507,Deepak Ghosh,42.0,it,Mumbai,31324.72,28.2,active,Diploma,23/01/2016,1.6,deepak.ghosh1507@company.com
504838,Vikram Bose,32.0,sales,Jaipur,137835.08,18.7,Inactive,MASTERS,2016-10-14,1.6,vikram.bose4838@company.com
501945,Swati Bansal,44.0,MARKETING,Mumbai,48641.12,18.0,INACTIVE,Diploma,21-03-2021,9.7,swati.bansal1945@company.com
501380,meena goel,51.0,MARKETING,Jaipur,108415.1,28.4,,MASTERS,07-06-2023,8.9,meena.goel1380@company.com
502762,Amit Goel,43.0,IT,MUMBAI,91654.84,,INACTIVE,,19/07/2015,5.9,amit.goel2762@company.com
501387,Simran Bose,43.0,it, Delhi,98843.92,31.4,On Leave,MASTERS,2019-11-14,4.3,simran.bose1387@company.com
504519,SNEHA MISHRA,39.0,,Delhi,104335.84,28.8,,,2021-10-07,5.2,sneha.mishra4519@company.com
501374,Karan Yadav,33.0,sales,Ahmedabad,90458.8,,INACTIVE,,05/04/2022,1.5,karan.yadav1374@company.com
500974,Kavita Trivedi,23.0,Logistics,Hyderabad,66460.95,9.9,INACTIVE,bachelors,23/12/2019,,kavita.trivedi974@company.com
501783,Deepak Malik,28.0,Finance,Chennai ,46659.14,27.9,active,Masters,07/06/2024,2.5,deepak.malik1783@company.com
503705,Amit Nanda,25.0,Finance,Delhi,94373.91,22.8,Inactive,,19-10-2017,4.9,amit.nanda3705@company.com
504837,Simran Dixit,37.0,MARKETING,Lucknow,114792.22,32.1,Inactive,,2017-04-02,7.5,simran.dixit4837@company.com
503769,Gaurav Bansal,59.0,Sales,Lucknow,144017.76,,On Leave,Bachelors,13-05-2015,6.4,gaurav.bansal3769@company.com
500451,Arjun Ghosh,41.0,Support,,85243.19,6.9,active,Bachelors,04-04-2020,8.5,arjun.ghosh451@company.com
504293,Deepak Choudhary,37.0,IT,,27927.17,3.3,On Leave,MASTERS,02/20/2022,5.5,deepak.choudhary4293@company.com
500938,Ritu Sinha,22.0,,Chennai ,96419.02,31.1,active,PhD,2023-10-05,8.2,ritu.sinha938@company.com
502612,Sanjay Rastogi,33.0,Operations,,122656.86,8.9,Active,Masters,06/11/2017,7.8,sanjay.rastogi2612@company.com
501440,Pooja Malik,47.0,Marketing,MUMBAI,141665.1,4.5,,MASTERS,03/06/2017,9.9,pooja.malik1440@company.com
500949,SANJAY TRIVEDI,52.0,Support,Mumbai,,18.3,Active,Diploma,2020-10-18,3.8,sanjay.trivedi949@company.com
500006,ARJUN CHAUHAN,21.0,Operations,bengaluru,132462.98,29.1,Active,bachelors,2018-12-25,4.0,arjun.chauhan6@company.com
500417,DEEPAK RASTOGI,53.0,sales,Kolkata,74976.07,24.7,,,27/06/2021,8.2,deepak.rastogi417@company.com
504388,Ritu Yadav,59.0,Marketing,Delhi,95751.74,17.6,,,2017-01-05,2.5,ritu.yadav4388@company.com
501731,Manish Khanna,32.0,MARKETING,Chennai,141004.39,33.1,On Leave,,06/04/2019,7.6,manish.khanna1731@company.com
501999,Swati Saxena,23.0,Logistics,Jaipur,97362.18,23.9,Inactive,,04/10/2024,,swati.saxena1999@company.com
501910,Vijay Khanna,24.0,,Chennai,133640.29,12.9,,Bachelors,2025-01-24,6.5,vijay.khanna1910@company.com
500655,Pooja Choudhary,,Operations,Bengaluru,100629.81,23.3,Active,Diploma,01/17/2024,8.6,pooja.choudhary655@company.com
502203,Nisha Bansal,59.0,it,,104893.2,20.7,On Leave,bachelors,2017-03-21,9.8,nisha.bansal2203@company.com
500117,preeti sinha,46.0,Finance,Lucknow,133807.28,25.3,active,bachelors,24/03/2015,8.4,preeti.sinha117@company.com
504704,Kavita Saxena,57.0,Operations,Bengaluru,53768.11,18.2,active,bachelors,03-12-2021,,kavita.saxena4704@company.com
500339,Swati Chauhan,51.0,sales, Delhi,22703.73,,active,bachelors,10/10/2015,9.7,swati.chauhan339@company.com
504740,Manish Pandey,35.0,Support,Chennai ,54192.05,31.0,Inactive,PhD,26/05/2018,6.8,manish.pandey4740@company.com
503321,Sanjay Agarwal,30.0,Operations,Chennai ,116325.48,11.1,On Leave,Diploma,27/02/2017,,sanjay.agarwal3321@company.com
500016,Deepak Ghosh,35.0,,Mumbai,69132.45,0.5,Inactive,bachelors,02/14/2023,4.1,deepak.ghosh16@company.com
500597,Sneha Khanna,43.0,MARKETING,Kolkata,,4.7,,,10/03/2019,4.8,sneha.khanna597@company.com
500270,Priya Pandey,45.0,,Mumbai,,32.7,Active,Diploma,2015-10-19,5.3,priya.pandey270@company.com
501651,meena bansal,40.0,Operations,Lucknow,70843.59,28.2,,MASTERS,21/05/2015,,meena.bansal1651@company.com
501222,Sanjay Ghosh,41.0,sales,Kolkata,105848.21,18.5,Active,bachelors,2020-05-18,3.3,sanjay.ghosh1222@company.com
502567,Rajesh Malik,53.0,IT,Pune,34434.94,27.4,On Leave,Bachelors,06/04/2019,8.5,rajesh.malik2567@company.com
504545,Vijay Khanna,56.0,Logistics,Jaipur,111710.41,29.2,active,Bachelors,2015-05-10,7.2,vijay.khanna4545@company.com
502052,Isha Choudhary,35.0,Marketing, Delhi,138708.32,5.6,Active,Diploma,2015-04-10,7.7,isha.choudhary2052@company.com
502359,ISHA GOEL,24.0,Operations, Delhi,149456.37,16.9,Active,PhD,22-04-2024,9.1,isha.goel2359@company.com
502164,Swati Choudhary,46.0,MARKETING, Delhi,63520.26,25.8,,,2019-08-23,5.6,swati.choudhary2164@company.com
503371,Vijay Chauhan,26.0,IT,Hyderabad,126474.63,,INACTIVE,PhD,09-12-2024,8.5,vijay.chauhan3371@company.com
502696,Sneha Chauhan,47.0,sales,MUMBAI,107586.24,22.0,INACTIVE,bachelors,26/12/2020,4.0,sneha.chauhan2696@company.com
500894,Rahul Ghosh,56.0,Sales,Ahmedabad,58225.23,13.5,Inactive,,,4.5,rahul.ghosh894@company.com
502743,Divya Bose,44.0,Sales,Hyderabad,145146.12,0.2,active,Bachelors,08/19/2019,3.7,divya.bose2743@company.com
501362,Swati Khanna,44.0,Logistics,Ahmedabad,104907.44,5.6,,PhD,08/04/2017,7.1,swati.khanna1362@company.com
501980,Arjun Yadav,,sales,MUMBAI,47568.98,4.7,Inactive,Masters,21/03/2017,,arjun.yadav1980@company.com
504074,Karan Pandey,34.0,Finance,Mumbai,115946.92,23.7,,,2022-07-22,7.0,karan.pandey4074@company.com
500675,amit yadav,29.0,Support, Delhi,87079.55,29.3,INACTIVE,,2025-03-21,3.3,amit.yadav675@company.com
504160,Manish Ghosh,34.0,IT,Pune,132590.69,18.6,Active,,15/04/2020,7.7,manish.ghosh4160@company.com
503066,Priya Choudhary,36.0,,Pune,74345.29,18.6,Inactive,PhD,12-04-2023,4.2,priya.choudhary3066@company.com
502110,Divya Bansal,29.0,Support,Bengaluru,117160.23,31.3,On Leave,Diploma,09/04/2017,6.4,divya.bansal2110@company.com
504887,Sanjay Ghosh,29.0,HR,Kolkata,112475.37,,INACTIVE,PhD,12/06/2018,3.2,sanjay.ghosh4887@company.com
504447,Anjali Goel,25.0,Operations,Pune,140186.69,30.0,Active,,15/05/2021,2.9,anjali.goel4447@company.com
504774,Rajesh Bhatia,45.0,Logistics,Bengaluru,117645.52,5.8,Inactive,bachelors,2025-07-17,6.8,rajesh.bhatia4774@company.com
501733,Sanjay Bansal,58.0,Marketing,,69359.34,19.0,Inactive,Diploma,25/03/2023,10.0,sanjay.bansal1733@company.com
501709,Preeti Sinha,42.0,MARKETING,,44977.45,19.9,active,Masters,03/04/2022,3.9,preeti.sinha1709@company.com
501205,Sneha Bansal,46.0,Marketing,Jaipur,130011.84,11.3,INACTIVE,bachelors,15-02-2024,5.1,sneha.bansal1205@company.com
504085,  Simran Sinha  ,49.0,HR,Ahmedabad,119106.89,26.4,active,Bachelors,,5.3,simran.sinha4085@company.com
501649,Shreya Saxena,57.0,,Chennai,76490.28,34.7,Active,,08/15/2019,5.3,shreya.saxena1649@company.com
503791,Manish Bansal,56.0,it,Delhi,88485.65,26.3,active,MASTERS,07-05-2022,5.2,manish.bansal3791@company.com
502811,Pooja Malik,33.0,IT,,29087.2,10.5,Inactive,Bachelors,11-11-2020,4.2,pooja.malik2811@company.com
500391,preeti agarwal,31.0,Marketing, Delhi,79882.03,31.3,Inactive,,04-02-2019,6.6,preeti.agarwal391@company.com
503216,Isha Bhatia,26.0,,Hyderabad,89183.14,,On Leave,,17/09/2024,9.2,isha.bhatia3216@company.com
500758,ROHAN BANSAL,55.0,Marketing,Chennai,,29.7,active,,22-07-2024,1.1,rohan.bansal758@company.com
503318,Preeti Rastogi,45.0,Operations,Kolkata,65243.8,,INACTIVE,PhD,20-03-2016,,preeti.rastogi3318@company.com
503845,NISHA NANDA,58.0,it,Delhi,26021.33,12.9,,MASTERS,2019-08-20,1.8,nisha.nanda3845@company.com
500438,priya yadav,34.0,Marketing,Mumbai,74139.51,25.3,Inactive,,07/15/2017,3.0,priya.yadav438@company.com
501670,anjali bose,26.0,HR,,82262.05,33.4,Inactive,Bachelors,24/02/2015,2.6,anjali.bose1670@company.com
502778,Nisha Dixit,23.0,Support,Bengaluru,141056.27,29.1,On Leave,Masters,07/03/2017,,nisha.dixit2778@company.com
504888,Gaurav Choudhary,44.0,Operations,Chennai,100978.7,25.0,,,08/24/2019,3.3,gaurav.choudhary4888@company.com
501148,Divya Chauhan,32.0,,Bengaluru,132077.83,2.7,Inactive,bachelors,2020-05-20,8.7,divya.chauhan1148@company.com
500102,Amit Mishra,,Logistics, Delhi,120755.12,23.2,Inactive,,2021-11-16,6.4,
502700,Preeti Nanda,32.0,MARKETING,Kolkata,21747.7,16.1,,MASTERS,2025-03-07,2.2,preeti.nanda2700@company.com
502398,Nisha Choudhary,47.0,Support, Delhi,,1.6,INACTIVE,Masters,2016-07-17,6.4,nisha.choudhary2398@company.com
501184,Manish Goel,21.0,Marketing,Hyderabad,104403.03,17.7,On Leave,MASTERS,2017-11-05,2.0,manish.goel1184@company.com
503765,arjun malik,40.0,MARKETING,Hyderabad,61497.64,10.5,On Leave,bachelors,03/09/2016,9.2,arjun.malik3765@company.com
503161,Ritu Saxena,44.0,sales,Lucknow,125115.21,16.1,Active,Bachelors,12/12/2022,7.8,ritu.saxena3161@company.com
500633,Nikhil Trivedi,29.0,Support,Jaipur,53764.86,27.3,Inactive,Bachelors,2024-09-05,1.9,nikhil.trivedi633@company.com
500337,Rahul Nanda,47.0,HR,,62701.76,9.4,INACTIVE,bachelors,2015-09-13,9.9,rahul.nanda337@company.com
500250,Sanjay Trivedi,59.0,it,Pune,,19.1,,Bachelors,2024-05-21,5.8,sanjay.trivedi250@company.com
503701,Neha Dixit,56.0,MARKETING,Mumbai,39682.72,32.8,Inactive,PhD,10/10/2018,,neha.dixit3701@company.com
503359,Rohan Nanda,52.0,it,,77070.87,1.0,Active,Bachelors,14/06/2021,9.4,rohan.nanda3359@company.com
500330,Vikram Saxena,24.0,sales,Chennai ,82512.75,33.0,INACTIVE,,17-08-2016,1.3,vikram.saxena330@company.com
504123,SNEHA PANDEY,36.0,,Chennai ,101130.97,2.2,,bachelors,2023-08-26,6.5,sneha.pandey4123@company.com
501797,Nisha Bansal,21.0,,,117400.84,9.4,,bachelors,13-07-2025,7.9,nisha.bansal1797@company.com
502301,Shreya Bansal,58.0,HR,Lucknow,,6.3,On Leave,PhD,,2.7,shreya.bansal2301@company.com
503816,ARJUN SAXENA,22.0,,,148253.76,10.7,INACTIVE,PhD,,8.5,arjun.saxena3816@company.com
504716,nikhil malik,52.0,Sales,Jaipur,41150.2,34.6,INACTIVE,Bachelors,2015-08-10,9.3,nikhil.malik4716@company.com
500930,Nisha Yadav,29.0,Operations,Chennai ,55203.64,21.2,INACTIVE,Masters,23/06/2021,5.4,nisha.yadav930@company.com
500355,Vikram Choudhary,,MARKETING,Bengaluru,110379.38,2.1,active,Bachelors,20/07/2016,6.0,vikram.choudhary355@company.com
501080,Vikram Agarwal,30.0,Finance,,146998.51,8.3,Inactive,,01/26/2024,6.0,vikram.agarwal1080@company.com
501641,Kavita Sinha,36.0,IT,,114046.66,30.0,Active,bachelors,04-11-2017,9.5,kavita.sinha1641@company.com
500000,Anjali Goel,47.0,Finance,Mumbai,,33.5,INACTIVE,,13/09/2021,8.1,anjali.goel2161@company.com
503990,NIKHIL BANSAL,27.0,sales, Delhi,30825.75,13.6,Active,,11/12/2025,3.9,nikhil.bansal3990@company.com
501347,Swati Pandey,34.0,Marketing,Pune,50335.65,2.4,On Leave,bachelors,2020-06-10,6.8,swati.pandey1347@company.com
500436,Vijay Yadav,44.0,HR,Ahmedabad,149348.6,17.7,,,12/06/2022,9.9,vijay.yadav436@company.com
500255,  Deepak Malik  ,28.0,HR,,51897.06,15.4,INACTIVE,bachelors,21-07-2021,3.3,deepak.malik255@company.com
500236,  Sanjay Yadav  ,29.0,Finance,Jaipur,48869.06,3.1,,Bachelors,04/09/2019,2.8,
504611,Swati Thakur,25.0,HR,Jaipur,109237.73,20.2,,PhD,2016-12-27,5.8,swati.thakur4611@company.com
503243,Nikhil Choudhary,30.0,Finance,bengaluru,81439.67,12.3,INACTIVE,MASTERS,01/15/2021,6.4,nikhil.choudhary3243@company.com
501757,ROHAN BOSE,43.0,,,32976.32,25.5,,Masters,23-02-2017,,rohan.bose1757@company.com
502080,Divya Agarwal,43.0,HR,Mumbai,60480.35,33.2,,,04/08/2023,2.4,divya.agarwal2080@company.com
503249,PREETI CHOUDHARY,24.0,IT,Chennai ,81676.63,34.3,active,Masters,06/26/2021,2.5,preeti.choudhary3249@company.com
503037,Amit Dixit,34.0,Support,Delhi,45301.23,14.1,Inactive,Masters,04-12-2023,8.3,amit.dixit3037@company.com
502063,Gaurav Goel,40.0,sales,Bengaluru,33722.83,12.9,Inactive,,2019-08-03,9.0,gaurav.goel2063@company.com
503383,ROHAN MISHRA,57.0,Logistics,Delhi,118074.84,28.6,On Leave,PhD,2021-07-18,5.7,rohan.mishra3383@company.com
501869,Isha Agarwal,52.0,Support,Delhi,100015.51,2.9,On Leave,bachelors,19-01-2021,,isha.agarwal1869@company.com
501815,Nikhil Rastogi,51.0,MARKETING,Pune,149349.18,6.3,active,MASTERS,06/20/2015,9.7,nikhil.rastogi1815@company.com
503538,Priya Khanna,22.0,Logistics,Bengaluru,128113.92,24.4,Inactive,bachelors,21-04-2019,3.4,priya.khanna3538@company.com
504305,amit chauhan,42.0,MARKETING,Jaipur,86942.87,1.5,INACTIVE,Diploma,01/13/2016,6.8,amit.chauhan4305@company.com
504650,Simran Goel,27.0,Marketing,,21676.99,32.4,active,Diploma,22-12-2017,5.8,simran.goel4650@company.com
503416,Ritu Ghosh,49.0,MARKETING,,116335.77,31.4,,Diploma,05-01-2022,3.4,ritu.ghosh3416@company.com
500781,Ashok Sinha,,HR,,73387.66,9.8,INACTIVE,,27-08-2018,2.0,ashok.sinha781@company.com
504677,Rahul Ghosh,47.0,Marketing,Chennai ,58598.8,14.6,,PhD,12-10-2020,8.8,rahul.ghosh4677@company.com
504202,rajesh choudhary,34.0,Marketing,MUMBAI,146952.49,17.8,INACTIVE,,2015-05-20,5.7,rajesh.choudhary4202@company.com
501744,Pooja Bose,53.0,sales,bengaluru,34782.02,18.7,INACTIVE,bachelors,20-06-2019,7.7,pooja.bose1744@company.com
503505,Rahul Mishra,54.0,IT,Chennai,60975.91,6.0,INACTIVE,Bachelors,10/02/2016,6.5,rahul.mishra3505@company.com
503012,NISHA GHOSH,57.0,HR,,107918.84,10.6,,bachelors,20/03/2016,5.0,nisha.ghosh3012@company.com
503582,Rajesh Nanda,39.0,Marketing,,99385.69,30.3,Active,,23-07-2015,4.2,rajesh.nanda3582@company.com
504057,Meena Thakur,56.0,it,Hyderabad,75338.52,1.7,active,bachelors,02-06-2018,3.4,meena.thakur4057@company.com
504676,Ashok Agarwal,51.0,Finance,Jaipur,128268.36,33.5,Active,,11/07/2025,5.7,ashok.agarwal4676@company.com
500867,Preeti Pandey,29.0,Marketing,,99420.89,10.5,active,Masters,16/12/2023,5.2,preeti.pandey867@company.com
501639,Nikhil Saxena,22.0,HR,MUMBAI,42355.77,9.5,,,26/04/2015,,nikhil.saxena1639@company.com
504169,RAJESH BOSE,50.0,it,Kolkata,42226.68,8.6,Inactive,PhD,07-07-2018,2.1,rajesh.bose4169@company.com
502175,Vikram Thakur,40.0,sales,Chennai ,25158.65,30.8,On Leave,,27/05/2025,8.7,vikram.thakur2175@company.com
504434,Rohan Malik,56.0,Logistics,Pune,78446.89,4.4,On Leave,,23-12-2019,3.4,rohan.malik4434@company.com
501576,Neha Dixit,56.0,Support,Chennai ,115293.97,13.5,Active,bachelors,2020-12-20,9.4,neha.dixit1576@company.com
501795,Simran Malik,50.0,,,47061.18,8.9,Inactive,Bachelors,07/01/2021,7.8,simran.malik1795@company.com
502121,Meena Agarwal,53.0,,Bengaluru,122290.83,24.8,active,Diploma,16-03-2021,7.6,meena.agarwal2121@company.com
502153,Sneha Yadav,25.0,MARKETING,Chennai ,65513.88,12.0,Inactive,Diploma,10/16/2019,4.6,sneha.yadav2153@company.com
502899,Vijay Thakur,24.0,Operations,Pune,,26.8,On Leave,bachelors,02/21/2018,2.4,vijay.thakur2899@company.com
503552,Simran Bhatia,27.0,sales,,130581.38,,Inactive,bachelors,2015-05-14,9.9,simran.bhatia3552@company.com
504656,Simran Khanna,52.0,, Delhi,132070.47,20.6,Inactive,,2019-11-13,5.1,simran.khanna4656@company.com
501596,Swati Agarwal,38.0,IT,bengaluru,73064.73,6.0,Active,,2022-01-22,7.4,swati.agarwal1596@company.com
501585,Nikhil Agarwal,35.0,Support,Chennai ,103886.72,9.3,INACTIVE,MASTERS,2022-02-15,4.2,nikhil.agarwal1585@company.com
500528,Sanjay Bhatia,59.0,Operations,Bengaluru,,,Inactive,PhD,24/04/2022,5.7,sanjay.bhatia528@company.com
501099,Anjali Agarwal,30.0,Support,bengaluru,85490.29,15.4,,Masters,05/12/2023,6.8,anjali.agarwal1099@company.com
503957,Neha Mishra,49.0,IT,,46124.61,32.0,On Leave,Diploma,25-06-2019,4.9,neha.mishra3957@company.com
503134,Deepak Bansal,,Finance,Mumbai,101755.72,28.7,Inactive,MASTERS,2020-01-10,7.5,deepak.bansal3134@company.com
503975,NISHA NANDA,38.0,,Pune,124193.16,22.9,Active,Bachelors,2015-09-25,2.1,
500368,Priya Saxena,55.0,,,60703.93,19.2,On Leave,,04/01/2025,3.9,priya.saxena368@company.com
501786,Shreya Agarwal,57.0,it,Ahmedabad,110807.11,34.4,,,07/06/2020,1.0,shreya.agarwal1786@company.com
504671,SIMRAN THAKUR,26.0,Logistics,Pune,137199.46,33.7,Inactive,PhD,01/27/2020,7.2,simran.thakur4671@company.com
500404,Nisha Rastogi,31.0,Marketing,Lucknow,144983.24,14.4,active,PhD,2017-11-10,6.8,nisha.rastogi404@company.com
504424,Shreya Sinha,44.0,Finance,,27761.52,17.0,On Leave,,01/05/2016,7.0,shreya.sinha4424@company.com
502250,Anjali Goel,50.0,Sales,,132986.12,30.6,On Leave,,2024-04-18,,anjali.goel2250@company.com
502989,Shreya Bhatia,32.0,sales,Chennai ,87554.29,26.3,INACTIVE,MASTERS,07/10/2020,9.2,shreya.bhatia2989@company.com
501691,Anjali Bansal,27.0,MARKETING,Lucknow,125324.31,17.3,Inactive,MASTERS,2019-09-17,8.2,anjali.bansal1691@company.com
502323,Nikhil Khanna,52.0,Finance,,74096.16,7.7,Inactive,bachelors,2023-01-08,2.1,nikhil.khanna2323@company.com
501140,preeti malik,44.0,Finance, Delhi,91881.34,32.6,Inactive,bachelors,2025-04-17,5.2,preeti.malik1140@company.com
504107,Sanjay Thakur,56.0,sales,bengaluru,,,Active,PhD,23/01/2021,3.5,sanjay.thakur4107@company.com
500507,Amit Thakur,24.0,Finance,Delhi,147192.22,12.3,,Diploma,,10.0,amit.thakur507@company.com
503284,Ritu Trivedi,41.0,it,bengaluru,47567.96,27.5,active,Masters,10/19/2018,3.6,ritu.trivedi3284@company.com
501808,Vikram Choudhary,23.0,Support,,124455.17,33.1,INACTIVE,Masters,2025-02-23,4.1,vikram.choudhary1808@company.com
504106,RAHUL BANSAL,43.0,Marketing,bengaluru,139615.82,7.6,Inactive,,04/11/2020,5.6,rahul.bansal4106@company.com
502466,Divya Saxena,55.0,Logistics,bengaluru,72965.21,35.0,,,17-12-2024,6.4,divya.saxena2466@company.com
502972,Simran Chauhan,49.0,IT,Mumbai,31202.69,21.9,On Leave,PhD,04/07/2017,3.5,simran.chauhan2972@company.com
501194,Karan Sinha,34.0,Operations,bengaluru,,31.7,INACTIVE,,2017-02-04,4.7,karan.sinha1194@company.com
501332,Kavita Agarwal,21.0,Logistics,,69895.33,29.3,,PhD,16/12/2022,,kavita.agarwal1332@company.com
502048,Rajesh Khanna,49.0,IT,,72936.36,19.7,On Leave,Masters,07/07/2019,9.0,rajesh.khanna2048@company.com
501723,Pooja Saxena,58.0,sales,Bengaluru,,27.0,INACTIVE,Bachelors,2020-03-27,3.3,pooja.saxena1723@company.com
503501,Kavita Bhatia,33.0,,Ahmedabad,28449.75,5.9,Active,bachelors,14/06/2023,4.4,kavita.bhatia3501@company.com
502317,Manish Malik,35.0,Logistics,Ahmedabad,49855.31,19.8,active,Diploma,07/02/2017,4.5,manish.malik2317@company.com
503546,Rahul Agarwal,59.0,MARKETING,Chennai,133214.66,11.1,Inactive,Bachelors,2018-11-27,,rahul.agarwal3546@company.com
501816,Meena Malik,31.0,Logistics,Chennai ,73722.56,13.6,INACTIVE,PhD,11/03/2020,,meena.malik1816@company.com
503396,Nikhil Goel,57.0,MARKETING,MUMBAI,-116724.88,3.5,INACTIVE,Masters,2022-11-21,,nikhil.goel3396@company.com
502709,ISHA CHOUDHARY,22.0,MARKETING,Jaipur,125198.24,8.0,active,Diploma,14/03/2019,9.1,isha.choudhary2709@company.com
501870,Karan Thakur,52.0,Logistics,Chennai ,26058.0,3.1,INACTIVE,,02-05-2019,5.7,karan.thakur1870@company.com
504732,Isha Pandey,25.0,,bengaluru,136105.24,10.6,active,,03/08/2015,2.5,isha.pandey4732@company.com
500617,Vikram Nanda,57.0,Support,,59795.73,25.8,On Leave,Masters,11/05/2019,5.2,vikram.nanda617@company.com
503578,Priya Mishra,45.0,Marketing,,47659.01,30.3,Active,PhD,,1.1,priya.mishra3578@company.com
503837,Meena Agarwal,36.0,Support,Chennai,137351.21,11.4,active,bachelors,08/20/2020,3.5,meena.agarwal3837@company.com
502304,Nisha Chauhan,31.0,IT,Ahmedabad,30350.53,13.6,Inactive,PhD,06-09-2018,9.7,nisha.chauhan2304@company.com
501429,Rohan Bose,53.0,,,36217.41,32.6,INACTIVE,Bachelors,06-06-2021,5.9,rohan.bose1429@company.com
501979,Isha Goel,32.0,Finance,Kolkata,115356.47,6.2,INACTIVE,,10/21/2021,7.4,isha.goel1979@company.com
502158,Vijay Bansal,26.0,Operations,bengaluru,57876.05,8.7,INACTIVE,,11/16/2016,8.9,vijay.bansal2158@company.com
502867,Deepak Pandey,38.0,Logistics,Bengaluru,104581.59,24.9,INACTIVE,Masters,07/10/2019,4.9,deepak.pandey2867@company.com
503402,Anjali Chauhan,24.0,Support,Ahmedabad,20800.19,11.5,,Diploma,19-07-2020,,anjali.chauhan3402@company.com
500078,Deepak Rastogi,49.0,sales,,,2.6,active,MASTERS,20/09/2019,7.8,deepak.rastogi78@company.com
503379,Rahul Ghosh,30.0,Operations,,117257.31,32.5,On Leave,PhD,01-12-2022,4.1,rahul.ghosh3379@company.com
504690,Divya Bhatia,33.0,Finance,Pune,119953.65,28.8,,MASTERS,17-04-2024,4.3,divya.bhatia4690@company.com
502122,Vikram Khanna,35.0,Finance,Ahmedabad,23437.36,3.6,INACTIVE,MASTERS,2022-02-03,6.1,vikram.khanna2122@company.com
504711,Suresh Saxena,42.0,it,Chennai,74615.91,3.6,active,Diploma,07/23/2021,8.4,suresh.saxena4711@company.com
504856,Nisha Goel,25.0,HR,,83539.89,13.8,INACTIVE,Masters,19/02/2019,4.8,nisha.goel4856@company.com
501578,Rajesh Ghosh,36.0,Logistics,Pune,94417.52,2.8,On Leave,,01/15/2017,9.3,rajesh.ghosh1578@company.com
504463,Divya Pandey,,Operations,MUMBAI,147033.11,34.6,,Bachelors,25/03/2023,5.6,divya.pandey4463@company.com
504622,GAURAV BHATIA,46.0,IT,Chennai,,32.9,On Leave,MASTERS,10/10/2016,4.1,gaurav.bhatia4622@company.com
502574,Rohan Malik,57.0,Support,Chennai ,,15.8,Inactive,PhD,13-08-2017,8.4,rohan.malik2574@company.com
501970,Divya Bhatia,,Operations,Lucknow,,18.4,On Leave,Diploma,03/04/2025,5.5,divya.bhatia1970@company.com
501714,Nisha Khanna,49.0,Sales,Bengaluru,,23.2,Inactive,Diploma,16/01/2023,5.8,nisha.khanna1714@company.com
500837,Vijay Goel,26.0,Operations,Bengaluru,29613.93,33.9,Active,Masters,26/12/2025,8.0,vijay.goel837@company.com
504199,DIVYA AGARWAL,48.0,Marketing,MUMBAI,47473.27,15.0,INACTIVE,bachelors,05-09-2021,1.8,divya.agarwal4199@company.com
501311,Pooja Bose,48.0,sales,Lucknow,78962.4,4.7,,Masters,05/06/2021,5.5,pooja.bose1311@company.com
501900,SURESH KHANNA,54.0,,,145972.08,0.3,,PhD,01/11/2016,3.6,suresh.khanna1900@company.com
503517,ASHOK BHATIA,24.0,sales,Chennai,110691.89,6.9,INACTIVE,,03/15/2021,8.0,ashok.bhatia3517@company.com
504821,Swati Sinha,55.0,HR, Delhi,125301.68,,active,MASTERS,07/27/2018,7.9,swati.sinha4821@company.com
502608,Swati Pandey,48.0,sales,Pune,130444.54,0.9,,Bachelors,2017-11-14,4.7,swati.pandey2608@company.com
500856,Arjun Mishra,40.0,Operations,Bengaluru,117646.56,6.4,Active,bachelors,07/20/2022,2.0,arjun.mishra856@company.com
503130,Vikram Mishra,53.0,HR,bengaluru,38088.17,12.9,Active,Masters,2016-08-12,8.9,vikram.mishra3130@company.com
503429,Karan Bansal,52.0,,Chennai,133015.83,17.0,INACTIVE,Masters,07/20/2024,,karan.bansal1519@company.com
500473,Nikhil Mishra,53.0,MARKETING,bengaluru,52555.43,32.7,,Masters,2018-10-21,7.4,nikhil.mishra473@company.com
500315,priya dixit,32.0,it,Pune,95236.1,13.4,INACTIVE,Bachelors,12/03/2017,9.3,priya.dixit315@company.com
503887,Vikram Nanda,45.0,Marketing,,121141.17,2.5,Inactive,Masters,2017-10-03,4.1,vikram.nanda3887@company.com
503294,Manish Pandey,24.0,MARKETING,Chennai ,126805.33,23.9,Active,Masters,23-08-2016,9.5,manish.pandey3294@company.com
502911,Sneha Mishra,46.0,IT,,25703.58,6.2,Active,,13-02-2025,4.5,sneha.mishra2911@company.com
501513,Shreya Nanda,43.0,Support,Bengaluru,130478.14,6.0,Inactive,Masters,03-02-2025,8.0,shreya.nanda1513@company.com
501404,preeti bose,44.0,sales, Delhi,96997.33,22.6,Active,Diploma,23-12-2021,1.1,preeti.bose1404@company.com
502270,rohan yadav,49.0,it,Bengaluru,-129695.24,21.3,INACTIVE,bachelors,27-07-2019,3.6,rohan.yadav2270@company.com
502278,Simran Bose,,,MUMBAI,120304.64,26.5,Active,PhD,2015-02-08,8.4,simran.bose2278@company.com
503735,Amit Yadav,55.0,sales,Bengaluru,128322.85,33.7,INACTIVE,PhD,2022-03-08,5.9,amit.yadav3735@company.com
501252,Nikhil Mishra,44.0,Marketing,Mumbai,114516.87,5.8,Inactive,Bachelors,2017-08-04,6.1,nikhil.mishra1252@company.com
503888,Arjun Agarwal,36.0,Finance,Chennai,97906.45,9.5,,Bachelors,12/15/2017,5.7,arjun.agarwal3888@company.com
500393,Swati Pandey,43.0,Sales,,83073.14,18.6,Active,,02/24/2024,9.2,swati.pandey393@company.com
503117,Gaurav Sinha,32.0,sales,,101486.94,25.3,active,MASTERS,25/01/2016,7.0,gaurav.sinha3117@company.com
500206,Kavita Thakur,34.0,Support,Lucknow,110354.39,19.0,,,12/16/2023,,kavita.thakur206@company.com
501802,sneha nanda,35.0,MARKETING,Hyderabad,111150.82,32.1,Inactive,Bachelors,27/10/2016,5.1,sneha.nanda1802@company.com
503531,Swati Malik,30.0,IT,Delhi,138980.62,21.2,Inactive,bachelors,01/05/2021,1.3,swati.malik3531@company.com
502428,Ritu Bansal,23.0,MARKETING,Chennai ,,9.0,,,05/09/2017,7.6,ritu.bansal2428@company.com
500446,sneha saxena,,MARKETING,Chennai ,120222.2,2.5,Inactive,bachelors,18/11/2023,8.1,sneha.saxena446@company.com
501224,Ritu Rastogi,49.0,MARKETING,Kolkata,40604.3,31.7,Inactive,Bachelors,2022-11-13,7.9,ritu.rastogi1224@company.com
500658,Sneha Bansal,42.0,it,Jaipur,42973.07,5.3,Inactive,Bachelors,21-09-2016,8.0,sneha.bansal658@company.com
501319,Rahul Thakur,52.0,IT,bengaluru,93805.71,16.2,On Leave,,22/04/2025,,rahul.thakur1319@company.com
502092,Neha Bansal,59.0,HR,Delhi,64675.7,,INACTIVE,bachelors,08-05-2016,3.6,neha.bansal2092@company.com
503328,Nikhil Yadav,26.0,Finance,bengaluru,128272.99,24.2,active,Bachelors,06-05-2025,3.7,nikhil.yadav3328@company.com
504397,Deepak Pandey,28.0,Operations,Delhi,143995.78,34.4,On Leave,Masters,03/11/2017,3.7,deepak.pandey4397@company.com
503814,Meena Ghosh,57.0,Support,Hyderabad,102093.58,34.1,Inactive,bachelors,20-12-2017,5.1,meena.ghosh3814@company.com
501605,Vijay Bhatia,54.0,Operations,,24812.71,0.1,INACTIVE,PhD,12/05/2016,3.3,vijay.bhatia1605@company.com
502796,Sneha Nanda,38.0,Operations,Lucknow,123596.64,4.8,active,MASTERS,2019-04-06,2.6,
502182,Priya Bhatia,48.0,sales,Kolkata,111790.42,,Active,Masters,25-03-2019,8.8,priya.bhatia2182@company.com
502423,Deepak Trivedi,23.0,Finance,Lucknow,47399.84,30.6,Inactive,PhD,07/13/2017,,deepak.trivedi2423@company.com
503493,Vijay Thakur,57.0,Support,bengaluru,25172.02,28.6,active,,11/11/2018,7.2,vijay.thakur3493@company.com
504355,Preeti Sinha,35.0,Support,bengaluru,45603.61,31.7,active,Diploma,06-08-2020,,preeti.sinha4355@company.com
500565,vijay bhatia,21.0,,Pune,31176.86,33.0,Active,Bachelors,02/06/2021,,vijay.bhatia565@company.com
501375,Kavita Dixit,29.0,,,79254.96,28.0,INACTIVE,,2020-10-21,2.1,kavita.dixit1375@company.com
500467,Shreya Rastogi,33.0,it,Mumbai,34513.14,21.3,Inactive,Bachelors,05/07/2020,,shreya.rastogi467@company.com
500905,Priya Trivedi,42.0,it,Ahmedabad,35136.85,21.3,active,MASTERS,2024-04-27,,priya.trivedi905@company.com
502919,Preeti Rastogi,38.0,,Jaipur,115633.75,7.2,Inactive,,11-02-2015,6.3,preeti.rastogi2919@company.com
500736,Nikhil Nanda,50.0,,bengaluru,45826.41,,Inactive,,27/02/2022,4.9,nikhil.nanda736@company.com
504060,Simran Bansal,59.0,,,86296.16,31.9,,MASTERS,2018-07-09,6.7,simran.bansal4060@company.com
501048,SURESH YADAV,33.0,Logistics,MUMBAI,90702.35,15.9,Active,bachelors,2019-04-01,6.7,suresh.yadav1048@company.com
502237,Karan Agarwal,54.0,sales,Bengaluru,,32.4,On Leave,Masters,06-11-2016,7.0,karan.agarwal2237@company.com
502310,Amit Khanna,51.0,sales,MUMBAI,100869.4,29.5,active,,,8.2,amit.khanna2310@company.com
503354,Karan Dixit,,HR,Lucknow,125172.24,23.3,active,Bachelors,12/13/2016,7.3,karan.dixit3354@company.com
503717,Preeti Pandey,39.0,sales,Jaipur,40213.2,22.9,active,,2022-03-05,4.8,preeti.pandey3717@company.com
504254,Shreya Saxena,38.0,MARKETING,Mumbai,62712.15,6.8,Active,bachelors,04/03/2019,3.0,shreya.saxena4254@company.com
502832,Gaurav Bhatia,38.0,HR,,,33.4,INACTIVE,,08-08-2021,3.5,gaurav.bhatia2832@company.com
501445,Rohan Mishra,22.0,it,Bengaluru,25554.23,32.3,INACTIVE,,08-02-2017,6.4,rohan.mishra1445@company.com
503544,Ritu Dixit,27.0,it,Chennai ,83824.4,25.5,active,Diploma,26-05-2018,8.8,ritu.dixit3544@company.com
503333,PRIYA BHATIA,38.0,Sales,Chennai,89308.57,19.7,,Masters,26-02-2017,,priya.bhatia3333@company.com
500124,Meena Yadav,59.0,MARKETING,Ahmedabad,135809.71,10.0,active,,19-07-2015,5.0,meena.yadav124@company.com
500844,Pooja Agarwal,44.0,HR,Pune,72390.25,3.9,,Bachelors,2015-11-22,,pooja.agarwal844@company.com
501219,Ritu Bhatia,35.0,it,,101517.0,30.7,Active,bachelors,04/08/2022,1.4,ritu.bhatia1219@company.com
501944,suresh nanda,23.0,HR,,23342.62,34.6,INACTIVE,MASTERS,25-09-2024,9.1,suresh.nanda1944@company.com
503518,Sneha Malik,26.0,Sales,,69527.84,15.0,Inactive,Bachelors,2015-07-01,6.0,sneha.malik3518@company.com
503983,Priya Agarwal,39.0,sales,bengaluru,64527.41,21.1,On Leave,MASTERS,2023-10-25,9.4,priya.agarwal3983@company.com
502362,Manish Dixit,25.0,Finance,Hyderabad,39148.68,19.6,INACTIVE,,12-10-2020,6.1,manish.dixit2362@company.com
503252,Karan Thakur,58.0,Support, Delhi,110121.93,27.9,On Leave,,08/19/2022,1.1,karan.thakur3252@company.com
503362,Isha Yadav,59.0,Marketing,,81466.67,12.0,Inactive,bachelors,2020-06-27,7.1,isha.yadav3362@company.com
502382,Rohan Chauhan,50.0,Sales,Chennai,46706.5,11.5,active,MASTERS,15/04/2025,6.9,rohan.chauhan2382@company.com
500982,Vijay Goel,41.0,Marketing,Delhi,146849.5,13.2,INACTIVE,Bachelors,07/04/2022,7.2,
502951,Preeti Goel,30.0,Sales,Delhi,127487.64,32.7,,Masters,22-06-2019,,preeti.goel2951@company.com
502698,Amit Yadav,59.0,Finance,,90749.4,34.9,Active,Masters,01-11-2018,5.2,amit.yadav2698@company.com
504420,Nikhil Saxena,50.0,,Kolkata,59417.85,13.3,active,Masters,07/02/2020,2.1,nikhil.saxena4420@company.com
500131,Karan Yadav,36.0,Logistics,Pune,118322.6,22.0,INACTIVE,Masters,2024-02-22,5.0,karan.yadav131@company.com
501724,Rohan Malik,44.0,it,Jaipur,,12.5,active,Diploma,12/13/2019,3.9,rohan.malik1724@company.com
503915,Arjun Bansal,27.0,MARKETING, Delhi,68883.29,30.2,Inactive,Diploma,01/20/2018,7.7,arjun.bansal3915@company.com
500055,PREETI MALIK,46.0,Logistics,,36931.96,22.4,Active,MASTERS,17/02/2024,5.8,preeti.malik55@company.com
501792,Vikram Sinha,59.0,HR,bengaluru,122485.78,23.3,Inactive,Masters,12-10-2021,8.2,vikram.sinha1792@company.com
503101,DEEPAK AGARWAL,44.0,sales,Delhi,53146.65,34.3,,,2024-01-06,,deepak.agarwal3101@company.com
504184,Rahul Mishra,39.0,Finance,Mumbai,75050.65,17.0,On Leave,Diploma,2022-01-08,6.5,rahul.mishra4184@company.com
503126,Manish Rastogi,49.0,Finance,MUMBAI,122102.5,28.0,Active,bachelors,09/23/2019,,manish.rastogi3126@company.com
504171,Simran Chauhan,51.0,,MUMBAI,87841.55,10.2,Inactive,bachelors,12/21/2018,,simran.chauhan4171@company.com
504826,NIKHIL BANSAL,46.0,,Chennai ,79432.2,4.3,active,bachelors,2020-09-07,,nikhil.bansal4826@company.com
501053,vikram trivedi,47.0,IT,Pune,42969.05,16.3,,bachelors,04-11-2024,8.8,vikram.trivedi1053@company.com
501361,Priya Trivedi,40.0,sales, Delhi,67514.44,6.8,active,MASTERS,08/12/2025,9.4,priya.trivedi1361@company.com
500197,Vikram Malik,33.0,Logistics,Lucknow,,10.5,active,bachelors,2019-09-11,5.6,vikram.malik197@company.com
501572,Gaurav Bose,59.0,,bengaluru,97990.34,27.5,,PhD,2015-11-18,2.7,gaurav.bose1572@company.com
502134,suresh trivedi,53.0,Finance,Mumbai,46377.74,21.3,On Leave,Masters,12/09/2015,3.6,suresh.trivedi2134@company.com
503464,Karan Saxena,31.0,Finance,Delhi,,9.7,Active,MASTERS,,7.0,karan.saxena3464@company.com
501790,Manish Chauhan,43.0,Finance,Bengaluru,144774.2,,Active,Masters,22/07/2021,9.4,manish.chauhan1790@company.com
504287,Shreya Sinha,47.0,Marketing,Jaipur,20914.01,24.0,active,Diploma,,2.9,shreya.sinha4287@company.com
500406,Nisha Rastogi,24.0,sales,bengaluru,52483.03,22.1,Inactive,MASTERS,11-09-2018,6.2,nisha.rastogi406@company.com
502888,arjun agarwal,54.0,Marketing,Kolkata,146988.89,22.6,INACTIVE,Diploma,12/26/2020,7.3,arjun.agarwal2888@company.com
500880,Shreya Bhatia,34.0,Logistics,Chennai ,143698.71,21.0,Active,,04/06/2020,7.0,shreya.bhatia880@company.com
501763,Karan Nanda,21.0,Support,,81097.69,23.5,active,MASTERS,12/18/2022,5.9,karan.nanda1763@company.com
500147,Simran Bhatia,44.0,Sales,,90863.64,12.8,Active,,16-10-2020,9.5,simran.bhatia147@company.com
501256,priya chauhan,53.0,Finance,,146407.21,26.4,Inactive,,02/01/2024,2.3,priya.chauhan1256@company.com
500329,Ashok Trivedi,56.0,,Kolkata,79194.38,,On Leave,Bachelors,06/01/2016,1.2,ashok.trivedi329@company.com
500980,Vijay Pandey,55.0,Finance,Jaipur,63221.27,7.2,Active,,01/08/2025,8.5,vijay.pandey980@company.com
504787,Vikram Malik,50.0,sales,Mumbai,34227.31,14.1,On Leave,PhD,27-06-2017,5.4,vikram.malik4787@company.com
500878,AMIT PANDEY,39.0,Support,Chennai,134801.98,23.5,On Leave,Bachelors,11/14/2018,4.8,amit.pandey878@company.com
504891,PRIYA THAKUR,28.0,Operations,Pune,41273.47,14.6,INACTIVE,Diploma,09/11/2017,6.3,priya.thakur4891@company.com
504989,Ritu Yadav,42.0,IT,Mumbai,130163.74,26.2,,Diploma,2017-05-12,2.1,ritu.yadav4989@company.com
502046,Priya Bhatia,45.0,sales,Hyderabad,119276.8,0.1,INACTIVE,PhD,09/04/2016,2.5,priya.bhatia2046@company.com
501587,Shreya Chauhan,35.0,HR,Kolkata,87273.23,8.4,Active,,11/03/2020,5.2,shreya.chauhan1587@company.com
501858,ISHA BOSE,35.0,sales,MUMBAI,141856.16,4.9,INACTIVE,,23-08-2024,,isha.bose1858@company.com
503390,Nikhil Bansal,52.0,Sales,Delhi,126784.39,0.9,active,,10/27/2018,,nikhil.bansal3390@company.com
502194,Pooja Bhatia,58.0,Logistics,Lucknow,61437.53,7.7,active,Bachelors,2015-02-25,7.6,pooja.bhatia2194@company.com
502259,Suresh Mishra,21.0,Support,MUMBAI,41651.38,27.2,,PhD,04/07/2019,1.1,suresh.mishra2259@company.com
503952,Divya Ghosh,29.0,Marketing,Bengaluru,82491.86,30.1,,bachelors,05-11-2022,6.5,divya.ghosh3952@company.com
500107,Vikram Goel,45.0,Support,bengaluru,107065.95,14.8,On Leave,,08/04/2016,9.3,vikram.goel107@company.com
501931,Isha Bose,33.0,Support,bengaluru,45538.24,29.9,On Leave,MASTERS,03/10/2016,3.8,isha.bose1931@company.com
502810,divya bhatia,30.0,IT,Pune,100008.91,30.7,Active,,09/17/2022,,divya.bhatia2810@company.com
503598,Shreya Trivedi,24.0,,Jaipur,42454.71,19.4,,PhD,2017-11-15,2.0,shreya.trivedi3598@company.com
503707,rohan malik,47.0,HR,bengaluru,121745.15,14.5,,Bachelors,15/02/2017,9.1,rohan.malik3707@company.com
503994,SURESH MALIK,57.0,MARKETING,Mumbai,83160.62,,INACTIVE,bachelors,22/04/2018,7.8,suresh.malik3994@company.com
501844,Suresh Agarwal,58.0,Operations,Mumbai,45979.65,31.8,active,Diploma,2015-07-27,,suresh.agarwal1844@company.com
500303,Ritu Trivedi,40.0,MARKETING,,126497.67,14.6,active,MASTERS,02/03/2017,3.0,ritu.trivedi303@company.com
502814,  Kavita Agarwal  ,39.0,IT,Hyderabad,67430.44,1.9,Inactive,PhD,05/17/2024,7.2,kavita.agarwal2814@company.com
503445,Preeti Mishra,34.0,sales,MUMBAI,119447.46,9.3,,MASTERS,07/12/2017,3.9,preeti.mishra3445@company.com
501584,Arjun Chauhan,27.0,HR,Chennai,88228.95,,INACTIVE,MASTERS,2021-01-02,9.7,arjun.chauhan1584@company.com
502780,Pooja Nanda,39.0,Sales,Lucknow,85416.51,1.8,Active,MASTERS,05/13/2022,,pooja.nanda2780@company.com
501497,Arjun Pandey,38.0,Support,Chennai,125143.42,24.3,Inactive,,03/02/2025,4.2,arjun.pandey1497@company.com
503727,Deepak Pandey,46.0,Support,,68434.97,,Active,Masters,03/04/2022,4.1,deepak.pandey3727@company.com
501245,Rajesh Dixit,58.0,Finance, Delhi,61147.0,32.9,active,MASTERS,10/12/2021,6.3,rajesh.dixit1245@company.com
504714,amit trivedi,47.0,,Lucknow,30529.06,16.6,On Leave,,2020-05-11,9.7,amit.trivedi4714@company.com
501623,Sanjay Ghosh,50.0,HR,Ahmedabad,51432.51,7.1,active,,24-04-2022,7.1,sanjay.ghosh1623@company.com
500724,Vijay Goel,27.0,Logistics,,106955.95,23.0,active,Masters,18-08-2025,4.6,vijay.goel724@company.com
502112,Simran Rastogi,59.0,,Bengaluru,112552.84,2.9,active,MASTERS,21/03/2018,6.8,simran.rastogi2112@company.com
500219,Rahul Yadav,25.0,Logistics,Kolkata,45582.03,20.1,On Leave,Diploma,2015-09-18,,rahul.yadav219@company.com
504367,Neha Sinha,47.0,, Delhi,143588.79,14.0,Inactive,Diploma,01-03-2021,,neha.sinha4367@company.com
501877,Swati Saxena,32.0,Support, Delhi,86266.42,18.1,Inactive,Masters,2023-03-22,5.2,swati.saxena1877@company.com
500606,Isha Bose,47.0,HR, Delhi,117500.72,4.4,Active,,22/09/2018,8.1,isha.bose606@company.com
502383,deepak thakur,28.0,Logistics,,25638.93,23.9,active,,11/02/2025,6.0,deepak.thakur2383@company.com
500513,Suresh Bansal,26.0,MARKETING,,62817.89,21.0,,Diploma,09/27/2022,7.3,suresh.bansal513@company.com
502891,Meena Nanda,39.0,Logistics,,61836.76,22.0,On Leave,PhD,,3.6,meena.nanda2891@company.com
501359,Vikram Pandey,41.0,MARKETING,,20332.28,24.7,On Leave,,04/02/2022,7.9,vikram.pandey1359@company.com
500881,Vijay Malik,29.0,HR,,,19.3,active,Bachelors,04/12/2025,7.1,vijay.malik881@company.com
503926,Arjun Malik,43.0,,bengaluru,42024.58,8.0,INACTIVE,,10/09/2025,3.5,arjun.malik3926@company.com
502313,Arjun Nanda,32.0,Finance,Hyderabad,88875.79,13.5,INACTIVE,Diploma,,5.9,arjun.nanda2313@company.com
502172,MANISH PANDEY,58.0,Operations,Hyderabad,36777.33,23.2,active,Bachelors,08/21/2021,7.1,manish.pandey2172@company.com
500135,Rahul Pandey,27.0,sales,Chennai,24436.97,28.9,active,PhD,14/12/2019,3.2,rahul.pandey135@company.com
502568,Pooja Sinha,29.0,sales,,112445.73,24.3,INACTIVE,bachelors,22-01-2017,8.0,pooja.sinha2568@company.com
501072,Sanjay Mishra,49.0,Sales,bengaluru,142418.49,22.3,Inactive,Masters,15/11/2025,6.6,sanjay.mishra1072@company.com
504786,Rohan Choudhary,29.0,Sales,MUMBAI,81044.91,19.6,INACTIVE,PhD,2019-11-20,,rohan.choudhary4786@company.com
500615,Amit Yadav,43.0,Sales,Mumbai,,31.2,Active,Diploma,05/11/2018,1.4,amit.yadav615@company.com
501062,Ashok Pandey,54.0,IT,,102101.21,2.4,INACTIVE,MASTERS,17/02/2018,,ashok.pandey1062@company.com
502697,Gaurav Malik,27.0,HR,Chennai ,69949.96,7.1,active,Diploma,23/11/2023,3.5,gaurav.malik2697@company.com
500797,Suresh Ghosh,52.0,Marketing,Mumbai,88965.73,18.2,Inactive,,2020-10-18,3.4,suresh.ghosh797@company.com
501771,NISHA BHATIA,42.0,Sales,Jaipur,36711.21,20.1,Inactive,PhD,21/06/2017,3.7,nisha.bhatia1771@company.com
502244,Ashok Agarwal,27.0,Sales,,,20.3,,Masters,04/01/2018,9.6,ashok.agarwal2244@company.com
504136,Karan Bansal,37.0,Logistics,Kolkata,143292.24,21.9,On Leave,,22-11-2015,6.4,karan.bansal4136@company.com
501883,Nisha Agarwal,38.0,IT,Hyderabad,83769.19,23.5,Active,,09/17/2016,3.0,nisha.agarwal1883@company.com
501398,Ashok Rastogi,48.0,it,Hyderabad,116394.53,5.7,active,Diploma,16/12/2017,8.7,ashok.rastogi1398@company.com
502065,Ashok Rastogi,39.0,Sales,Chennai ,111398.15,6.4,,Diploma,2020-12-13,10.0,ashok.rastogi2065@company.com
503972,Amit Agarwal,38.0,Marketing,Chennai,47186.46,30.7,,MASTERS,12/05/2020,7.0,amit.agarwal3972@company.com
502496,  Vikram Bansal  ,49.0,Sales,Kolkata,81036.48,30.8,On Leave,Bachelors,2020-12-06,8.0,vikram.bansal2496@company.com
500801,Meena Dixit,38.0,IT,,145193.84,,On Leave,,07-05-2025,3.5,meena.dixit801@company.com
501975,Ashok Malik,41.0,MARKETING,,40829.15,19.2,INACTIVE,Diploma,2024-06-17,,ashok.malik1975@company.com
501754,Nisha Malik,32.0,sales,,70956.37,31.3,,PhD,2019-12-04,,nisha.malik1754@company.com
501439,amit ghosh,35.0,Support,bengaluru,55187.47,24.5,INACTIVE,MASTERS,09/03/2024,1.5,amit.ghosh1439@company.com
503619,Gaurav Sinha,39.0,,Bengaluru,82251.64,33.3,Inactive,,03/17/2017,10.0,gaurav.sinha3619@company.com
504456,Pooja Saxena,27.0,HR,MUMBAI,78118.89,7.7,Active,MASTERS,2021-05-14,4.8,pooja.saxena4456@company.com
500130,Neha Choudhary,25.0,it,Delhi,100738.2,19.3,On Leave,Bachelors,25-06-2019,8.1,neha.choudhary130@company.com
503183,Swati Pandey,24.0,IT,Delhi,-139162.18,14.3,INACTIVE,Masters,2016-10-17,7.0,swati.pandey3183@company.com
501628,Neha Mishra,40.0,IT,Ahmedabad,125748.09,19.7,active,,03-12-2020,8.2,neha.mishra1628@company.com
501542,Nisha Sinha,34.0,MARKETING,MUMBAI,60099.39,33.0,active,,12-09-2021,2.7,nisha.sinha1542@company.com
500446,sneha saxena,,MARKETING,Chennai ,120222.2,2.5,Inactive,bachelors,18/11/2023,8.1,sneha.saxena446@company.com
501846,Vikram Sinha,30.0,,Bengaluru,69255.8,25.7,,,2024-02-26,5.2,vikram.sinha1846@company.com
501645,Nikhil Agarwal,34.0,Operations,Delhi,47593.74,31.4,On Leave,bachelors,05/13/2018,8.5,nikhil.agarwal1645@company.com
504557,Nisha Pandey,44.0,sales,Hyderabad,,,On Leave,,2022-03-21,2.2,nisha.pandey4557@company.com
504372,SWATI CHAUHAN,40.0,it,Hyderabad,,6.7,Inactive,MASTERS,,8.8,swati.chauhan4372@company.com
500935,Karan Malik,42.0,Marketing,Hyderabad,50392.53,,Inactive,MASTERS,2022-06-22,8.5,karan.malik935@company.com
503439,Nisha Sinha,36.0,Logistics,Bengaluru,123183.6,7.2,On Leave,Masters,04-12-2024,9.9,nisha.sinha3439@company.com
503434,arjun rastogi,58.0,HR,Chennai,94765.63,,Active,,24/04/2018,,arjun.rastogi3434@company.com
502471,ritu thakur,,Logistics,Chennai,117000.39,26.7,INACTIVE,,08/14/2022,7.1,ritu.thakur2471@company.com
501496,Preeti Saxena,29.0,Finance,,28751.47,26.6,INACTIVE,MASTERS,2021-12-11,6.8,preeti.saxena1496@company.com
500110,Simran Chauhan,47.0,Marketing,Delhi,40942.18,21.1,INACTIVE,Diploma,2017-06-02,5.4,simran.chauhan110@company.com
502296,Kavita Khanna,43.0,,Pune,26370.4,2.7,Inactive,bachelors,,5.1,kavita.khanna2296@company.com
503967,Pooja Sinha,43.0,MARKETING,Chennai,41598.65,,,,11-01-2017,1.9,pooja.sinha3967@company.com
500681,ISHA PANDEY,29.0,sales,Mumbai,78774.05,32.9,INACTIVE,Bachelors,05/04/2019,,isha.pandey681@company.com
501633,Nikhil Pandey,30.0,sales,MUMBAI,80284.32,27.1,Inactive,Bachelors,10/24/2015,8.5,nikhil.pandey1633@company.com
500318,Simran Choudhary,42.0,,Mumbai,145002.32,8.0,Active,Masters,11/08/2021,6.3,simran.choudhary318@company.com
500825,Rajesh Rastogi,30.0,it,Delhi,59178.63,12.9,Inactive,Bachelors,01/05/2019,2.7,rajesh.rastogi825@company.com
504086,Ritu Pandey,51.0,Logistics,bengaluru,120293.95,19.9,,Bachelors,15-08-2025,9.1,ritu.pandey4086@company.com
503643,Ashok Malik,41.0,Finance,Mumbai,,22.9,Inactive,Diploma,15-04-2025,1.6,ashok.malik3643@company.com
502916,Sneha Mishra,58.0,Finance,,111477.57,32.8,INACTIVE,bachelors,08-02-2019,9.1,sneha.mishra2916@company.com
503170,Shreya Agarwal,29.0,Operations,Chennai ,126682.36,13.6,active,Diploma,05/19/2022,1.9,shreya.agarwal3170@company.com
501240,Meena Agarwal,31.0,,MUMBAI,24619.33,33.6,On Leave,Masters,2015-10-19,2.1,meena.agarwal1240@company.com
504817,Priya Trivedi,27.0,,Lucknow,118550.03,33.8,,Bachelors,03/15/2016,5.3,priya.trivedi4817@company.com
500231,vikram ghosh,25.0,Finance,Chennai ,68077.43,29.2,,,11/21/2023,1.3,vikram.ghosh231@company.com
504211,Deepak Chauhan,28.0,,MUMBAI,,27.8,,,2025-08-17,6.5,deepak.chauhan4211@company.com
501413,RAHUL BANSAL,24.0,,Jaipur,139433.3,30.2,INACTIVE,bachelors,02-03-2015,7.7,rahul.bansal1413@company.com
503084,NIKHIL DIXIT,23.0,MARKETING,,130969.76,21.3,INACTIVE,,18-04-2024,6.9,
500177,Ritu Pandey,54.0,Support,Mumbai,34980.7,20.9,Inactive,Bachelors,2019-04-14,1.1,ritu.pandey177@company.com
504078,Vikram Thakur,42.0,Logistics,Kolkata,145234.88,30.5,Inactive,,2017-06-20,9.8,vikram.thakur4078@company.com
503406,SWATI BHATIA,26.0,MARKETING,Pune,86897.82,24.1,Inactive,MASTERS,05/03/2025,,swati.bhatia3406@company.com
500572,Pooja Saxena,52.0,,Chennai ,24878.55,17.4,On Leave,MASTERS,05-04-2018,7.8,pooja.saxena572@company.com
504758,Ashok Sinha,28.0,MARKETING,Chennai,112435.65,4.5,On Leave,MASTERS,12/14/2019,3.0,ashok.sinha4758@company.com
502718,Neha Choudhary,51.0,it,Delhi,,3.2,On Leave,bachelors,23-09-2016,3.5,neha.choudhary2718@company.com
502825,Arjun Saxena,50.0,MARKETING,Kolkata,78853.18,8.0,INACTIVE,bachelors,23/04/2024,3.1,arjun.saxena2825@company.com
500917,Vikram Agarwal,48.0,Logistics,Ahmedabad,121278.16,19.4,Active,PhD,2022-02-02,,vikram.agarwal917@company.com
502350,Shreya Khanna,39.0,Finance,Pune,81639.3,15.9,active,Masters,15/10/2022,8.2,shreya.khanna2350@company.com
502394,POOJA DIXIT,34.0,Marketing,Bengaluru,83245.62,15.8,Inactive,Diploma,,1.8,pooja.dixit2394@company.com
503292,Simran Pandey,32.0,Operations,,35818.74,29.6,INACTIVE,Bachelors,02/16/2017,6.3,simran.pandey3292@company.com
503039,Neha Saxena,39.0,,Lucknow,43035.42,26.5,On Leave,Diploma,03/05/2025,5.3,neha.saxena3039@company.com
503970,Manish Nanda,46.0,Marketing,Mumbai,120433.25,9.2,Inactive,PhD,24-04-2017,,manish.nanda3970@company.com
503150,Kavita Sinha,50.0,Support,Chennai ,32752.5,2.7,,,2017-10-27,7.5,kavita.sinha3150@company.com
503399,Simran Dixit,23.0,it,Chennai ,,0.4,Active,,09/05/2015,6.8,simran.dixit3399@company.com
503856,Ashok Bose,57.0,,MUMBAI,106601.17,22.2,active,MASTERS,11-02-2018,2.2,ashok.bose3856@company.com
503992,Sneha Bose,32.0,Sales,,67506.48,29.5,active,Masters,2020-10-02,9.6,sneha.bose3992@company.com
501344,Gaurav Yadav,55.0,MARKETING,Delhi,135123.61,31.0,,PhD,2025-04-05,,gaurav.yadav1344@company.com
500983,Nisha Yadav,22.0,,Chennai,25242.81,23.1,On Leave,Diploma,25-02-2020,2.7,nisha.yadav983@company.com
502553,Rajesh Mishra,36.0,Support,Hyderabad,128341.03,34.0,INACTIVE,,11/16/2019,3.4,rajesh.mishra2553@company.com
500247,Deepak Saxena,,Finance,,97523.82,4.2,Active,,09/27/2018,6.0,deepak.saxena247@company.com
502618,  Sanjay Mishra  ,40.0,,Hyderabad,42266.38,4.0,active,bachelors,2016-09-06,1.0,sanjay.mishra2618@company.com
503618,Swati Bose,,,Ahmedabad,116445.93,11.0,Active,PhD,11-11-2019,3.1,swati.bose3618@company.com
503173,Preeti Thakur,30.0,,Jaipur,24372.82,28.8,On Leave,Masters,02/06/2021,,preeti.thakur3173@company.com
501941,Preeti Agarwal,33.0,,Jaipur,126071.9,22.4,Active,,,2.4,preeti.agarwal1941@company.com
503521,sneha dixit,37.0,sales,Chennai,48776.65,24.1,,Masters,04/07/2016,3.8,sneha.dixit3521@company.com
504739,karan agarwal,36.0,Sales,bengaluru,77889.76,14.3,active,Masters,11/03/2015,2.7,karan.agarwal4739@company.com
504163,Anjali Bose,34.0,Logistics,Jaipur,75155.18,9.7,INACTIVE,bachelors,18/01/2023,2.9,anjali.bose4163@company.com
502360,Nisha Trivedi,50.0,MARKETING,Chennai,139728.74,6.5,active,bachelors,24-01-2019,2.5,nisha.trivedi2360@company.com
501041,Simran Pandey,46.0,it,bengaluru,101678.18,5.5,Inactive,MASTERS,19/05/2023,7.1,simran.pandey1041@company.com
502205,Rajesh Thakur,34.0,,Mumbai,142717.44,11.1,INACTIVE,MASTERS,2022-05-24,3.8,rajesh.thakur2205@company.com
502472,Rajesh Saxena,48.0,Operations,Pune,138195.01,14.0,Inactive,Masters,2022-06-08,3.5,rajesh.saxena2472@company.com
502441,Shreya Ghosh,53.0,Marketing,Ahmedabad,56337.04,28.9,Active,Masters,06-11-2019,2.5,shreya.ghosh2441@company.com
502125,Manish Bhatia,49.0,HR,,30949.59,5.7,Inactive,Bachelors,09/06/2019,6.3,manish.bhatia2125@company.com
501182,Ritu Saxena,,Logistics,Kolkata,125340.77,8.5,On Leave,Diploma,13/01/2022,8.2,ritu.saxena1182@company.com
504233,Suresh Thakur,23.0,Sales,,71190.47,12.4,,MASTERS,05/04/2024,6.1,suresh.thakur4233@company.com
500037,Manish Chauhan,28.0,Operations,Delhi,53024.89,24.4,Inactive,bachelors,17/08/2021,9.6,manish.chauhan37@company.com
500533,Nikhil Pandey,47.0,IT, Delhi,147550.27,20.7,INACTIVE,MASTERS,08-02-2017,9.4,nikhil.pandey533@company.com
500342,Karan Ghosh,40.0,Finance,Hyderabad,80970.67,27.1,On Leave,,15/07/2025,2.1,karan.ghosh342@company.com
503024,Pooja Thakur,53.0,, Delhi,37385.69,34.3,,Bachelors,17/10/2023,7.5,pooja.thakur3024@company.com
502839,sneha sinha,55.0,it,Chennai ,121940.71,19.8,Inactive,,2023-10-21,,sneha.sinha2839@company.com
502880,Manish Sinha,52.0,Support,Pune,,5.9,active,Masters,2019-09-07,6.8,manish.sinha2880@company.com
501175,Swati Pandey,33.0,,Mumbai,138345.14,1.8,active,,2019-05-09,5.5,swati.pandey1175@company.com
501464,Ashok Ghosh,33.0,sales,MUMBAI,135971.2,4.7,INACTIVE,,26/03/2019,,ashok.ghosh1464@company.com
501011,Nikhil Ghosh,49.0,Sales,Chennai,39516.52,2.7,Active,bachelors,12-07-2018,9.2,nikhil.ghosh1011@company.com
501462,Sanjay Khanna,43.0,sales,bengaluru,145674.94,18.8,On Leave,bachelors,2018-09-01,6.2,sanjay.khanna1462@company.com
500561,Ashok Goel,55.0,Support,Bengaluru,63788.48,,INACTIVE,Masters,2020-05-04,6.1,ashok.goel561@company.com
500749,Rahul Bhatia,48.0,,,120711.21,24.8,Active,bachelors,04/27/2019,3.8,rahul.bhatia749@company.com
502118,Manish Trivedi,47.0,it,,66696.88,,active,bachelors,07/23/2023,2.3,manish.trivedi2118@company.com
500203,Priya Mishra,34.0,,Ahmedabad,141386.13,6.9,On Leave,Diploma,02-05-2019,,priya.mishra203@company.com
501684,Vikram Rastogi,,IT,,137758.45,16.0,INACTIVE,Bachelors,09/03/2023,2.5,vikram.rastogi1684@company.com
501958,Preeti Pandey,36.0,Marketing,Hyderabad,83920.97,10.6,INACTIVE,PhD,08-02-2024,2.6,preeti.pandey1958@company.com
503406,SWATI BHATIA,26.0,MARKETING,Pune,86897.82,24.1,Inactive,MASTERS,05/03/2025,,swati.bhatia3406@company.com
500623,Vijay Khanna,58.0,Operations,Chennai,148160.02,13.6,active,MASTERS,27-10-2019,,vijay.khanna623@company.com
502875,Amit Bhatia,27.0,Operations,Hyderabad,116729.43,32.2,On Leave,MASTERS,18-04-2020,,amit.bhatia2875@company.com
503477,Swati Thakur,50.0,,Kolkata,51874.04,32.8,active,Bachelors,2019-03-20,,swati.thakur3477@company.com
504109,Anjali Dixit,30.0,,Delhi,63095.44,16.4,Active,Masters,23-02-2017,8.8,anjali.dixit4109@company.com
504486,Sanjay Rastogi,32.0,HR,bengaluru,125624.15,13.0,active,,06/07/2021,9.3,sanjay.rastogi4486@company.com
502232,Manish Bose,32.0,sales,Chennai ,43979.75,13.7,Inactive,PhD,14-10-2017,5.4,manish.bose2232@company.com
500958,Sneha Bose,52.0,,Hyderabad,121818.4,31.0,On Leave,,2017-02-13,1.5,sneha.bose958@company.com
503633,Isha Mishra,31.0,Marketing,,60679.91,22.7,active,Masters,,9.0,isha.mishra3633@company.com
504203,  Karan Rastogi  ,33.0,IT,,51013.86,,Inactive,Diploma,2021-05-25,1.9,karan.rastogi4203@company.com
504026,Divya Ghosh,39.0,,Delhi,63120.56,12.1,On Leave,MASTERS,2019-01-24,,divya.ghosh4026@company.com
503847,Isha Choudhary,41.0,Finance,,65299.56,15.7,Inactive,,19/03/2023,,isha.choudhary3847@company.com
502306,Simran Trivedi,49.0,,,115543.2,10.4,Active,,2021-08-08,2.3,simran.trivedi2306@company.com
501178,Vijay Saxena,46.0,Marketing,Lucknow,133084.0,1.1,Inactive,,06-08-2016,,vijay.saxena1178@company.com
501782,Divya Malik,,IT,Lucknow,43177.99,10.1,active,Bachelors,04/17/2018,6.3,divya.malik1782@company.com
502209,Ritu Malik,,Logistics,,136602.63,31.6,Active,Bachelors,11/13/2018,7.0,ritu.malik2209@company.com
504803,Arjun Dixit,26.0,Sales,,66633.55,16.8,On Leave,,02/02/2023,,arjun.dixit4803@company.com
502563,Arjun Choudhary,52.0,MARKETING,,71929.59,11.4,Active,,09/26/2015,6.7,arjun.choudhary2563@company.com
501043,  Karan Malik  ,34.0,Support,Mumbai,61242.89,8.1,active,Bachelors,11/16/2016,1.9,karan.malik1043@company.com
500470,Ashok Khanna,21.0,HR,bengaluru,122093.55,21.1,INACTIVE,,2019-11-15,,ashok.khanna470@company.com
504204,Priya Yadav,56.0,Sales,bengaluru,33385.66,1.3,INACTIVE,PhD,16/01/2020,3.0,
502575,Nikhil Ghosh,26.0,MARKETING,Mumbai,,9.4,Active,Masters,05/27/2019,8.4,nikhil.ghosh2575@company.com
501922,Nisha Goel,26.0,HR,Kolkata,25740.0,28.8,INACTIVE,bachelors,02/22/2017,3.2,nisha.goel1922@company.com
500882,anjali bhatia,25.0,sales,Kolkata,102418.85,11.3,Inactive,MASTERS,02-05-2025,,anjali.bhatia882@company.com
504325,Shreya Trivedi,40.0,Operations,bengaluru,25563.83,,INACTIVE,,17/12/2017,4.7,shreya.trivedi4325@company.com
500820,Sneha Bose,26.0,sales,Chennai,96684.62,24.8,INACTIVE,,10-07-2017,3.6,sneha.bose820@company.com
503568,Vijay Chauhan,24.0,sales,MUMBAI,118877.35,20.1,active,,2023-07-09,4.9,vijay.chauhan3568@company.com
504121,Suresh Trivedi,28.0,Support,,93130.79,24.5,,,05-02-2023,1.6,suresh.trivedi4121@company.com
502299,RAHUL SAXENA,56.0,IT, Delhi,116038.26,27.9,INACTIVE,Masters,03/05/2024,7.6,rahul.saxena2299@company.com
503204,Divya Saxena,41.0,HR,,73849.54,12.1,active,PhD,05/04/2017,1.7,divya.saxena3204@company.com
502637,Gaurav Rastogi,45.0,Operations,bengaluru,114723.56,22.5,Inactive,MASTERS,06/18/2020,7.2,gaurav.rastogi2637@company.com
501272,anjali agarwal,23.0,Marketing,,25642.8,9.4,Active,MASTERS,27-10-2016,8.7,anjali.agarwal1272@company.com
500922,ROHAN CHOUDHARY,40.0,Finance,MUMBAI,,23.6,,bachelors,11/26/2021,9.6,rohan.choudhary922@company.com
503682,Divya Thakur,31.0,,Kolkata,35937.13,29.0,INACTIVE,MASTERS,12/18/2024,,divya.thakur3682@company.com
504290,Ashok Goel,57.0,,Kolkata,54990.48,33.1,,,25/09/2023,6.6,ashok.goel4290@company.com
501330,  Rajesh Bhatia  ,55.0,Logistics,,123728.81,29.2,Active,PhD,05/21/2016,,rajesh.bhatia1330@company.com
500990,Vijay Chauhan,52.0,Support,Chennai,41099.88,23.1,Active,bachelors,07/12/2021,,vijay.chauhan990@company.com
504075,Rohan Bhatia,35.0,sales,Ahmedabad,94145.96,23.8,active,MASTERS,13-11-2021,,rohan.bhatia4075@company.com
502691,Simran Pandey,23.0,MARKETING,Mumbai,126229.12,33.2,active,Bachelors,2022-04-10,2.8,simran.pandey2691@company.com
504738,Ritu Agarwal,56.0,IT,,51459.25,20.3,active,Bachelors,04/03/2021,,ritu.agarwal4738@company.com
500229,Karan Malik,27.0,Support,Ahmedabad,107975.01,28.9,,Bachelors,08-11-2024,8.3,karan.malik229@company.com
501103,Anjali Bansal,44.0,IT,bengaluru,42157.43,12.9,INACTIVE,bachelors,06/12/2015,2.2,anjali.bansal1103@company.com
503991,Nisha Agarwal,59.0,Finance,Kolkata,30890.04,18.7,Inactive,bachelors,20-06-2024,,nisha.agarwal3991@company.com
503931,Deepak Bhatia,47.0,MARKETING,Chennai,47595.47,23.5,active,PhD,10-04-2017,2.1,deepak.bhatia3931@company.com
504748,Priya Sinha,46.0,sales,,122425.19,,,Diploma,2025-01-18,9.4,priya.sinha4748@company.com
500788,Sneha Ghosh,49.0,Sales,,53339.55,30.7,,Masters,2018-07-18,1.2,sneha.ghosh788@company.com
502037,Pooja Rastogi,26.0,Marketing,Delhi,142517.07,23.0,Active,MASTERS,08/24/2025,4.9,
502425,SNEHA BOSE,21.0,Operations,Chennai,83259.18,26.8,,MASTERS,19-03-2018,1.0,sneha.bose2425@company.com
502339,Suresh Bose,49.0,IT,Bengaluru,104307.54,3.3,,Diploma,2015-09-04,6.8,suresh.bose2339@company.com
500850,Priya Yadav,40.0,sales,Chennai ,108189.82,20.8,On Leave,Masters,2025-01-14,5.7,priya.yadav850@company.com
504654,Manish Bhatia,50.0,Sales,Hyderabad,41789.61,8.5,Active,bachelors,11/16/2021,1.2,manish.bhatia4654@company.com
503452,Meena Sinha,30.0,Support,Lucknow,,3.8,Inactive,bachelors,26/05/2016,4.0,meena.sinha3452@company.com
502522,Preeti Thakur,22.0,Operations,bengaluru,,34.7,Inactive,Diploma,18/12/2024,,preeti.thakur2522@company.com
500480,Suresh Ghosh,32.0,Marketing,,39920.67,21.3,On Leave,Masters,2024-07-09,7.1,suresh.ghosh480@company.com
500671,Simran Bhatia,44.0,MARKETING,,116793.46,2.4,Inactive,Bachelors,2021-04-17,9.4,simran.bhatia671@company.com
500918,Swati Choudhary,34.0,IT,,120133.44,27.6,,MASTERS,,3.3,swati.choudhary2320@company.com
504542,nisha yadav,55.0,Support,Lucknow,137471.43,22.3,active,Bachelors,18/02/2018,4.7,nisha.yadav4542@company.com
504719,gaurav thakur,21.0,Logistics, Delhi,35792.86,33.9,,,20-07-2016,3.6,gaurav.thakur4719@company.com
502511,Amit Ghosh,44.0,,,41100.89,23.9,,MASTERS,19/01/2017,5.8,amit.ghosh2511@company.com
502859,Isha Thakur,58.0,MARKETING,Ahmedabad,90647.16,14.9,On Leave,PhD,15-12-2020,7.6,isha.thakur2859@company.com
504451,Ashok Thakur,50.0,,,148855.45,25.8,active,Diploma,2015-04-25,6.0,ashok.thakur4451@company.com
502284,Neha Thakur,55.0,MARKETING,MUMBAI,60652.04,20.5,Active,bachelors,2015-09-25,1.9,neha.thakur2284@company.com
504983,Gaurav Bansal,52.0,,bengaluru,129538.91,,Active,,27/10/2016,7.2,gaurav.bansal4983@company.com
502148,Rahul Dixit,49.0,it,MUMBAI,137529.45,,active,,2015-09-01,7.1,rahul.dixit2148@company.com
504213,Sneha Bose,48.0,Sales,bengaluru,23958.02,0.3,INACTIVE,Masters,10/25/2019,1.5,sneha.bose4213@company.com
502712,GAURAV SAXENA,27.0,Support,bengaluru,85118.46,23.0,,Diploma,04/15/2021,9.5,gaurav.saxena2712@company.com
501211,Manish Yadav,28.0,Logistics,Pune,108636.62,28.5,active,,03/10/2023,,manish.yadav1211@company.com
501698,Nisha Bansal,34.0,sales,Jaipur,40182.17,5.2,Active,PhD,10/09/2016,8.1,nisha.bansal1698@company.com
503557,Ashok Bhatia,27.0,,Jaipur,61888.36,7.5,On Leave,PhD,2017-02-14,5.9,ashok.bhatia3557@company.com
501621,Deepak Malik,34.0,sales,Jaipur,76227.35,6.4,On Leave,bachelors,09/19/2023,9.7,deepak.malik1621@company.com
500266,Deepak Yadav,50.0,Finance,Ahmedabad,136545.69,9.0,,,22-01-2024,5.3,deepak.yadav266@company.com
503610,PRIYA MALIK,45.0,HR,MUMBAI,133069.7,27.2,Inactive,MASTERS,01/08/2025,6.8,priya.malik3610@company.com
503672,Preeti Bansal,,it,Bengaluru,85739.43,32.5,active,Masters,20-10-2022,9.1,preeti.bansal3672@company.com
503299,Karan Pandey,37.0,sales,Delhi,143045.73,19.8,On Leave,Masters,08/11/2023,2.0,karan.pandey3299@company.com
503285,Arjun Agarwal,41.0,IT,bengaluru,133058.49,31.4,Inactive,Diploma,04/08/2023,9.6,arjun.agarwal3285@company.com
503591,Neha Agarwal,21.0,Support,Bengaluru,42400.65,7.6,active,Diploma,,9.8,neha.agarwal3591@company.com
502763,gaurav sinha,27.0,Logistics,Chennai,32540.08,17.0,On Leave,bachelors,23-04-2018,3.3,gaurav.sinha2763@company.com
502191,Simran Saxena,52.0,Support,Pune,132000.57,9.9,Active,Diploma,12-04-2022,3.4,simran.saxena2191@company.com
503335,  Amit Sinha  ,26.0,it,bengaluru,141539.37,13.7,Active,MASTERS,,5.5,amit.sinha3335@company.com
501923,Rahul Choudhary,54.0,,Lucknow,60650.33,28.1,active,PhD,2019-10-21,8.8,rahul.choudhary1923@company.com
504771,shreya choudhary,30.0,,Pune,62773.95,8.1,Inactive,,04/13/2025,3.5,shreya.choudhary4771@company.com
501165,Kavita Pandey,54.0,, Delhi,84417.58,23.0,Active,Diploma,17-09-2021,2.7,kavita.pandey1165@company.com
501729,Nisha Khanna,,,Chennai,130984.46,13.3,Active,Masters,23/04/2015,4.7,nisha.khanna1729@company.com
502189,Karan Nanda,47.0,sales,Delhi,,14.5,On Leave,,03/03/2015,8.1,karan.nanda2189@company.com
500356,anjali dixit,57.0,Finance,,145357.29,26.3,Active,Masters,02/12/2025,5.6,anjali.dixit356@company.com
502673,Preeti Nanda,26.0,MARKETING,Ahmedabad,67770.77,16.5,active,Diploma,19-12-2021,2.1,preeti.nanda2673@company.com
504643,Swati Trivedi,55.0,,bengaluru,124418.56,9.5,INACTIVE,MASTERS,07/10/2020,,swati.trivedi4643@company.com
503394,Karan Bhatia,57.0,, Delhi,92838.35,16.2,Inactive,PhD,26/04/2018,,karan.bhatia3394@company.com
501331,Preeti Nanda,37.0,Support,Chennai ,147156.18,3.6,Inactive,Diploma,04/07/2021,8.6,preeti.nanda1331@company.com
502002,Ashok Khanna,38.0,Logistics,Pune,,24.6,On Leave,Bachelors,01/22/2025,6.0,ashok.khanna2002@company.com
503201,Rajesh Malik,29.0,IT,,49079.11,23.7,INACTIVE,,2020-02-02,6.3,rajesh.malik3201@company.com
500923,Deepak Ghosh,42.0,,Kolkata,47708.85,28.1,On Leave,Diploma,18-09-2022,2.0,deepak.ghosh923@company.com
500017,  Vikram Rastogi  ,50.0,HR,Kolkata,64519.38,14.4,On Leave,Bachelors,2023-02-14,3.6,vikram.rastogi17@company.com
503278,shreya yadav,24.0,it,,124287.14,14.9,Active,,2020-02-24,3.0,shreya.yadav3278@company.com
503708,Isha Bansal,44.0,Marketing,,76014.71,13.5,,Diploma,13-12-2015,6.0,isha.bansal3708@company.com
503923,  Isha Mishra  ,45.0,MARKETING,Bengaluru,41319.01,20.2,Inactive,Bachelors,08/02/2024,4.2,isha.mishra3923@company.com
501428,Sneha Trivedi,29.0,IT,Pune,141074.39,26.6,Active,Masters,23/10/2015,6.2,sneha.trivedi1428@company.com
501719,Preeti Chauhan,31.0,MARKETING,,,19.0,On Leave,MASTERS,2019-07-06,4.5,preeti.chauhan1719@company.com
501533,Sanjay Agarwal,54.0,sales,Lucknow,102559.58,5.9,,Diploma,20-05-2024,2.5,sanjay.agarwal1533@company.com
500925,Swati Goel,50.0,Finance,Chennai,107736.19,14.8,On Leave,,2022-11-19,1.3,swati.goel925@company.com
504406,Sneha Nanda,23.0,Finance,MUMBAI,96689.9,,INACTIVE,PhD,03/16/2019,6.4,sneha.nanda4406@company.com
503490,Amit Mishra,41.0,Support,,52088.85,23.4,Active,PhD,2021-01-11,9.7,amit.mishra3490@company.com
500592,Priya Thakur,53.0,,Ahmedabad,43493.7,13.2,INACTIVE,Diploma,02-12-2024,,priya.thakur592@company.com
504433,Swati Bansal,43.0,it,,63583.78,14.2,Active,Diploma,2025-02-26,6.9,swati.bansal4433@company.com
501810,deepak bansal,52.0,Support,MUMBAI,86261.46,18.1,,PhD,2016-08-23,4.3,deepak.bansal1810@company.com
503480,Rajesh Chauhan,32.0,,,61783.73,15.1,INACTIVE,Bachelors,,5.5,rajesh.chauhan3480@company.com
504120,Arjun Nanda,52.0,IT,Jaipur,76494.92,11.6,Inactive,MASTERS,2015-04-03,5.8,arjun.nanda4120@company.com
502102,MEENA NANDA,31.0,,Jaipur,103130.72,3.7,active,MASTERS,,8.5,meena.nanda2102@company.com
501102,Karan Saxena,40.0,Operations,Bengaluru,114464.14,19.4,INACTIVE,MASTERS,18/02/2021,1.7,karan.saxena1102@company.com
503020,  Deepak Mishra  ,24.0,MARKETING,,113482.62,7.4,,bachelors,13/08/2019,6.9,deepak.mishra3020@company.com
501367,Arjun Sinha,21.0,sales,Chennai,60529.26,16.6,Active,,16/01/2025,4.5,arjun.sinha1367@company.com
502518,Meena Rastogi,55.0,Finance,Delhi,88814.08,17.1,INACTIVE,Masters,2016-09-21,7.0,meena.rastogi2518@company.com
503405,Rajesh Rastogi,24.0,Support,bengaluru,137964.02,7.0,active,Diploma,01/03/2016,9.5,
502571,Vikram Agarwal,36.0,Operations,Hyderabad,94168.82,22.4,active,Masters,2017-01-23,8.7,vikram.agarwal2571@company.com
504416,Anjali Trivedi,31.0,Sales,Pune,132275.99,2.1,On Leave,Bachelors,06/14/2015,8.4,anjali.trivedi4416@company.com
503454,Suresh Yadav,54.0,Sales,,134153.94,8.1,On Leave,Bachelors,24-06-2025,4.0,suresh.yadav3454@company.com
502722,Rahul Choudhary,33.0,IT,,98207.65,12.9,INACTIVE,PhD,2022-02-14,7.3,
501610,Sneha Pandey,29.0,IT,,73541.47,17.3,active,Bachelors,11/11/2022,2.1,sneha.pandey1610@company.com
500745,ANJALI RASTOGI,52.0,sales,MUMBAI,143258.59,17.6,active,,2024-05-05,,anjali.rastogi745@company.com
502005,suresh mishra,37.0,sales,Jaipur,79299.77,4.8,INACTIVE,Diploma,2025-08-13,5.5,suresh.mishra2005@company.com
504465,Rahul Khanna,49.0,IT,Chennai ,,11.2,INACTIVE,Bachelors,2018-01-20,7.3,rahul.khanna4465@company.com
502410,Swati Agarwal,58.0,it,Hyderabad,21045.17,23.6,,bachelors,09/06/2024,4.1,swati.agarwal2410@company.com
500302,Anjali Ghosh,25.0,Sales,,39136.67,17.7,Inactive,Masters,2023-12-22,7.0,anjali.ghosh302@company.com
503913,SURESH GHOSH,56.0,HR,,45661.15,8.5,active,Masters,2019-11-13,9.3,suresh.ghosh3913@company.com
504661,Arjun Chauhan,58.0,Sales,Hyderabad,28938.23,,Active,bachelors,07/05/2024,1.1,arjun.chauhan4661@company.com
501232,Kavita Nanda,52.0,Sales,,79570.19,1.3,Active,,07-10-2019,2.1,kavita.nanda1232@company.com
501287,Pooja Dixit,46.0,Sales,Pune,85922.71,,,,2020-03-12,5.8,pooja.dixit1287@company.com
500122,Arjun Ghosh,27.0,Support,,,7.0,Active,,17-04-2020,2.5,arjun.ghosh122@company.com
500853,  Vijay Trivedi  ,43.0,Marketing,bengaluru,101644.22,4.9,INACTIVE,Bachelors,07/05/2018,7.1,vijay.trivedi853@company.com
502487,Swati Khanna,23.0,MARKETING,,62964.68,18.2,INACTIVE,bachelors,2020-09-24,2.8,swati.khanna2487@company.com
504751,Sneha Ghosh,46.0,sales,Hyderabad,128469.01,23.3,Inactive,,2021-03-13,3.3,sneha.ghosh4751@company.com
502652,Vikram Bansal,52.0,,Hyderabad,79949.06,6.4,Active,Diploma,14/12/2018,6.2,vikram.bansal2652@company.com
504596,Anjali Trivedi,39.0,Marketing,,70454.71,9.1,Active,,18/12/2015,8.2,anjali.trivedi4596@company.com
500007,Preeti Yadav,50.0,IT,,33370.17,24.6,,Bachelors,20-03-2018,1.6,preeti.yadav7@company.com
503196,Sanjay Choudhary,23.0,Marketing,Mumbai,80553.7,7.1,,Bachelors,17-12-2019,5.5,sanjay.choudhary3196@company.com
504610,Shreya Saxena,28.0,MARKETING,Bengaluru,80272.07,33.2,INACTIVE,MASTERS,03/03/2015,,shreya.saxena4610@company.com
504080,Nisha Dixit,30.0,it,Chennai ,71346.73,,Active,MASTERS,2016-06-01,2.5,nisha.dixit4080@company.com
502707,shreya malik,45.0,Logistics,Kolkata,114088.83,8.6,Active,bachelors,2016-01-08,9.7,shreya.malik2707@company.com
500537,NISHA DIXIT,,Marketing,Lucknow,102808.68,21.5,,,2020-09-27,2.6,nisha.dixit537@company.com
501180,nikhil goel,,sales, Delhi,107094.94,0.1,Active,bachelors,22/12/2018,3.2,nikhil.goel1180@company.com
500589,Karan Khanna,37.0,MARKETING,Jaipur,104844.63,,Inactive,PhD,21-03-2019,5.1,karan.khanna589@company.com
504816,Nikhil Bose,30.0,IT,bengaluru,103675.2,19.2,active,Bachelors,11/26/2015,4.5,nikhil.bose4816@company.com
501759,suresh yadav,50.0,it,Mumbai,122753.22,13.4,INACTIVE,bachelors,05/23/2017,5.8,suresh.yadav1759@company.com
501461,Priya Chauhan,51.0,Support,Chennai ,114926.72,11.0,Active,Masters,11/06/2016,7.1,priya.chauhan1461@company.com
500933,Manish Nanda,51.0,Operations,,146340.42,14.2,active,PhD,17-09-2018,,manish.nanda933@company.com
503953,Arjun Ghosh,23.0,HR, Delhi,62466.59,26.1,active,MASTERS,12/08/2021,7.3,arjun.ghosh3953@company.com
502503,Sanjay Trivedi,41.0,,Chennai,41456.13,9.0,Active,Bachelors,10/09/2025,3.3,sanjay.trivedi2503@company.com
503324,Nikhil Bansal,32.0,Support,Kolkata,,15.3,active,Bachelors,01/02/2021,2.3,nikhil.bansal3324@company.com
502269,Arjun Khanna,56.0,sales,,57570.64,,Inactive,MASTERS,14/09/2016,9.4,arjun.khanna2269@company.com
503669,Isha Dixit,54.0,Marketing, Delhi,115238.24,17.0,active,Diploma,,5.8,isha.dixit3669@company.com
504579,Swati Saxena,,Marketing,Chennai ,144580.15,12.1,INACTIVE,MASTERS,10/05/2019,7.1,swati.saxena4579@company.com
504006,Nisha Thakur,55.0,Support,Hyderabad,99989.44,10.5,On Leave,MASTERS,21-06-2020,4.5,nisha.thakur4006@company.com
502668,Neha Goel,24.0,Marketing,Jaipur,33831.56,24.3,INACTIVE,Bachelors,2015-01-11,8.9,neha.goel2668@company.com
501647,Preeti Thakur,58.0,HR,Delhi,37984.12,21.1,INACTIVE,bachelors,2019-06-09,1.5,preeti.thakur1647@company.com
504300,Vijay Pandey,45.0,Finance,MUMBAI,130652.32,14.9,Active,,22-08-2025,,vijay.pandey4300@company.com
502550,Rahul Pandey,34.0,Operations,MUMBAI,26214.68,2.9,,MASTERS,17/06/2019,8.1,rahul.pandey2550@company.com
504508,  Suresh Bhatia  ,40.0,Finance,Jaipur,30435.03,32.8,Inactive,PhD,20/12/2024,7.0,suresh.bhatia4508@company.com
500316,Arjun Malik,36.0,Logistics,MUMBAI,74497.9,17.9,active,Masters,08/04/2023,7.8,arjun.malik316@company.com
504973,Sanjay Yadav,52.0,Operations, Delhi,122569.29,29.4,Inactive,,18-12-2022,2.0,sanjay.yadav4973@company.com
504717,Rajesh Nanda,56.0,IT,bengaluru,125531.4,9.1,active,bachelors,17/12/2017,5.0,rajesh.nanda4717@company.com
503437,Ashok Bansal,50.0,,Ahmedabad,56923.92,33.4,Inactive,MASTERS,,9.8,ashok.bansal3437@company.com
500145,Suresh Pandey,37.0,Sales,Jaipur,33584.32,28.9,Active,,09/09/2020,,suresh.pandey145@company.com
501098,Sanjay Rastogi,39.0,sales, Delhi,,4.1,,bachelors,09-11-2024,9.4,sanjay.rastogi1098@company.com
504247,Isha Ghosh,38.0,, Delhi,33039.08,6.2,On Leave,bachelors,18/11/2022,4.4,isha.ghosh4247@company.com
503942,Preeti Thakur,53.0,IT,MUMBAI,110936.83,17.2,Inactive,Masters,16/11/2015,,preeti.thakur3942@company.com
500449,Sanjay Bose,35.0,,,-51072.5,7.5,active,Diploma,10/05/2019,2.0,sanjay.bose449@company.com
503731,Sanjay Saxena,53.0,it,,115435.08,18.8,Inactive,bachelors,,4.1,sanjay.saxena3731@company.com
504693,Sanjay Choudhary,30.0,,,129649.82,1.0,Inactive,Diploma,2016-02-08,6.8,sanjay.choudhary4693@company.com
504635,Vikram Saxena,37.0,Sales, Delhi,85121.11,7.0,Inactive,MASTERS,11/11/2016,8.8,vikram.saxena4635@company.com
501220,Sneha Agarwal,48.0,Sales, Delhi,66057.9,23.4,Inactive,PhD,2024-08-19,,sneha.agarwal1220@company.com
502543,Meena Pandey,21.0,Logistics, Delhi,,28.5,Active,Bachelors,2019-06-11,4.0,meena.pandey2543@company.com
502351,Suresh Mishra,58.0,Marketing,,,28.2,Inactive,,2023-02-23,2.2,suresh.mishra2351@company.com
501756,  Rajesh Bhatia  ,50.0,Operations, Delhi,92405.59,28.6,INACTIVE,Diploma,2020-05-14,9.7,rajesh.bhatia1756@company.com
503140,Rohan Dixit,25.0,Sales,Kolkata,85503.47,,active,Bachelors,14/04/2023,3.7,rohan.dixit3140@company.com
501582,Priya Thakur,45.0,Support,Kolkata,86053.21,35.0,Inactive,bachelors,02/02/2020,3.7,priya.thakur1582@company.com
504175,Swati Goel,29.0,Marketing,Mumbai,73579.72,7.5,Inactive,,09/17/2018,4.4,
504442,Priya Dixit,57.0,Marketing,,,30.8,Active,,07/02/2021,,priya.dixit4442@company.com
500202,Nikhil Thakur,32.0,,Pune,92092.23,5.9,On Leave,Bachelors,2022-03-03,,nikhil.thakur202@company.com
501745,Karan Saxena,48.0,it,Chennai,27145.29,,Inactive,Bachelors,27-12-2015,6.0,karan.saxena1745@company.com
503002,Meena Mishra,56.0,IT,,27643.93,27.0,Inactive,PhD,20-12-2017,9.5,meena.mishra3002@company.com
501432,Ritu Sinha,31.0,Support,Lucknow,90920.36,2.8,INACTIVE,Masters,06-09-2015,1.9,ritu.sinha1432@company.com
502558,Nikhil Bose,59.0,sales,Ahmedabad,83868.99,10.0,active,,03-11-2017,8.6,nikhil.bose2558@company.com
504852,Divya Ghosh,26.0,,Delhi,,28.4,Inactive,Masters,21/11/2024,8.1,divya.ghosh4852@company.com
502548,Ritu Rastogi,49.0,Sales,Ahmedabad,,24.2,INACTIVE,MASTERS,05/11/2016,6.4,ritu.rastogi2548@company.com
504604,GAURAV SINHA,48.0,Sales,Jaipur,41233.65,31.9,On Leave,MASTERS,,3.8,gaurav.sinha4604@company.com
500582,Rohan Agarwal,26.0,Finance,,99426.1,3.6,active,Masters,03/27/2016,4.5,rohan.agarwal582@company.com
500708,Simran Rastogi,23.0,Marketing,bengaluru,41060.96,,INACTIVE,MASTERS,22-04-2021,4.5,simran.rastogi708@company.com
503607,RAJESH MALIK,26.0,it,Hyderabad,66637.63,33.1,Inactive,PhD,24/10/2015,1.8,rajesh.malik3607@company.com
503870,Priya Bansal,43.0,Sales,Ahmedabad,147202.44,21.4,,bachelors,2025-07-22,3.9,priya.bansal3870@company.com
502196,Neha Nanda,36.0,Operations,MUMBAI,121267.76,12.1,Active,bachelors,13-06-2024,2.8,neha.nanda2196@company.com
501916,Shreya Goel,28.0,MARKETING,,71450.37,16.8,INACTIVE,MASTERS,01/11/2025,3.2,shreya.goel1916@company.com
503824,Shreya Bhatia,31.0,HR,Chennai ,,22.0,On Leave,,22-04-2024,3.8,shreya.bhatia3824@company.com
500332,rohan malik,28.0,IT,bengaluru,24439.34,22.6,,PhD,03/09/2023,9.3,rohan.malik332@company.com
504073,Meena Saxena,23.0,,bengaluru,94656.67,33.4,,,2020-01-16,8.9,meena.saxena4073@company.com
504210,Sneha Bose,25.0,MARKETING,,50135.61,17.1,On Leave,Diploma,2023-12-02,7.6,sneha.bose4210@company.com
501832,SWATI SINHA,25.0,Operations,Mumbai,124619.22,32.0,Inactive,Bachelors,2023-02-07,2.8,swati.sinha1832@company.com
501669,Ritu Choudhary,30.0,Operations,Bengaluru,88292.97,31.5,,MASTERS,2015-04-05,,ritu.choudhary1669@company.com
500857,Rajesh Saxena,32.0,Finance,Hyderabad,87680.42,35.0,INACTIVE,,2020-04-09,3.7,rajesh.saxena857@company.com
502685,vijay malik,27.0,Logistics, Delhi,26194.05,32.6,Active,,08/03/2016,8.5,vijay.malik2685@company.com
504285,Priya Goel,59.0,Logistics,Pune,55673.07,12.6,Active,PhD,03/05/2016,6.8,priya.goel4285@company.com
502050,Preeti Trivedi,40.0,Marketing,,60818.53,9.8,Active,PhD,17/11/2020,6.6,preeti.trivedi2050@company.com
504065,RAHUL NANDA,38.0,MARKETING,,,,Inactive,Bachelors,10/24/2019,,rahul.nanda4065@company.com
501627,Priya Ghosh,21.0,Finance,bengaluru,144156.61,15.1,Inactive,Diploma,16-03-2016,8.6,priya.ghosh1627@company.com
500478,Suresh Rastogi,53.0,Sales,Jaipur,31514.93,30.2,INACTIVE,,2020-03-02,1.9,suresh.rastogi478@company.com
500035,Deepak Nanda,42.0,,bengaluru,48103.0,26.4,,,02/07/2024,5.2,deepak.nanda35@company.com
500746,Kavita Mishra,26.0,it,,103509.09,33.5,Inactive,,04/26/2025,,kavita.mishra746@company.com
502155,Rahul Saxena,22.0,Sales,bengaluru,103419.56,22.9,Active,bachelors,09/06/2023,3.5,rahul.saxena2155@company.com
503030,Vikram Bhatia,38.0,IT,Delhi,90901.83,32.8,,Diploma,19-06-2016,6.5,vikram.bhatia3030@company.com
502132,Rajesh Bansal,29.0,it,Jaipur,21318.26,31.8,,,01/13/2020,6.4,rajesh.bansal2132@company.com
503426,Preeti Bhatia,48.0,Sales,bengaluru,112530.38,,Inactive,PhD,04/07/2021,3.9,preeti.bhatia3426@company.com
504805,Sneha Mishra,28.0,,Pune,148681.21,,active,PhD,20/09/2016,7.7,sneha.mishra4805@company.com
503627,GAURAV BHATIA,54.0,,Lucknow,104038.92,31.4,,,10/07/2019,6.8,
504924,Preeti Bose,38.0,IT,,132174.1,6.5,active,,,4.2,preeti.bose4924@company.com
503917,Ritu Agarwal,24.0,Logistics,,113192.12,35.0,active,,11/14/2025,7.2,ritu.agarwal3917@company.com
504389,Karan Pandey,56.0,HR,Pune,141156.44,21.9,Inactive,PhD,,8.3,karan.pandey4389@company.com
502211,Preeti Yadav,41.0,,MUMBAI,64764.62,,On Leave,Masters,2018-10-23,1.2,preeti.yadav2211@company.com
500955,Divya Rastogi,50.0,MARKETING,Bengaluru,41547.46,27.8,INACTIVE,Diploma,01/07/2024,7.7,divya.rastogi955@company.com
500103,Ashok Bhatia,54.0,it,,56451.11,23.3,Inactive,Masters,2025-07-23,5.0,ashok.bhatia103@company.com
503898,Neha Thakur,23.0,,Mumbai,55217.91,25.2,On Leave,Diploma,2017-10-18,4.2,neha.thakur3898@company.com
503784,Gaurav Malik,48.0,HR,Bengaluru,,18.4,Active,bachelors,06-07-2025,2.6,gaurav.malik3784@company.com
503561,Kavita Khanna,31.0,,Mumbai,58360.84,,Active,Bachelors,2015-02-13,2.9,kavita.khanna3561@company.com
503298,Ritu Ghosh,54.0,Sales,Delhi,108558.57,24.7,active,Bachelors,,6.2,ritu.ghosh3298@company.com
504871,Simran Nanda,47.0,IT,Chennai ,,3.6,Active,Diploma,17/07/2016,2.0,simran.nanda4871@company.com
501264,Simran Nanda,36.0,Operations,Bengaluru,,22.0,active,bachelors,26/04/2025,5.9,simran.nanda1264@company.com
500145,Suresh Pandey,37.0,Sales,Jaipur,33584.32,28.9,Active,,09/09/2020,,suresh.pandey145@company.com
504938,Rajesh Ghosh,49.0,Operations,Delhi,122434.43,13.6,On Leave,bachelors,03/05/2017,2.8,rajesh.ghosh4938@company.com
500013,Sneha Malik,24.0,IT,Kolkata,51212.55,5.7,active,PhD,04/06/2021,1.8,sneha.malik13@company.com
501737,AMIT NANDA,58.0,it,MUMBAI,,10.7,active,,08/05/2021,,amit.nanda1737@company.com
501449,Nisha Saxena,40.0,Sales,,94057.26,2.0,active,,16-09-2025,,nisha.saxena1449@company.com
502853,Pooja Mishra,40.0,,Ahmedabad,83884.74,25.0,active,,2025-07-24,9.2,pooja.mishra2853@company.com
504223,Manish Ghosh,42.0,,Bengaluru,135342.62,17.9,INACTIVE,Masters,24-04-2024,7.3,manish.ghosh4223@company.com
501353,Pooja Choudhary,59.0,Finance,Pune,148820.73,2.3,active,Bachelors,14-04-2019,8.2,pooja.choudhary1353@company.com
500558,SIMRAN NANDA,30.0,IT,bengaluru,130100.68,29.1,,,08-09-2019,9.1,simran.nanda558@company.com
504651,Nikhil Ghosh,24.0,Marketing,Lucknow,123856.58,25.2,active,Diploma,09-07-2015,9.0,nikhil.ghosh4651@company.com
501329,Preeti Thakur,32.0,,Delhi,49957.77,,On Leave,MASTERS,18-12-2019,1.9,preeti.thakur1329@company.com
502622,Manish Nanda,21.0,,Ahmedabad,128441.45,10.5,Inactive,MASTERS,2021-09-13,9.9,manish.nanda2622@company.com
504150,Swati Agarwal,26.0,Finance,bengaluru,111429.44,31.2,On Leave,Masters,02/10/2018,3.6,swati.agarwal4150@company.com
504741,Nisha Ghosh,32.0,Finance,Mumbai,96120.22,15.9,INACTIVE,bachelors,05/09/2018,7.0,nisha.ghosh4741@company.com
500670,Vikram Yadav,48.0,it,Mumbai,25927.73,8.0,,PhD,21/12/2020,2.4,vikram.yadav670@company.com
504045,vikram yadav,30.0,, Delhi,,6.3,INACTIVE,Masters,12-12-2019,8.8,vikram.yadav4045@company.com
502669,Ashok Ghosh,,Logistics,Mumbai,,23.5,Inactive,MASTERS,2016-10-04,6.3,ashok.ghosh2669@company.com
500474,shreya choudhary,45.0,, Delhi,133298.95,9.8,Inactive,,05/10/2025,9.5,shreya.choudhary474@company.com
502117,Suresh Choudhary,26.0,Sales,Lucknow,65922.93,11.4,INACTIVE,Diploma,26/02/2020,7.6,suresh.choudhary2117@company.com
502715,Rohan Chauhan,59.0,IT,Mumbai,23286.34,18.5,Active,Diploma,11/16/2020,9.1,rohan.chauhan2715@company.com
501930,Rahul Bansal,35.0,it,Kolkata,147993.03,6.8,Active,MASTERS,06-04-2019,3.0,rahul.bansal1930@company.com
500383,Priya Mishra,50.0,it,bengaluru,90543.37,21.5,active,,10/25/2017,8.8,priya.mishra383@company.com
503974,Ritu Goel,41.0,HR,Mumbai,83095.83,30.8,active,bachelors,2016-05-14,8.3,ritu.goel3974@company.com
503332,NIKHIL KHANNA,51.0,Sales,Chennai ,142546.29,3.9,active,bachelors,03-08-2023,8.3,nikhil.khanna3332@company.com
503423,Meena Malik,30.0,IT,Jaipur,88190.4,8.6,Active,Masters,15-09-2020,8.6,meena.malik3423@company.com
503296,Ashok Khanna,46.0,MARKETING, Delhi,63989.01,29.2,Active,,16/06/2015,3.5,ashok.khanna3296@company.com
503193,Arjun Saxena,26.0,Logistics,Jaipur,84035.38,17.2,Active,Masters,,3.2,arjun.saxena3193@company.com
500612,Neha Nanda,44.0,MARKETING, Delhi,80679.73,12.1,Active,Bachelors,2018-09-05,7.6,neha.nanda612@company.com
504377,Shreya Nanda,22.0,Marketing,Pune,99044.96,27.8,Inactive,,10/03/2015,3.6,shreya.nanda4377@company.com
502900,Nikhil Mishra,51.0,MARKETING,Delhi,66362.7,16.3,,Diploma,04-10-2017,5.3,nikhil.mishra2900@company.com
504582,Gaurav Ghosh,36.0,,Chennai,81369.8,22.1,On Leave,,2020-06-14,,gaurav.ghosh4582@company.com
500984,manish sinha,54.0,Sales,Lucknow,123200.22,28.5,Active,,,,manish.sinha984@company.com
502564,Karan Agarwal,23.0,Logistics,Chennai,112519.33,15.0,INACTIVE,Masters,03/24/2023,1.8,karan.agarwal2564@company.com
501244,Pooja Bose,55.0,IT,Kolkata,78804.55,24.6,Inactive,,12/15/2018,9.0,pooja.bose1244@company.com
500721,ANJALI MISHRA,30.0,,,148958.99,10.1,Inactive,Masters,26/09/2017,9.7,anjali.mishra721@company.com
504454,Suresh Rastogi,52.0,Marketing,bengaluru,126168.7,26.4,Active,Masters,,1.6,suresh.rastogi4454@company.com
500712,meena yadav,21.0,MARKETING,Jaipur,97696.0,14.7,active,Diploma,16-12-2022,3.2,meena.yadav712@company.com
501197,nikhil goel,40.0,Sales,MUMBAI,75125.58,19.0,On Leave,,01/06/2019,1.2,nikhil.goel1197@company.com
500522,Nikhil Sinha,30.0,HR,,110499.97,2.4,INACTIVE,PhD,05/16/2025,1.4,nikhil.sinha522@company.com
504328,Anjali Goel,33.0,Marketing,Chennai ,28930.22,17.6,active,Bachelors,2016-10-01,,anjali.goel4328@company.com
502562,Vijay Saxena,53.0,Sales,MUMBAI,69383.03,20.2,Active,PhD,,9.2,vijay.saxena2562@company.com
502690,vijay agarwal,55.0,HR,Chennai ,52914.53,9.7,INACTIVE,PhD,12/22/2019,5.8,vijay.agarwal2690@company.com
501360,VIKRAM PANDEY,40.0,Marketing,Chennai,62516.91,6.8,Active,Masters,07/02/2019,,vikram.pandey1360@company.com
504374,shreya bhatia,45.0,Support,Chennai,,7.9,,bachelors,,9.7,shreya.bhatia4374@company.com
501530,shreya sinha,47.0,MARKETING,Delhi,40605.64,0.3,,,05/09/2021,7.6,shreya.sinha1530@company.com
503361,DEEPAK TRIVEDI,33.0,Operations, Delhi,51414.05,27.3,active,MASTERS,07-04-2022,7.3,deepak.trivedi3361@company.com
501133,Amit Agarwal,45.0,HR,Delhi,57865.01,29.2,,bachelors,02-05-2025,5.1,amit.agarwal1133@company.com
504364,Nisha Thakur,32.0,MARKETING,,112125.97,4.7,INACTIVE,Diploma,2016-11-10,5.9,nisha.thakur4364@company.com
502597,Neha Trivedi,37.0,HR,Mumbai,138085.1,21.1,Inactive,Diploma,09-04-2017,1.8,neha.trivedi2597@company.com
504001,  Simran Bhatia  ,27.0,IT,Bengaluru,134927.92,15.4,,Diploma,12/12/2019,8.2,simran.bhatia4001@company.com
503498,Anjali Pandey,29.0,,Mumbai,73650.38,28.7,Inactive,Diploma,22/06/2021,5.3,anjali.pandey3498@company.com
502032,RITU BANSAL,29.0,MARKETING,,123321.13,14.5,INACTIVE,Diploma,26-12-2025,7.8,ritu.bansal2032@company.com
501752,Sneha Mishra,23.0,Sales,Pune,68318.75,16.5,,Masters,,7.8,sneha.mishra1752@company.com
504201,Priya Bhatia,54.0,Sales,Delhi,43726.52,14.1,,,06-01-2017,8.6,priya.bhatia4201@company.com
502353,rahul sinha,22.0,Support,Pune,96589.78,6.9,INACTIVE,,04/13/2020,,rahul.sinha2353@company.com
503220,Neha Thakur,48.0,MARKETING, Delhi,138930.11,5.8,active,bachelors,2018-12-13,1.8,neha.thakur3220@company.com
502086,Rajesh Chauhan,54.0,,Chennai ,143010.87,14.9,,,2025-02-27,5.8,rajesh.chauhan2086@company.com
502639,Sneha Bansal,21.0,it,Delhi,131310.01,28.5,,,2024-07-17,4.3,sneha.bansal2639@company.com
500495,Swati Malik,36.0,Support,,115730.53,32.3,Active,MASTERS,10/05/2020,5.4,swati.malik495@company.com
501825,Priya Chauhan,59.0,Sales,Chennai,75291.94,16.2,Inactive,MASTERS,10/06/2016,1.2,priya.chauhan1825@company.com
504915,Manish Pandey,31.0,it,Chennai,54876.54,18.2,Inactive,MASTERS,10-01-2022,7.3,manish.pandey4915@company.com
501982,Shreya Goel,28.0,IT,Hyderabad,95576.85,,On Leave,bachelors,07/05/2015,9.9,shreya.goel1982@company.com
502925,ISHA GOEL,46.0,Finance,Hyderabad,147280.35,29.0,Active,MASTERS,2019-05-19,3.8,isha.goel2925@company.com
501123,vikram yadav,58.0,Support,bengaluru,48090.2,29.7,active,MASTERS,21-05-2015,7.3,vikram.yadav1123@company.com
503421,Karan Trivedi,25.0,HR, Delhi,31226.4,14.0,On Leave,MASTERS,10/03/2020,7.2,karan.trivedi3421@company.com
503415,Kavita Sinha,22.0,Support,,84301.58,18.2,active,Bachelors,2019-04-20,9.2,kavita.sinha3415@company.com
500267,Amit Goel,30.0,Logistics,,23940.79,10.4,Inactive,,2019-03-10,8.1,amit.goel267@company.com
503392,Preeti Bose,36.0,Operations,,130010.52,20.4,,MASTERS,27-05-2023,2.5,preeti.bose3392@company.com
502371,Ashok Agarwal,38.0,, Delhi,,33.8,,MASTERS,09/27/2025,1.2,ashok.agarwal2371@company.com
502527,Neha Bansal,59.0,Support,Kolkata,65362.27,26.3,On Leave,bachelors,12/23/2024,,neha.bansal2527@company.com
501696,Anjali Rastogi,42.0,Support, Delhi,93993.25,6.3,Active,,06-10-2022,5.8,anjali.rastogi1696@company.com
500325,Anjali Dixit,40.0,IT,,99399.91,17.7,Inactive,,15-06-2017,,anjali.dixit325@company.com
502340,Ashok Trivedi,37.0,Sales, Delhi,88628.45,20.6,active,Diploma,2019-09-25,2.6,ashok.trivedi2340@company.com
504330,Sanjay Malik,52.0,Marketing,Ahmedabad,93852.17,20.1,,MASTERS,09/13/2021,7.4,sanjay.malik4330@company.com
504031,Deepak Malik,47.0,HR,bengaluru,54453.38,34.8,active,,02/25/2016,4.3,deepak.malik4031@company.com
500519,Kavita Pandey,45.0,HR,Hyderabad,56643.67,25.7,active,,20/11/2017,8.3,kavita.pandey519@company.com
501879,Manish Sinha,50.0,HR, Delhi,44087.74,1.0,active,,2023-08-01,5.4,manish.sinha1879@company.com
503899,Suresh Bose,29.0,Operations, Delhi,41884.42,31.2,Active,,04/16/2015,,suresh.bose3899@company.com
500426,Isha Sinha,38.0,Sales,bengaluru,24647.84,6.4,active,Bachelors,08/27/2015,3.3,isha.sinha426@company.com
501872,amit mishra,40.0,Finance,,141920.09,23.9,INACTIVE,Masters,12/07/2020,,amit.mishra1872@company.com
504316,Isha Trivedi,58.0,it,Bengaluru,139963.18,21.0,On Leave,PhD,25-01-2016,1.7,isha.trivedi4316@company.com
503401,pooja khanna,26.0,Marketing,Kolkata,,33.8,Inactive,MASTERS,04-05-2021,4.7,pooja.khanna3401@company.com
502921,DIVYA PANDEY,55.0,sales,,103557.82,23.4,INACTIVE,bachelors,22/10/2025,7.6,divya.pandey2921@company.com
500727,Shreya Dixit,30.0,it,,119869.35,27.8,active,bachelors,2016-08-27,1.0,shreya.dixit727@company.com
504699,simran khanna,45.0,Support,Pune,120449.33,,Inactive,MASTERS,13/07/2021,4.4,
500674,Suresh Chauhan,21.0,HR,Bengaluru,21270.14,20.3,active,Masters,10/18/2018,4.6,suresh.chauhan674@company.com
502912,Shreya Thakur,35.0,Support,,76856.37,17.9,On Leave,Bachelors,12/14/2021,2.6,shreya.thakur2912@company.com
502082,Amit Nanda,36.0,MARKETING,Mumbai,103465.14,17.6,On Leave,Bachelors,06/18/2020,4.3,amit.nanda2082@company.com
500224,Meena Chauhan,50.0,MARKETING,Hyderabad,123989.77,2.0,INACTIVE,,03-06-2024,3.3,meena.chauhan224@company.com
503457,Manish Mishra,36.0,Support,Delhi,92433.49,4.9,active,PhD,15/08/2022,3.0,manish.mishra3457@company.com
503484,Kavita Pandey,39.0,sales,Pune,,0.9,active,PhD,09/25/2021,,kavita.pandey3484@company.com
502057,Rahul Trivedi,40.0,Finance,Ahmedabad,103199.23,23.5,INACTIVE,,2021-05-26,2.1,rahul.trivedi2057@company.com
503009,Rahul Ghosh,27.0,Operations,Lucknow,36518.88,2.5,,bachelors,08/21/2023,,rahul.ghosh3009@company.com
502790,Nisha Mishra,30.0,IT,Bengaluru,99530.85,13.9,Active,MASTERS,2015-04-20,,nisha.mishra2790@company.com
500065,Meena Malik,23.0,Marketing,Chennai ,120171.62,1.2,Inactive,Masters,2021-09-24,,meena.malik65@company.com
500544,Vikram Agarwal,41.0,Operations,Mumbai,,13.1,INACTIVE,bachelors,22/03/2022,2.6,vikram.agarwal544@company.com
503280,Karan Nanda,26.0,sales,Delhi,87252.78,8.3,,bachelors,06/07/2020,5.1,karan.nanda3280@company.com
501694,Karan Bansal,43.0,,,93523.12,5.2,,Diploma,03/02/2025,4.0,
500312,Vikram Nanda,48.0,IT,,50668.5,7.6,Inactive,,11/08/2018,6.3,vikram.nanda312@company.com
504517,Priya Ghosh,23.0,,Ahmedabad,56212.44,23.7,,Masters,11-04-2017,4.2,priya.ghosh4517@company.com
502720,Ashok Bhatia,52.0,Support,Bengaluru,94973.24,14.5,Inactive,MASTERS,13/09/2017,1.1,ashok.bhatia2720@company.com
503091,Divya Bansal,51.0,Finance,Lucknow,71347.21,3.5,Inactive,,08/26/2024,,divya.bansal3091@company.com
500039,Arjun Bose,45.0,Marketing,,60114.28,20.7,,PhD,16-05-2020,8.9,arjun.bose39@company.com
503465,Ritu Bansal,31.0,Support,,61608.6,,active,Diploma,19-12-2017,,ritu.bansal3465@company.com
500783,Divya Mishra,47.0,sales,bengaluru,50375.62,6.9,Active,PhD,09/07/2016,9.9,divya.mishra783@company.com
500514,Deepak Bansal,54.0,Sales,,,12.4,,Diploma,18/04/2022,5.4,deepak.bansal514@company.com
504329,Gaurav Trivedi,41.0,Support,Ahmedabad,23784.24,3.8,On Leave,Masters,2025-08-17,2.7,gaurav.trivedi4329@company.com
501573,Isha Choudhary,52.0,IT,,109113.42,4.2,On Leave,bachelors,14/03/2025,9.9,isha.choudhary1573@company.com
500445,Deepak Yadav,31.0,Support,Mumbai,46049.11,,On Leave,PhD,14/05/2025,6.2,deepak.yadav445@company.com
504422,Nisha Bose,50.0,Finance,MUMBAI,148293.67,3.0,Inactive,MASTERS,17/09/2024,,nisha.bose4422@company.com
501096,suresh yadav,,Marketing,Chennai,,24.1,Inactive,Bachelors,17-11-2017,7.0,suresh.yadav1096@company.com
500509,Swati Trivedi,21.0,it,Delhi,,19.8,Active,Bachelors,2025-09-19,4.6,swati.trivedi509@company.com
501586,Nikhil Nanda,30.0,Support,,,7.1,active,,10/19/2025,,nikhil.nanda1586@company.com
503273,Pooja Rastogi,49.0,sales,Pune,131114.94,25.5,active,,07/11/2023,3.1,pooja.rastogi3273@company.com
503968,Gaurav Nanda,23.0,Operations,Kolkata,34063.35,7.2,active,,09/04/2017,,gaurav.nanda3968@company.com
502807,Kavita Nanda,52.0,sales,Jaipur,,24.3,active,Bachelors,12-04-2021,4.4,
501550,Vijay Chauhan,25.0,it,Bengaluru,25292.0,11.1,,MASTERS,05/13/2018,6.7,vijay.chauhan1550@company.com
503418,Sanjay Saxena,47.0,IT,,148847.04,,,Diploma,,8.2,sanjay.saxena3418@company.com
504925,rohan malik,50.0,HR, Delhi,79194.24,28.4,On Leave,Diploma,19/12/2024,9.8,rohan.malik4925@company.com
504090,Gaurav Chauhan,26.0,Finance,Lucknow,57470.42,,,Diploma,04/10/2021,3.5,gaurav.chauhan4090@company.com
504192,Ashok Bose,35.0,HR,Chennai ,65862.7,5.7,On Leave,,01-03-2023,1.3,ashok.bose4192@company.com
501683,Sneha Thakur,42.0,,Delhi,30829.27,,Active,PhD,11-08-2016,8.6,sneha.thakur1683@company.com
503398,  Nikhil Trivedi  ,35.0,MARKETING,,24752.81,7.1,active,Masters,2022-12-17,8.4,nikhil.trivedi3398@company.com
501261,shreya trivedi,23.0,Operations,Lucknow,121720.44,22.8,On Leave,Diploma,06/06/2019,6.4,shreya.trivedi1261@company.com
503073,Simran Chauhan,53.0,,MUMBAI,,25.6,active,Diploma,06/08/2023,5.2,simran.chauhan3073@company.com
501341,Rohan Khanna,55.0,Marketing,Chennai,28063.66,16.4,Active,,10/09/2018,4.6,rohan.khanna1341@company.com
500611,Neha Ghosh,36.0,HR,Mumbai,143617.4,24.0,On Leave,MASTERS,2020-10-25,9.4,neha.ghosh611@company.com
503555,  Swati Trivedi  ,45.0,Finance,Jaipur,111312.26,14.5,On Leave,Bachelors,06/09/2023,2.3,swati.trivedi3555@company.com
502823,Divya Choudhary,53.0,Sales,Pune,57119.76,28.1,,MASTERS,15-11-2023,6.2,divya.choudhary2823@company.com
502027,Karan Sinha,47.0,Sales,,109980.97,6.8,Active,bachelors,20-03-2022,9.5,karan.sinha2027@company.com
502802,Kavita Bansal,26.0,Sales,Pune,54076.39,18.7,INACTIVE,Diploma,12-11-2023,9.4,kavita.bansal2802@company.com
504426,Suresh Mishra,53.0,,Lucknow,59977.38,18.7,On Leave,PhD,21-08-2020,2.8,suresh.mishra4426@company.com
503993,SURESH YADAV,51.0,,,124443.84,11.0,INACTIVE,,2015-01-11,,suresh.yadav3993@company.com
500217,Anjali Malik,40.0,MARKETING,Bengaluru,126253.94,13.5,Inactive,bachelors,,,anjali.malik217@company.com
501969,Ritu Sinha,56.0,Finance,,61889.32,22.6,active,Bachelors,06-11-2016,1.2,ritu.sinha1969@company.com
503449,Shreya Mishra,24.0,,Pune,52413.81,32.7,Inactive,,06/15/2020,,shreya.mishra3449@company.com
501386,Manish Pandey,49.0,Sales,Chennai ,93525.0,32.0,On Leave,MASTERS,05/16/2024,2.9,manish.pandey1386@company.com
502395,Vikram Rastogi,47.0,MARKETING,Delhi,29012.89,23.1,On Leave,,11/21/2017,9.6,vikram.rastogi2389@company.com
503665,Simran Nanda,57.0,IT,Kolkata,111918.25,5.7,active,,2019-10-25,3.0,simran.nanda3665@company.com
502430,Manish Pandey,39.0,Finance,,102701.51,29.6,Active,,03-06-2024,7.4,
504599,simran choudhary,55.0,sales,,135237.46,8.3,On Leave,,05/09/2017,2.8,simran.choudhary4599@company.com
502242,PRIYA YADAV,56.0,it,Delhi,57121.03,15.6,On Leave,Masters,2022-06-23,1.7,priya.yadav2242@company.com
503503,Swati Bansal,32.0,HR,Pune,45886.14,1.5,,,20-03-2020,8.4,swati.bansal3503@company.com
502756,Neha Khanna,47.0,HR,bengaluru,64430.14,29.3,INACTIVE,,02/05/2019,7.3,neha.khanna2756@company.com
504371,Ritu Bose,33.0,sales,Ahmedabad,140678.37,19.9,active,MASTERS,09/07/2018,5.1,ritu.bose4371@company.com
502145,Arjun Sinha,29.0,Finance,Hyderabad,135655.55,12.0,Active,MASTERS,10/06/2016,3.6,arjun.sinha2145@company.com
503291,Simran Pandey,43.0,Support,Bengaluru,26925.05,34.7,active,Diploma,07-11-2019,6.6,simran.pandey3291@company.com
503315,Divya Goel,55.0,Operations,Lucknow,28036.98,22.2,Inactive,,15-07-2022,7.6,divya.goel3315@company.com
502699,KAVITA BANSAL,40.0,Support,Ahmedabad,113411.42,32.0,On Leave,Masters,,3.3,kavita.bansal2699@company.com
503854,Arjun Khanna,22.0,Finance,Lucknow,62866.75,1.0,Inactive,Diploma,,,arjun.khanna3854@company.com
500858,  Vijay Ghosh  ,40.0,,,32113.15,2.4,Active,Diploma,2020-06-21,8.2,vijay.ghosh858@company.com
500089,Gaurav Sinha,42.0,Support,Bengaluru,63395.6,9.9,On Leave,Diploma,20-07-2020,2.3,gaurav.sinha89@company.com
503184,Gaurav Thakur,58.0,Sales,Jaipur,47497.74,10.7,On Leave,Masters,12-12-2021,,gaurav.thakur3184@company.com
501251,Nikhil Khanna,44.0,,Pune,27879.34,16.7,Active,Diploma,,8.9,nikhil.khanna1251@company.com
500560,Sneha Bose,33.0,Support,Lucknow,,14.3,,,09/09/2024,6.5,sneha.bose560@company.com
503964,Gaurav Trivedi,48.0,MARKETING,,130179.79,25.4,Inactive,,26-02-2017,2.2,gaurav.trivedi3964@company.com
500649,SWATI THAKUR,41.0,HR,,86987.45,32.3,active,Masters,17-04-2015,4.4,swati.thakur649@company.com
504992,Priya Malik,58.0,HR,bengaluru,106725.68,15.6,INACTIVE,bachelors,2024-11-17,4.3,priya.malik4992@company.com
501305,gaurav agarwal,22.0,,Delhi,,31.2,INACTIVE,bachelors,2025-06-22,3.1,gaurav.agarwal1305@company.com
503308,simran malik,59.0,sales,bengaluru,75475.76,16.0,active,PhD,06/06/2018,5.3,simran.malik3308@company.com
502676,Manish Malik,36.0,,Hyderabad,80149.48,1.1,INACTIVE,Masters,03/19/2019,9.6,manish.malik2676@company.com
504793,Vikram Trivedi,,Sales,,36043.1,20.9,Active,Diploma,22-06-2017,,vikram.trivedi4793@company.com
501527,Priya Mishra,35.0,Operations,Jaipur,23686.93,13.9,Inactive,Bachelors,14-11-2015,9.2,priya.mishra1527@company.com
501662,NISHA YADAV,53.0,Sales,Delhi,24454.94,,Inactive,bachelors,05/12/2019,6.9,nisha.yadav1662@company.com
504093,Priya Saxena,47.0,Operations,Delhi,35309.96,,active,Masters,09/02/2023,6.5,priya.saxena4093@company.com
504667,ISHA THAKUR,49.0,Marketing,,33871.9,17.6,Active,PhD,09/21/2019,5.7,isha.thakur4667@company.com
504535,Shreya Bhatia,38.0,IT,Delhi,,1.4,On Leave,Bachelors,10-06-2024,8.4,shreya.bhatia4535@company.com
501310,Neha Nanda,44.0,Finance,Ahmedabad,,12.0,INACTIVE,Masters,15-04-2016,,neha.nanda1310@company.com
504547,nisha saxena,22.0,Support,,72251.81,29.8,INACTIVE,MASTERS,,4.5,nisha.saxena4547@company.com
501111,KARAN RASTOGI,34.0,sales,,145514.33,33.1,Inactive,Bachelors,21-01-2018,3.4,karan.rastogi1111@company.com
504069,Sanjay Dixit,56.0,Logistics,,107150.48,23.1,Inactive,,27/10/2025,5.6,sanjay.dixit4069@company.com
500008,Shreya Nanda,41.0,IT, Delhi,21207.63,15.4,,Bachelors,2022-04-27,5.7,shreya.nanda8@company.com
504874,  Suresh Thakur  ,55.0,it,bengaluru,-66555.25,0.2,,Masters,03-02-2016,9.1,suresh.thakur4874@company.com
502318,Rahul Dixit,52.0,sales,,22339.74,6.6,,PhD,08/27/2015,4.3,rahul.dixit2318@company.com
503135,Kavita Agarwal,23.0,Sales,Ahmedabad,41483.57,28.5,INACTIVE,Masters,2017-07-12,3.1,kavita.agarwal3135@company.com
503588,Ritu Choudhary,28.0,IT,Delhi,124688.46,33.7,Inactive,MASTERS,08/04/2021,9.8,ritu.choudhary3588@company.com
501070,Vijay Malik,34.0,Finance,Kolkata,139193.02,12.1,Inactive,,2021-03-14,1.7,vijay.malik1070@company.com
502824,Rajesh Ghosh,35.0,it,,61109.4,26.6,active,MASTERS,09-05-2022,,rajesh.ghosh2824@company.com
501849,Vikram Trivedi,33.0,Operations,,128304.89,19.7,active,Diploma,07/12/2021,3.9,vikram.trivedi1849@company.com
500809,Meena Dixit,37.0,Sales,Delhi,36954.09,0.3,,,08/06/2016,6.8,meena.dixit809@company.com
503895,Anjali Bansal,35.0,Marketing,,46184.48,18.6,On Leave,bachelors,07-08-2016,,anjali.bansal3895@company.com
500336,Anjali Goel,,MARKETING,Ahmedabad,95418.81,17.6,On Leave,MASTERS,02-03-2022,2.5,anjali.goel336@company.com
502307,Sneha Yadav,23.0,Support,Lucknow,33492.74,30.8,,Bachelors,01/03/2018,9.2,sneha.yadav2307@company.com
504526,Rohan Sinha,40.0,Logistics,Chennai ,113717.78,34.2,Active,Diploma,05-05-2020,6.9,rohan.sinha4526@company.com
500733,Suresh Chauhan,42.0,Marketing,Chennai,-48392.84,12.2,INACTIVE,Diploma,12/07/2018,8.9,suresh.chauhan733@company.com
503700,Priya Rastogi,41.0,,,36864.55,32.8,active,Diploma,03-02-2017,,priya.rastogi3700@company.com
504379,Preeti Bose,,IT,Kolkata,73650.33,2.7,On Leave,MASTERS,15/10/2020,,preeti.bose4379@company.com
501169,Vijay Pandey,29.0,IT,Chennai,41148.9,15.3,Inactive,Diploma,26/01/2015,9.9,vijay.pandey1169@company.com
501955,Arjun Chauhan,21.0,IT,Jaipur,119662.81,1.2,,Diploma,20/10/2019,3.1,arjun.chauhan1955@company.com
500897,Sneha Sinha,36.0,HR,MUMBAI,44984.64,32.4,active,MASTERS,2023-08-02,8.2,sneha.sinha897@company.com
503482,  Isha Saxena  ,50.0,it,Hyderabad,138467.37,17.0,INACTIVE,Bachelors,22-12-2024,6.7,isha.saxena3482@company.com
503885,Arjun Yadav,47.0,IT,,105611.07,7.5,active,bachelors,03/09/2017,7.1,arjun.yadav3885@company.com
501146,Amit Choudhary,42.0,Sales,Lucknow,,12.0,Active,Bachelors,2015-11-05,3.2,amit.choudhary1146@company.com
500776,Isha Dixit,29.0,Support,MUMBAI,149976.47,,On Leave,Diploma,08/21/2023,7.5,isha.dixit776@company.com
504958,Pooja Choudhary,31.0,HR,Ahmedabad,97104.51,32.7,Inactive,PhD,23/05/2019,5.2,pooja.choudhary4958@company.com
503713,ANJALI TRIVEDI,26.0,Sales,Lucknow,26372.23,9.7,active,Masters,22/07/2025,4.1,anjali.trivedi3713@company.com
504079,Sneha Ghosh,22.0,IT, Delhi,32538.72,2.3,Active,PhD,09-10-2024,,sneha.ghosh4079@company.com
504418,Karan Chauhan,54.0,Marketing,Pune,104873.57,13.7,INACTIVE,Masters,25/09/2023,2.1,karan.chauhan4418@company.com
502315,Deepak Bhatia,39.0,IT,Jaipur,81304.34,26.0,INACTIVE,bachelors,27/03/2015,3.5,deepak.bhatia2315@company.com
502841,Vikram Yadav,45.0,,,138034.96,32.8,,,2025-01-12,2.9,vikram.yadav2841@company.com
500808,Divya Bose,32.0,Sales,Chennai,131340.72,20.2,On Leave,PhD,13/07/2024,9.6,divya.bose808@company.com
504850,Nisha Bhatia,48.0,Logistics, Delhi,138907.44,11.5,active,Masters,01/26/2016,2.3,nisha.bhatia4850@company.com
503350,Preeti Bose,24.0,it,,,25.5,,,21-05-2020,,preeti.bose3350@company.com
502842,Priya Trivedi,39.0,Finance,MUMBAI,81270.57,32.3,On Leave,MASTERS,02/08/2024,6.8,priya.trivedi2842@company.com
501200,Rahul Trivedi,44.0,Logistics, Delhi,,23.9,INACTIVE,bachelors,19/09/2020,,rahul.trivedi1200@company.com
500054,Sanjay Rastogi,46.0,Marketing,Chennai,135038.62,34.9,Inactive,,2022-11-09,8.4,
503685,Isha Bhatia,41.0,IT,Hyderabad,134765.78,19.3,On Leave,,02/09/2015,7.8,isha.bhatia3685@company.com
500497,Divya Trivedi,22.0,MARKETING,,149734.31,34.7,Inactive,,02/07/2023,4.1,divya.trivedi497@company.com
504696,Rahul Goel,47.0,,Pune,117806.22,34.9,Active,Diploma,01/09/2019,4.9,rahul.goel4696@company.com
503877,Isha Mishra,48.0,sales,,130906.29,3.8,On Leave,MASTERS,04/01/2022,,isha.mishra3877@company.com
500833,Anjali Saxena,40.0,sales,Hyderabad,111481.23,0.1,Inactive,,2023-06-09,4.3,anjali.saxena833@company.com
500791,Shreya Bose,34.0,sales,Kolkata,80768.45,7.2,Inactive,,2020-12-22,7.3,shreya.bose791@company.com
504978,Preeti Dixit,49.0,Operations,,48448.93,13.7,Active,Masters,27/11/2021,,preeti.dixit4978@company.com
500834,Rajesh Rastogi,24.0,,Bengaluru,98557.13,7.3,Inactive,,2019-01-24,8.6,rajesh.rastogi834@company.com
503114,Amit Yadav,40.0,HR,Jaipur,131428.56,22.1,Active,,2024-04-08,1.6,amit.yadav3114@company.com
503202,DIVYA CHAUHAN,24.0,,Lucknow,148521.8,,Active,PhD,2020-11-02,1.5,divya.chauhan3202@company.com
501974,  Nikhil Trivedi  ,29.0,MARKETING,bengaluru,149196.31,23.7,active,Masters,11/05/2021,1.6,nikhil.trivedi1974@company.com
503558,ritu khanna,26.0,Finance,Lucknow,55788.39,5.8,Active,Masters,,4.4,ritu.khanna3558@company.com
504170,Amit Malik,37.0,Marketing,Pune,147147.44,21.4,Inactive,Bachelors,12/05/2020,7.0,amit.malik4170@company.com
504768,Deepak Thakur,34.0,,Chennai,40573.09,7.9,INACTIVE,Diploma,22-06-2018,4.1,deepak.thakur4768@company.com
500754,Amit Dixit,24.0,HR,Ahmedabad,58390.77,4.6,INACTIVE,,08/02/2019,,amit.dixit754@company.com
503744,  Ashok Trivedi  ,59.0,Support,Mumbai,137663.64,7.2,Active,Masters,21-09-2024,4.4,ashok.trivedi3744@company.com
501438,anjali nanda,48.0,Logistics,bengaluru,114799.49,25.4,Active,Diploma,24-10-2017,,anjali.nanda1438@company.com
504565,Shreya Yadav,57.0,,Chennai ,84099.52,4.2,,Bachelors,10/24/2016,3.3,shreya.yadav4565@company.com
503096,Deepak Bose,50.0,sales,Chennai,70894.23,7.0,Inactive,,01/05/2021,3.1,deepak.bose3096@company.com
504348,Vikram Agarwal,22.0,Sales,Chennai ,110052.6,21.8,,Diploma,,5.2,
503927,Amit Bhatia,54.0,IT,Mumbai,48640.68,21.1,Active,Diploma,03/25/2018,,amit.bhatia3927@company.com
500063,Simran Choudhary,26.0,MARKETING,MUMBAI,89334.95,17.1,Active,PhD,15-05-2025,5.8,simran.choudhary63@company.com
501178,Vijay Saxena,46.0,Marketing,Lucknow,133084.0,1.1,Inactive,,06-08-2016,,vijay.saxena1178@company.com
502867,Deepak Pandey,38.0,Logistics,Bengaluru,104581.59,24.9,INACTIVE,Masters,07/10/2019,4.9,deepak.pandey2867@company.com
502130,Isha Goel,53.0,Operations,Delhi,43671.23,17.8,Inactive,PhD,2019-05-24,9.3,isha.goel2130@company.com
500532,Amit Khanna,27.0,,Hyderabad,,,active,Diploma,04/04/2018,3.4,amit.khanna532@company.com
501538,Rajesh Nanda,32.0,,bengaluru,35399.19,6.1,Inactive,PhD,2019-08-03,8.6,rajesh.nanda1538@company.com
501281,Arjun Khanna,37.0,Sales,Bengaluru,57017.55,16.7,active,,2021-05-01,,arjun.khanna1281@company.com
502926,  Rohan Trivedi  ,35.0,Finance,,114392.82,12.0,Active,,21-12-2018,1.3,rohan.trivedi2926@company.com
500574,Rajesh Bose,23.0,Finance,Pune,21757.11,11.9,active,bachelors,09/11/2019,7.2,rajesh.bose574@company.com
504271,Manish Rastogi,28.0,Support,Chennai,51329.61,12.6,INACTIVE,Masters,11/08/2019,10.0,manish.rastogi4271@company.com
501595,Vijay Yadav,50.0,,Ahmedabad,102289.27,6.9,,PhD,03/20/2019,5.7,vijay.yadav1595@company.com
504844,Ritu Saxena,59.0,it,Hyderabad,76979.43,31.3,Active,PhD,2016-01-08,7.2,ritu.saxena4844@company.com
501674,Isha Pandey,47.0,MARKETING,Kolkata,114199.67,17.2,Inactive,Bachelors,07/15/2025,6.0,isha.pandey1674@company.com
501040,  Rohan Thakur  ,56.0,,MUMBAI,82443.13,,active,MASTERS,2020-08-02,7.2,rohan.thakur1040@company.com
500463,Rajesh Choudhary,22.0,Marketing,Hyderabad,124693.54,17.4,INACTIVE,Diploma,09/02/2018,9.9,rajesh.choudhary463@company.com
504645,priya saxena,38.0,MARKETING,,49694.92,27.8,On Leave,,10-06-2025,9.9,priya.saxena4645@company.com
503613,Ritu Choudhary,27.0,HR,,137434.89,,Active,PhD,2019-07-22,8.6,ritu.choudhary3613@company.com
503808,Swati Chauhan,37.0,IT,Ahmedabad,,3.9,INACTIVE,PhD,2016-03-15,6.0,swati.chauhan3808@company.com
504591,Rohan Ghosh,46.0,Logistics,,107070.17,19.5,Inactive,PhD,2018-06-25,1.4,rohan.ghosh4591@company.com
504898,Priya Trivedi,28.0,IT,Bengaluru,,30.0,On Leave,MASTERS,03/02/2015,6.0,priya.trivedi4898@company.com
501521,Nisha Nanda,33.0,HR,Chennai ,127182.5,5.9,,Diploma,11/08/2025,9.5,nisha.nanda1521@company.com
504014,Rajesh Saxena,38.0,HR,Lucknow,33451.76,15.2,Inactive,Bachelors,09-07-2018,2.3,rajesh.saxena4014@company.com
502910,Nisha Agarwal,48.0,Marketing,Lucknow,58870.7,13.1,active,Masters,27/05/2020,7.0,nisha.agarwal2910@company.com
503566,Simran Khanna,39.0,Support,MUMBAI,93565.79,15.0,,PhD,07-12-2017,8.8,simran.khanna3566@company.com
503978,Vijay Saxena,58.0,HR,Hyderabad,67613.02,8.6,active,PhD,14/02/2022,3.8,vijay.saxena3978@company.com
503909,Arjun Dixit,29.0,,MUMBAI,123685.09,25.9,active,,23/02/2019,,arjun.dixit3909@company.com
503815,divya bansal,29.0,HR,Chennai ,109849.47,11.8,,Bachelors,2021-10-16,9.2,divya.bansal3815@company.com
504583,Pooja Bansal,50.0,,Delhi,34629.46,16.7,On Leave,Bachelors,05/12/2022,4.5,pooja.bansal4583@company.com
500604,Shreya Yadav,30.0,Finance,Hyderabad,70344.5,13.8,Inactive,Masters,26-05-2024,2.5,shreya.yadav604@company.com
503960,Vijay Mishra,57.0,,Jaipur,75691.22,12.7,active,bachelors,11-01-2020,9.6,vijay.mishra3960@company.com
501727,Arjun Goel,58.0,,Delhi,92954.56,22.8,,,21-07-2024,7.1,arjun.goel1727@company.com
501892,Meena Mishra,52.0,,Hyderabad,96403.94,21.1,On Leave,PhD,14-06-2020,10.0,meena.mishra1892@company.com
504943,Karan Thakur,44.0,,Bengaluru,78317.87,11.8,active,MASTERS,2021-01-02,,karan.thakur4943@company.com
501063,Rohan Ghosh,39.0,,bengaluru,142484.45,25.7,INACTIVE,,20/08/2015,3.5,rohan.ghosh1063@company.com
502129,Gaurav Thakur,59.0,MARKETING,Pune,59140.81,2.0,INACTIVE,PhD,2022-12-01,8.0,gaurav.thakur2129@company.com
501742,anjali mishra,33.0,,bengaluru,22229.8,33.4,,Diploma,11/27/2025,7.1,anjali.mishra1742@company.com
504130,NIKHIL MALIK,58.0,,,38311.42,22.5,Active,Bachelors,01-12-2016,2.1,nikhil.malik4130@company.com
500706,Gaurav Nanda,35.0,Sales,Pune,90630.16,24.3,Inactive,Diploma,08/16/2022,3.2,gaurav.nanda706@company.com
503205,Neha Malik,30.0,,Chennai,149467.63,23.6,Active,Diploma,19-05-2017,8.7,neha.malik3205@company.com
504081,Meena Nanda,49.0,,MUMBAI,30991.97,34.1,On Leave,Diploma,13-09-2017,9.1,meena.nanda4081@company.com
501552,divya goel,34.0,Marketing,,66552.89,15.1,Active,,,1.8,divya.goel1552@company.com
502474,Amit Trivedi,37.0,Finance,Chennai ,55489.73,5.5,Active,,14/01/2025,5.4,amit.trivedi2474@company.com
501167,Arjun Khanna,25.0,Support,Chennai ,93771.12,6.9,active,Bachelors,12-03-2016,3.5,arjun.khanna1167@company.com
503785,Kavita Sinha,30.0,Operations,Bengaluru,20793.76,0.1,active,bachelors,2021-12-04,9.2,kavita.sinha3785@company.com
504164,manish choudhary,23.0,Support,Chennai ,88135.32,23.3,active,bachelors,02-11-2022,1.8,manish.choudhary4164@company.com
502619,  Anjali Dixit  ,47.0,Sales,Ahmedabad,80603.27,21.5,,Masters,22/05/2017,7.6,anjali.dixit2619@company.com
500179,Divya Trivedi,45.0,sales,Jaipur,83500.26,27.7,Active,PhD,09/14/2022,5.4,divya.trivedi179@company.com
504500,Amit Trivedi,42.0,sales,MUMBAI,114012.35,13.4,active,Masters,08/14/2017,6.3,amit.trivedi4500@company.com
503567,Preeti Trivedi,34.0,IT,,85035.15,34.9,,MASTERS,2015-01-23,7.5,preeti.trivedi3567@company.com
500492,Arjun Pandey,,Support,Delhi,66317.94,8.7,active,Masters,06/03/2023,9.6,arjun.pandey492@company.com
503740,Rohan Bansal,50.0,Finance,MUMBAI,142007.22,24.9,active,PhD,14/07/2015,3.5,rohan.bansal3740@company.com
503349,Rohan Dixit,42.0,Sales, Delhi,94483.49,11.5,active,,10/03/2023,,rohan.dixit3349@company.com
502226,Amit Thakur,31.0,IT,Pune,,10.1,INACTIVE,Diploma,2021-04-26,7.3,amit.thakur2226@company.com
503188,Sneha Khanna,22.0,IT,MUMBAI,113227.4,25.9,,,2017-12-13,1.4,sneha.khanna3188@company.com
503800,Rajesh Mishra,52.0,it,MUMBAI,102890.5,15.2,,PhD,2022-06-25,,rajesh.mishra3800@company.com
501026,Shreya Dixit,29.0,Support,,29743.58,22.7,Active,Diploma,10/11/2020,7.8,shreya.dixit1026@company.com
501278,Simran Thakur,53.0,MARKETING,Kolkata,139841.54,12.3,On Leave,Bachelors,07/21/2017,8.1,simran.thakur1278@company.com
502411,Rohan Bansal,28.0,Marketing,Hyderabad,92148.19,13.5,Inactive,Masters,27-09-2016,8.6,rohan.bansal2411@company.com
502379,ashok ghosh,21.0,it,,98342.73,9.1,On Leave,Bachelors,2021-07-12,,ashok.ghosh2379@company.com
500757,Gaurav Pandey,47.0,Marketing,Chennai ,61951.71,14.2,Active,,09/23/2016,9.4,gaurav.pandey757@company.com
502328,Ritu Chauhan,29.0,Operations,,101062.65,19.6,active,bachelors,2015-01-17,8.9,ritu.chauhan2328@company.com
500887,Divya Sinha,31.0,Operations,Bengaluru,35316.95,15.7,active,Bachelors,13/06/2016,4.9,divya.sinha887@company.com
503370,Nikhil Bansal,33.0,,Bengaluru,110820.58,14.2,active,bachelors,04/05/2016,5.0,
501282,Priya Chauhan,36.0,Finance,,29239.03,0.6,Inactive,Bachelors,21/06/2018,7.7,priya.chauhan1282@company.com
501898,Simran Sinha,44.0,,Hyderabad,48128.24,17.3,,Diploma,07/16/2019,4.7,simran.sinha1898@company.com
503890,Rohan Bose,22.0,Sales,Bengaluru,123770.8,30.2,Inactive,Masters,26-07-2025,8.0,rohan.bose3890@company.com
504521,RITU SAXENA,52.0,IT,Bengaluru,128846.44,31.5,,bachelors,23-08-2019,6.3,ritu.saxena4521@company.com
503906,Nisha Pandey,21.0,Sales,Delhi,93484.57,19.0,Inactive,Bachelors,07/03/2017,10.0,nisha.pandey3906@company.com
504477,Deepak Khanna,26.0,it,Chennai ,124184.83,32.6,Active,Diploma,14-10-2019,3.4,deepak.khanna4477@company.com
500767,preeti khanna,42.0,HR,Kolkata,112222.79,4.9,INACTIVE,MASTERS,09/04/2015,7.3,preeti.khanna767@company.com
503864,  Kavita Pandey  ,31.0,it,Lucknow,38831.74,7.9,,,10/27/2018,9.9,kavita.pandey3864@company.com
503774,Kavita Trivedi,38.0,Support,Chennai ,32283.25,10.1,On Leave,,16-02-2015,8.9,
503889,Nisha Thakur,32.0,,MUMBAI,132394.62,6.0,INACTIVE,Bachelors,,7.6,nisha.thakur3889@company.com
501391,  Amit Ghosh  ,26.0,HR,,63571.48,31.3,active,MASTERS,2015-09-18,4.6,amit.ghosh1391@company.com
503070,Arjun Bhatia,48.0,IT, Delhi,37079.98,9.2,,,17/01/2024,2.4,arjun.bhatia3070@company.com
503827,SURESH MISHRA,23.0,it,Pune,51572.07,0.0,INACTIVE,Bachelors,07/03/2018,3.2,suresh.mishra3827@company.com
502208,Neha Pandey,23.0,it,Pune,56799.73,7.7,Active,Bachelors,02/13/2018,5.9,neha.pandey2208@company.com
500782,MANISH YADAV,54.0,MARKETING, Delhi,32309.81,25.9,On Leave,PhD,19/08/2021,2.1,manish.yadav782@company.com
500647,Anjali Pandey,22.0,HR,Pune,123733.38,24.6,On Leave,Masters,2024-01-09,2.6,anjali.pandey647@company.com
503044,Isha Sinha,39.0,IT,Bengaluru,132275.35,29.1,Inactive,PhD,20/08/2021,6.5,isha.sinha3044@company.com
503710,Ashok Chauhan,39.0,Sales,Mumbai,97489.74,20.4,Inactive,,13/06/2020,4.1,ashok.chauhan3710@company.com
501767,arjun rastogi,58.0,,,50057.66,6.2,On Leave,MASTERS,03/09/2017,6.0,arjun.rastogi1767@company.com
501484,Karan Agarwal,29.0,Operations,MUMBAI,103736.19,19.6,active,Diploma,2020-02-21,6.4,karan.agarwal1484@company.com
503637,Amit Agarwal,35.0,MARKETING,,135205.63,1.8,active,Masters,19/03/2022,,amit.agarwal3637@company.com
502056,Rahul Sinha,58.0,,Pune,141792.2,7.3,Active,,2020-08-20,6.3,rahul.sinha2056@company.com
502473,Vijay Bose,46.0,it,Lucknow,45922.68,,,,05/15/2016,8.3,vijay.bose2473@company.com
501057,Simran Dixit,55.0,Finance,Bengaluru,75319.61,4.4,INACTIVE,bachelors,13-01-2025,7.3,simran.dixit1057@company.com
500798,Kavita Bose,57.0,Operations,Bengaluru,145550.69,31.8,INACTIVE,,2019-11-19,7.3,kavita.bose798@company.com
503352,Simran Pandey,21.0,,,143331.72,29.6,On Leave,Masters,22-07-2024,8.6,simran.pandey3352@company.com
501382,neha ghosh,51.0,Sales,Hyderabad,131073.42,,INACTIVE,PhD,22-07-2021,7.2,neha.ghosh1382@company.com
501110,SHREYA SAXENA,,IT,Kolkata,79457.47,15.7,Active,Masters,04-12-2017,1.3,shreya.saxena1110@company.com
503271,Neha Dixit,23.0,Operations,Bengaluru,45717.49,31.6,active,Bachelors,22/07/2023,8.5,neha.dixit3271@company.com
504961,Anjali Sinha,51.0,Marketing,,65107.33,30.5,,PhD,03-09-2022,5.9,anjali.sinha4961@company.com
503198,Isha Mishra,40.0,MARKETING,,114444.7,8.2,On Leave,,2015-07-06,,isha.mishra3198@company.com
500256,Kavita Khanna,39.0,MARKETING,Pune,118126.78,30.9,INACTIVE,Masters,11/18/2020,1.5,kavita.khanna256@company.com
503751,Vijay Khanna,43.0,Logistics, Delhi,146689.69,19.1,,PhD,12-08-2020,3.7,vijay.khanna3751@company.com
501692,Sanjay Trivedi,43.0,,Lucknow,143190.51,24.8,,,22-09-2018,6.8,sanjay.trivedi1692@company.com
504544,Pooja Khanna,44.0,MARKETING,Bengaluru,109493.51,3.3,,Bachelors,24/09/2016,2.4,pooja.khanna4544@company.com
500696,Divya Goel,59.0,IT,Hyderabad,64866.1,17.7,INACTIVE,,09-05-2017,7.2,divya.goel696@company.com
500966,Vikram Sinha,30.0,,,,19.5,,bachelors,23/11/2018,1.8,vikram.sinha966@company.com
500132,Swati Thakur,36.0,Support,Ahmedabad,123592.89,12.5,Inactive,Masters,24/09/2024,7.1,swati.thakur132@company.com
500213,Nikhil Yadav,47.0,Operations,MUMBAI,88212.08,14.2,Active,Masters,14/08/2020,8.1,nikhil.yadav213@company.com
502445,Vijay Pandey,54.0,Sales,,74016.86,19.2,active,,04/22/2020,,vijay.pandey2445@company.com
500200,Sneha Saxena,58.0,it,Chennai,27302.2,20.7,active,Diploma,13/01/2016,2.4,sneha.saxena200@company.com
501288,gaurav ghosh,30.0,Logistics, Delhi,25975.17,16.7,,Masters,2022-08-26,3.1,gaurav.ghosh1288@company.com
500059,MANISH CHAUHAN,52.0,,Ahmedabad,69522.71,1.3,On Leave,Bachelors,14-04-2024,5.2,manish.chauhan59@company.com
501301,manish goel,23.0,MARKETING,Bengaluru,80633.17,21.1,INACTIVE,,2018-11-05,1.9,manish.goel1301@company.com
502883,Kavita Thakur,33.0,Logistics,MUMBAI,145591.26,20.2,On Leave,Diploma,02/03/2024,8.3,kavita.thakur2883@company.com
504162,pooja saxena,27.0,,Hyderabad,,5.0,Active,,27-09-2020,1.1,pooja.saxena4162@company.com
502872,Preeti Dixit,55.0,Operations,bengaluru,43456.41,18.6,INACTIVE,Diploma,21/06/2017,6.8,preeti.dixit2872@company.com
501315,Sneha Bhatia,27.0,Marketing,Bengaluru,118488.88,,On Leave,Diploma,20-09-2023,4.7,sneha.bhatia1315@company.com
502207,Preeti Malik,,,Jaipur,,22.4,INACTIVE,bachelors,05-05-2015,8.8,preeti.malik2207@company.com
500429,Swati Agarwal,58.0,IT,Mumbai,85012.74,20.5,active,,2019-12-20,8.2,swati.agarwal429@company.com
504646,Gaurav Khanna,34.0,Marketing,Jaipur,60212.88,11.2,Inactive,Bachelors,03/02/2025,8.1,gaurav.khanna4646@company.com
501141,Nikhil Goel,30.0,sales,,43911.97,2.2,Active,,08/04/2025,4.1,nikhil.goel1141@company.com
500555,Divya Agarwal,38.0,Support,Lucknow,56174.77,13.0,On Leave,Masters,2016-08-22,9.8,divya.agarwal555@company.com
500626,Swati Mishra,36.0,MARKETING,,45301.29,15.7,On Leave,Masters,11/26/2025,3.8,swati.mishra626@company.com
501668,Shreya Chauhan,38.0,,,54677.74,7.0,active,Bachelors,2017-05-13,6.7,shreya.chauhan1668@company.com
500762,Swati Bose,49.0,,bengaluru,135202.59,16.2,Active,Masters,10-03-2024,3.2,swati.bose762@company.com
503313,Neha Thakur,27.0,Finance,Chennai,59654.71,0.0,Active,Bachelors,2018-03-12,1.7,neha.thakur3313@company.com
501247,Rohan Bhatia,22.0,Marketing,,33154.3,19.4,active,,10-10-2020,6.3,rohan.bhatia1247@company.com
500616,Rajesh Dixit,52.0,sales,Hyderabad,74885.95,1.6,INACTIVE,Diploma,01-12-2015,8.6,rajesh.dixit616@company.com
503534,priya khanna,59.0,Marketing,Lucknow,140232.62,29.2,,,04-03-2019,7.8,priya.khanna3534@company.com
503145,Sanjay Choudhary,43.0,Operations,Mumbai,,15.5,Inactive,bachelors,14/11/2019,3.2,sanjay.choudhary3145@company.com
504324,Ritu Thakur,55.0,it,Hyderabad,148869.07,21.4,Active,,09-06-2024,,ritu.thakur4324@company.com
501498,ISHA BANSAL,49.0,,Pune,103825.6,32.1,Inactive,Diploma,17/07/2018,5.8,isha.bansal1498@company.com
501273,Suresh Thakur,47.0,Marketing,Chennai,120601.84,29.6,,MASTERS,11/09/2024,4.3,suresh.thakur1273@company.com
503229,arjun trivedi,37.0,HR,Ahmedabad,147422.85,6.7,active,PhD,27-04-2016,2.8,arjun.trivedi3229@company.com
500794,Isha Agarwal,36.0,Support,bengaluru,33980.98,34.0,Inactive,Diploma,2015-05-08,6.5,isha.agarwal794@company.com
504730,Sanjay Choudhary,34.0,Logistics,Bengaluru,37319.73,6.5,Inactive,Bachelors,04/04/2015,,sanjay.choudhary4730@company.com
502761,  Rohan Pandey  ,27.0,HR,,,15.6,active,,03/27/2023,6.7,rohan.pandey3865@company.com
500433,Neha Saxena,47.0,Operations,Pune,147408.38,29.5,active,,06/13/2015,,neha.saxena433@company.com
504035,Rajesh Yadav,26.0,MARKETING,Jaipur,,28.7,active,,2017-12-13,,rajesh.yadav4035@company.com
502727,Nikhil Trivedi,27.0,Operations,Pune,68024.94,20.3,Active,PhD,14-05-2022,2.2,nikhil.trivedi2727@company.com
500635,Isha Yadav,26.0,IT,Chennai ,42191.31,9.9,INACTIVE,bachelors,07/15/2024,,isha.yadav635@company.com
500948,Priya Nanda,54.0,Operations,Bengaluru,,13.0,Inactive,PhD,25/01/2016,3.8,priya.nanda948@company.com
503304,Sneha Malik,57.0,Logistics,Pune,,16.0,,Diploma,15-12-2024,4.5,sneha.malik3304@company.com
504333,Ritu Rastogi,50.0,HR,Pune,130452.14,23.3,Active,Bachelors,10/10/2017,8.8,ritu.rastogi4333@company.com
501934,Sanjay Thakur,41.0,,Hyderabad,58525.27,18.6,Inactive,Diploma,04/26/2022,9.7,sanjay.thakur1934@company.com
504549,Meena Malik,56.0,Logistics,Lucknow,127313.68,13.5,Inactive,bachelors,06/18/2022,3.5,meena.malik4549@company.com
501817,Arjun Bansal,34.0,Support,Delhi,73263.25,4.3,On Leave,Bachelors,2020-06-20,4.0,
502183,Rahul Nanda,21.0,Support,,86758.41,24.7,On Leave,PhD,2025-02-19,1.5,rahul.nanda2183@company.com
502136,Amit Goel,22.0,Operations,Hyderabad,139421.25,14.4,INACTIVE,bachelors,2016-07-01,3.5,amit.goel2136@company.com
500947,Arjun Ghosh,,MARKETING,Hyderabad,67774.12,28.8,Inactive,Bachelors,22/05/2021,5.2,arjun.ghosh947@company.com
504443,Priya Choudhary,45.0,Operations,bengaluru,100669.68,7.6,Active,MASTERS,2024-12-01,3.3,priya.choudhary4443@company.com
502501,Rahul Agarwal,42.0,,Bengaluru,135508.0,34.5,INACTIVE,Diploma,04/22/2019,6.8,rahul.agarwal2501@company.com
502635,Deepak Khanna,27.0,,Chennai,134444.48,34.3,,MASTERS,2016-05-21,2.9,deepak.khanna2635@company.com
502559,Preeti Goel,30.0,HR, Delhi,126433.26,30.4,active,MASTERS,06/04/2016,3.6,preeti.goel2559@company.com
504245,  Swati Trivedi  ,37.0,Operations,Delhi,77382.19,23.9,On Leave,Diploma,10/13/2020,5.1,swati.trivedi4245@company.com
504546,Pooja Nanda,29.0,HR,Bengaluru,32005.85,,,Masters,20/12/2023,4.4,
500653,Divya Yadav,44.0,Marketing,Delhi,64194.31,22.6,On Leave,Diploma,04/06/2019,,divya.yadav653@company.com
504146,Manish Saxena,43.0,it,bengaluru,23369.54,29.1,Inactive,Masters,23-10-2025,4.4,manish.saxena4146@company.com
500768,Divya Sinha,48.0,Support,,129145.61,27.8,active,,,7.3,divya.sinha768@company.com
504536,Rajesh Pandey,27.0,,bengaluru,124099.42,19.6,Active,MASTERS,26-12-2019,5.2,rajesh.pandey4536@company.com
502276,  Neha Bhatia  ,28.0,sales,Ahmedabad,44342.64,32.2,INACTIVE,Masters,2017-12-11,2.3,neha.bhatia2276@company.com
501039,Nisha Bansal,38.0,,Lucknow,121114.54,12.1,,bachelors,09/09/2019,,nisha.bansal1039@company.com
501038,Preeti Yadav,41.0,,MUMBAI,64764.62,,On Leave,Masters,2018-10-23,1.2,preeti.yadav2211@company.com
503677,SWATI MALIK,46.0,Marketing,bengaluru,103912.42,2.3,Active,Bachelors,2018-07-07,8.1,swati.malik3677@company.com
501154,  Swati Dixit  ,37.0,sales,Bengaluru,137062.0,0.7,Inactive,Diploma,04/10/2017,3.9,swati.dixit1154@company.com
504584,Suresh Malik,54.0,Logistics,Chennai ,139899.88,34.3,,Bachelors,01/04/2022,8.9,suresh.malik4584@company.com
502247,  Swati Ghosh  ,53.0,Logistics,Lucknow,59331.13,24.4,,,10/19/2017,3.3,swati.ghosh2247@company.com
503861,Suresh Goel,52.0,HR, Delhi,89685.12,9.6,INACTIVE,,20-09-2021,,suresh.goel3861@company.com
500405,Sanjay Agarwal,45.0,Finance,Ahmedabad,48410.78,34.1,Active,MASTERS,12/12/2020,9.1,sanjay.agarwal405@company.com
503199,Nikhil Bhatia,37.0,Support,Bengaluru,24282.43,,On Leave,,2019-04-11,7.4,nikhil.bhatia3199@company.com
500660,Rajesh Bose,30.0,it,Delhi,91942.33,12.6,Inactive,,01/05/2019,5.1,rajesh.bose660@company.com
504224,  Rahul Goel  ,55.0,,Bengaluru,129383.69,14.3,Inactive,,12/24/2025,9.3,rahul.goel4224@company.com
500260,priya mishra,26.0,Logistics, Delhi,99728.68,5.0,Inactive,Diploma,21-05-2021,6.6,priya.mishra260@company.com
501157,Deepak Sinha,59.0,it,Bengaluru,22845.11,33.8,Inactive,,,6.2,deepak.sinha1157@company.com
500625,SANJAY BHATIA,48.0,Marketing,,26890.93,28.7,active,MASTERS,05/07/2019,,sanjay.bhatia625@company.com
504754,meena mishra,55.0,HR,,129600.92,22.6,Inactive,Bachelors,04/15/2021,7.1,meena.mishra4754@company.com
502895,NISHA AGARWAL,46.0,Operations,,,14.0,,PhD,2023-12-16,9.0,nisha.agarwal2895@company.com
504605,Kavita Dixit,52.0,Sales,MUMBAI,-39127.95,33.8,active,,10-04-2021,8.6,kavita.dixit4605@company.com
501905,Preeti Trivedi,27.0,IT,Kolkata,20490.62,32.7,,,2019-08-21,8.1,preeti.trivedi1905@company.com
500097,RAJESH BOSE,57.0,Operations,bengaluru,59806.81,,Inactive,,24-03-2020,3.8,rajesh.bose97@company.com
500176,Rahul Saxena,21.0,HR,Hyderabad,130423.05,5.8,On Leave,Bachelors,07-06-2015,8.8,rahul.saxena176@company.com
500875,Amit Mishra,27.0,Finance,Kolkata,139200.9,,,Bachelors,2020-09-14,7.7,amit.mishra875@company.com
504332,ISHA BOSE,24.0,it,Delhi,72331.61,1.1,INACTIVE,Diploma,26/11/2017,2.7,isha.bose4332@company.com
500419,Swati Mishra,37.0,Logistics,Mumbai,122525.12,33.5,INACTIVE,,11/16/2024,4.3,swati.mishra419@company.com
502432,  Isha Nanda  ,50.0,Logistics,Kolkata,96202.32,34.5,Active,Masters,01-07-2024,3.7,isha.nanda2432@company.com
504283,Ritu Trivedi,42.0,Sales,,38328.71,17.1,INACTIVE,PhD,06/24/2023,8.0,ritu.trivedi4283@company.com
502906,Neha Trivedi,46.0,MARKETING,,68048.04,27.6,,,06/04/2025,4.6,neha.trivedi2906@company.com
504356,SWATI SAXENA,32.0,HR,Jaipur,134422.02,3.9,Inactive,MASTERS,01/19/2015,9.2,swati.saxena4356@company.com
501193,ASHOK YADAV,35.0,Support,Mumbai,114062.88,13.4,Inactive,bachelors,08/13/2025,7.9,ashok.yadav1193@company.com
500113,NISHA TRIVEDI,35.0,sales,Kolkata,32360.3,23.2,active,Bachelors,06/26/2021,6.6,nisha.trivedi113@company.com
502616,Kavita Pandey,44.0,it,Chennai,128909.4,23.0,Active,Bachelors,06/03/2020,1.5,kavita.pandey2616@company.com
502099,Vijay Goel,44.0,Operations,Pune,140082.17,31.0,Inactive,Diploma,27/12/2024,,vijay.goel2099@company.com
503460,Rajesh Bose,36.0,IT,,66552.73,,INACTIVE,PhD,18-11-2021,7.6,rajesh.bose3460@company.com
504299,nisha goel,22.0,,Chennai,86274.46,13.4,INACTIVE,Masters,2023-06-13,3.8,nisha.goel4299@company.com
500594,Ashok Dixit,55.0,IT,Ahmedabad,32489.36,7.0,INACTIVE,Masters,03/09/2022,6.1,ashok.dixit594@company.com
502073,Simran Sinha,51.0,Sales,MUMBAI,34849.04,1.3,On Leave,Diploma,12-06-2015,9.1,simran.sinha2073@company.com
502960,Rahul Malik,39.0,sales,Hyderabad,100484.85,12.8,On Leave,,25-02-2019,6.8,
501735,Amit Mishra,37.0,Logistics,Kolkata,80884.01,34.7,INACTIVE,PhD,06/24/2018,4.3,amit.mishra1735@company.com
500549,Kavita Bhatia,22.0,Operations,Pune,105053.95,16.4,On Leave,,02/12/2025,3.1,kavita.bhatia549@company.com
500693,  Ritu Bansal  ,45.0,HR,MUMBAI,69967.9,10.1,Active,PhD,19-06-2017,5.4,ritu.bansal693@company.com
500187,RITU TRIVEDI,48.0,,Kolkata,107594.07,9.5,active,,04/02/2018,8.7,ritu.trivedi187@company.com
503061,Sanjay Bansal,58.0,,Chennai ,85547.42,23.3,,PhD,11/27/2020,7.8,sanjay.bansal3061@company.com
501829,Simran Malik,37.0,Sales, Delhi,,19.8,Inactive,bachelors,20/02/2024,,simran.malik1829@company.com
504257,Nikhil Yadav,24.0,Operations,Mumbai,137560.31,10.6,active,bachelors,2023-10-04,,nikhil.yadav4257@company.com
503522,Vikram Rastogi,57.0,HR,Chennai,,17.5,,,,3.7,vikram.rastogi3522@company.com
500562,Neha Trivedi,41.0,Logistics,,106156.36,24.4,On Leave,,12/03/2016,2.2,neha.trivedi562@company.com
501580,preeti chauhan,44.0,sales,Pune,37141.37,8.1,On Leave,,2023-06-17,7.9,preeti.chauhan1580@company.com
500913,Shreya Agarwal,51.0,HR,Delhi,127944.27,10.2,INACTIVE,Masters,05/04/2020,6.2,shreya.agarwal913@company.com
502047,Swati Chauhan,55.0,,Ahmedabad,53591.36,11.1,Active,,14/07/2024,3.1,swati.chauhan2047@company.com
504056,Ashok Agarwal,34.0,IT,Ahmedabad,27326.15,5.2,,MASTERS,23-03-2023,3.0,ashok.agarwal4056@company.com
503868,Arjun Khanna,46.0,it,,87876.97,5.0,,,07/02/2018,3.9,arjun.khanna3868@company.com
500662,  Kavita Mishra  ,27.0,Support,,38951.67,33.8,Inactive,PhD,2021-06-05,8.4,kavita.mishra662@company.com
503922,Gaurav Dixit,38.0,Logistics,Chennai ,30158.55,27.0,,Bachelors,08/10/2021,,gaurav.dixit3922@company.com
501831,rajesh bhatia,46.0,sales,Bengaluru,105948.06,27.4,Inactive,Bachelors,12-08-2019,7.1,rajesh.bhatia1831@company.com
502998,Nikhil Yadav,57.0,Sales,Mumbai,127670.56,26.3,active,Masters,20-12-2022,2.8,nikhil.yadav2998@company.com
503411,Meena Saxena,23.0,Logistics,Chennai ,93683.55,19.2,,,,5.9,meena.saxena3411@company.com
503614,Nisha Trivedi,33.0,,Pune,75263.79,,Active,,2021-06-12,1.9,nisha.trivedi3614@company.com
501836,POOJA BANSAL,49.0,Operations,Chennai,123658.05,18.9,INACTIVE,,11/04/2024,1.5,pooja.bansal1836@company.com
501991,Karan Mishra,25.0,Logistics,Ahmedabad,99434.85,20.7,INACTIVE,,10/21/2025,5.2,karan.mishra1991@company.com
500616,Rajesh Dixit,52.0,sales,Hyderabad,74885.95,1.6,INACTIVE,Diploma,01-12-2015,8.6,rajesh.dixit616@company.com
504522,Isha Bose,57.0,Operations,Ahmedabad,,27.4,INACTIVE,Bachelors,2020-06-04,2.0,isha.bose4522@company.com
503966,Arjun Pandey,50.0,IT, Delhi,22995.63,12.8,Active,Masters,2021-09-10,3.5,arjun.pandey3966@company.com
503524,VIJAY BOSE,59.0,Logistics,bengaluru,128709.73,6.0,Active,,03/17/2022,4.8,vijay.bose3524@company.com
503804,Arjun Bansal,35.0,Sales,Jaipur,76304.52,9.3,INACTIVE,Bachelors,24/05/2016,2.5,arjun.bansal3804@company.com
500454,Nikhil Dixit,41.0,MARKETING,bengaluru,87461.98,,,,23-06-2025,2.3,nikhil.dixit454@company.com
503176,Nisha Nanda,25.0,Support,Kolkata,88481.54,20.8,Inactive,Masters,13/08/2023,1.3,nisha.nanda3176@company.com
502547,Rajesh Rastogi,34.0,MARKETING,Bengaluru,35594.55,5.0,INACTIVE,,2021-07-10,3.7,rajesh.rastogi2547@company.com
502970,ASHOK CHOUDHARY,37.0,HR,,106175.44,1.9,INACTIVE,Diploma,2025-10-12,7.8,ashok.choudhary2970@company.com
503104,Deepak Rastogi,55.0,sales,Kolkata,71615.9,26.7,active,PhD,14/08/2021,4.1,deepak.rastogi3104@company.com
500530,Priya Khanna,57.0,it,,42901.76,2.2,,Masters,10/04/2025,8.9,priya.khanna530@company.com
504496,Nikhil Trivedi,21.0,IT,MUMBAI,26202.31,20.9,INACTIVE,Masters,01/23/2020,8.1,nikhil.trivedi4496@company.com
501964,AMIT AGARWAL,21.0,IT,Lucknow,77984.32,5.9,Active,Diploma,2021-06-04,,amit.agarwal1964@company.com
504476,Simran Choudhary,29.0,Marketing,,,29.2,INACTIVE,PhD,02/07/2017,9.2,simran.choudhary4476@company.com
501475,Amit Rastogi,46.0,Sales,Kolkata,114871.97,5.6,INACTIVE,Diploma,21/01/2022,,amit.rastogi1475@company.com
501907,Swati Sinha,32.0,Sales,Lucknow,118840.42,17.1,INACTIVE,Diploma,2018-01-07,7.5,swati.sinha1907@company.com
503673,Rahul Goel,53.0,MARKETING,Ahmedabad,,13.3,INACTIVE,PhD,12/01/2025,5.9,rahul.goel3673@company.com
504214,  Vijay Goel  ,44.0,HR,Chennai ,76850.38,9.5,,MASTERS,2025-01-24,9.9,vijay.goel4214@company.com
501764,SWATI TRIVEDI,26.0,Support,bengaluru,20866.85,12.4,,Diploma,03/14/2017,3.0,swati.trivedi1764@company.com
501850,  Rajesh Trivedi  ,37.0,,Chennai ,63468.39,,On Leave,PhD,10/15/2021,3.2,rajesh.trivedi1850@company.com
502565,  Neha Bhatia  ,,HR,Chennai,,24.2,Inactive,,16-10-2020,4.6,neha.bhatia2565@company.com
501492,Amit Chauhan,51.0,Sales,MUMBAI,75057.78,1.4,INACTIVE,PhD,07/08/2015,7.7,amit.chauhan1492@company.com
501312,priya agarwal,28.0,IT,MUMBAI,143402.26,14.8,,PhD,07-08-2018,8.5,priya.agarwal1312@company.com
502782,Gaurav Dixit,28.0,Sales,Mumbai,81414.48,10.9,INACTIVE,,2018-05-02,6.9,gaurav.dixit2782@company.com
502261,Sneha Mishra,41.0,Marketing,,135594.33,,Active,Diploma,22-12-2025,2.7,sneha.mishra2261@company.com
504005,rajesh goel,33.0,Support,MUMBAI,104878.49,,Inactive,Masters,17-06-2025,6.1,rajesh.goel4005@company.com
501481,Simran Ghosh,43.0,MARKETING,Lucknow,81391.23,2.1,Active,Bachelors,24-07-2020,5.1,simran.ghosh1481@company.com
502693,  Sneha Thakur  ,52.0,sales,MUMBAI,115075.43,26.0,On Leave,,27/06/2020,,sneha.thakur2693@company.com
502137,Karan Nanda,33.0,Marketing,Ahmedabad,115893.21,8.7,On Leave,Bachelors,2023-08-07,1.5,karan.nanda2137@company.com
504881,DEEPAK AGARWAL,28.0,Marketing,Chennai,128469.55,26.3,,MASTERS,17/09/2025,3.0,deepak.agarwal4881@company.com
503250,Sanjay Agarwal,50.0,Finance,Chennai ,73761.77,22.6,,,02/23/2021,,sanjay.agarwal3250@company.com
501508,Karan Khanna,,,Pune,86426.86,29.4,INACTIVE,bachelors,10-02-2015,4.8,
501127,Swati Yadav,45.0,it,Chennai ,84109.23,7.9,,Bachelors,07-05-2025,5.0,swati.yadav1127@company.com
503648,Anjali Rastogi,,Marketing,Jaipur,122037.88,7.1,,MASTERS,03-11-2025,9.8,anjali.rastogi3648@company.com
500101,VIKRAM MISHRA,57.0,HR, Delhi,54558.0,16.6,Inactive,PhD,09/12/2019,9.7,vikram.mishra101@company.com
500568,Deepak Thakur,57.0,HR,Lucknow,81733.64,32.6,,Diploma,14-03-2024,5.9,deepak.thakur568@company.com
503098,Isha Sinha,39.0,,,107892.0,28.8,On Leave,Masters,08-10-2025,7.5,isha.sinha3098@company.com
504313,Nikhil Bhatia,49.0,MARKETING,bengaluru,41873.02,8.5,On Leave,,08/03/2020,2.5,nikhil.bhatia4313@company.com
502549,Anjali Bose,54.0,HR,Lucknow,28142.72,31.4,INACTIVE,PhD,2022-07-12,3.7,anjali.bose2549@company.com
502599,Ashok Rastogi,,Finance, Delhi,62280.6,23.8,Inactive,,2017-10-24,9.7,ashok.rastogi2599@company.com
500840,Preeti Malik,32.0,Finance,Mumbai,116439.55,31.7,Active,MASTERS,08/24/2018,2.6,preeti.malik840@company.com
503635,Rahul Chauhan,51.0,IT,,31191.32,,INACTIVE,PhD,15-11-2015,7.0,rahul.chauhan3635@company.com
503674,Kavita Choudhary,24.0,Logistics, Delhi,25583.51,16.6,Inactive,Bachelors,20-03-2022,7.9,kavita.choudhary3674@company.com
503730,Pooja Ghosh,24.0,,Ahmedabad,46239.84,10.9,active,Masters,06/02/2024,7.5,pooja.ghosh3730@company.com
500818,KAVITA MISHRA,25.0,MARKETING,Chennai,149644.99,19.6,Inactive,Diploma,05/06/2024,6.4,kavita.mishra818@company.com
502010,  Isha Bose  ,29.0,Operations,MUMBAI,116450.93,1.3,On Leave,Masters,11/14/2017,1.6,isha.bose2010@company.com
502705,  Rahul Sinha  ,45.0,Marketing,Jaipur,26365.66,20.1,Inactive,,07/20/2018,5.5,rahul.sinha2705@company.com
502808,Shreya Choudhary,,MARKETING,Hyderabad,141873.63,,INACTIVE,Diploma,03/27/2016,8.7,shreya.choudhary2808@company.com
500859,Shreya Chauhan,,Finance,Chennai,121119.06,34.6,INACTIVE,,22-04-2021,8.0,shreya.chauhan859@company.com
501291,Karan Yadav,44.0,Support,Bengaluru,56854.43,3.2,,PhD,02/25/2022,,karan.yadav1291@company.com
503598,Shreya Trivedi,24.0,,Jaipur,42454.71,19.4,,PhD,2017-11-15,2.0,shreya.trivedi3598@company.com
500170,Rohan Chauhan,56.0,sales,MUMBAI,91451.1,17.6,active,,12/11/2025,3.7,rohan.chauhan170@company.com
501837,Kavita Thakur,45.0,IT,Mumbai,143418.01,33.2,,Masters,,10.0,kavita.thakur1837@company.com
502133,Meena Khanna,27.0,Finance,Chennai,62842.09,7.8,,,07-09-2016,9.2,meena.khanna2133@company.com
504152,Rahul Bose,24.0,Logistics,Chennai,130172.69,9.3,,PhD,2017-02-07,1.5,rahul.bose4152@company.com
503914,Sneha Bansal,51.0,sales,Bengaluru,112112.29,,,Masters,2019-07-27,2.2,sneha.bansal3914@company.com
503331,Simran Malik,39.0,Support,Delhi,,13.8,On Leave,bachelors,06/01/2022,4.8,simran.malik3331@company.com
502352,Manish Bose,21.0,IT,Kolkata,81537.81,22.4,On Leave,,2018-05-02,8.9,manish.bose2352@company.com
502577,Rahul Bose,41.0,HR,Bengaluru,139383.12,11.7,active,Bachelors,2020-09-25,9.5,rahul.bose2577@company.com
503124,Priya Mishra,38.0,it,Pune,46524.59,1.1,INACTIVE,,04-09-2019,4.6,priya.mishra3124@company.com
500869,Deepak Agarwal,54.0,Support,MUMBAI,116024.79,33.2,Inactive,PhD,2019-06-13,3.1,deepak.agarwal869@company.com
501716,Ashok Saxena,52.0,Sales,Chennai ,43201.86,24.2,active,Bachelors,2021-12-11,3.6,ashok.saxena1716@company.com
504464,Priya Ghosh,39.0,,Kolkata,21747.12,15.4,Active,bachelors,10/25/2021,2.4,priya.ghosh4464@company.com
503374,amit ghosh,36.0,it,,148636.43,13.2,On Leave,Bachelors,17/06/2025,7.7,
504490,arjun thakur,45.0,, Delhi,,29.6,Inactive,MASTERS,2021-06-21,3.0,arjun.thakur4490@company.com
501075,Pooja Goel,,Sales,Pune,102288.62,14.4,Active,bachelors,21/08/2025,1.6,pooja.goel1075@company.com
503197,Preeti Pandey,45.0,HR,Jaipur,144061.55,20.8,,bachelors,,7.2,preeti.pandey3197@company.com
504931,Simran Saxena,56.0,IT, Delhi,75384.52,,Active,,03/17/2019,4.9,simran.saxena4931@company.com
503932,Manish Goel,58.0,Sales,Pune,22461.78,32.7,,Bachelors,2025-01-08,2.9,manish.goel3932@company.com
504151,RAJESH THAKUR,36.0,Support,Ahmedabad,60583.37,27.7,,MASTERS,12/04/2015,5.0,rajesh.thakur4151@company.com
500423,Sneha Pandey,59.0,Operations,Chennai,142644.02,27.6,,Masters,27/12/2024,2.7,sneha.pandey423@company.com
504889,Amit Dixit,46.0,sales,Ahmedabad,105844.9,,,PhD,2025-03-26,8.3,amit.dixit4889@company.com
501342,Vikram Nanda,40.0,IT,,110363.08,3.7,,PhD,12/26/2025,3.9,vikram.nanda1342@company.com
504310,Priya Mishra,49.0,,Delhi,70814.54,9.2,,Bachelors,2018-04-12,9.8,priya.mishra4310@company.com
504761,Divya Mishra,34.0,Finance, Delhi,110053.22,,active,Diploma,27/05/2016,9.9,divya.mishra4761@company.com
501658,Ashok Yadav,32.0,Finance,bengaluru,43941.34,2.0,Active,bachelors,17/06/2024,3.2,ashok.yadav1658@company.com
501529,Arjun Bose,29.0,Finance,bengaluru,31737.66,26.3,,,09/12/2024,7.3,arjun.bose1529@company.com
501173,simran choudhary,32.0,MARKETING,Hyderabad,104258.09,11.3,Active,,,6.5,simran.choudhary1173@company.com
504574,Nikhil Ghosh,21.0,Operations,Jaipur,89161.74,3.9,Inactive,Diploma,11/06/2024,3.9,nikhil.ghosh4574@company.com
500843,Sanjay Malik,32.0,it, Delhi,77738.39,21.7,Inactive,bachelors,06/23/2016,6.3,sanjay.malik843@company.com
501385,Vijay Bansal,53.0,HR,,27001.17,29.8,On Leave,Bachelors,2022-10-20,3.9,vijay.bansal1385@company.com
502657,isha yadav,24.0,Support,,114296.1,20.9,Inactive,PhD,18/12/2024,1.2,isha.yadav2657@company.com
501967,Simran Dixit,52.0,Finance,MUMBAI,,5.2,INACTIVE,Diploma,26/08/2021,9.7,simran.dixit1967@company.com
500300,VIJAY NANDA,29.0,Finance, Delhi,43320.57,16.5,Active,,10/07/2024,6.8,vijay.nanda300@company.com
503644,  Ashok Agarwal  ,53.0,MARKETING,Chennai,30902.25,22.8,INACTIVE,MASTERS,11-10-2019,5.0,ashok.agarwal3644@company.com
500458,Neha Pandey,53.0,,MUMBAI,,32.0,Inactive,PhD,2017-09-24,9.3,neha.pandey458@company.com
501811,Rajesh Mishra,55.0,Operations,,140843.57,18.1,On Leave,,22-01-2022,8.6,rajesh.mishra1811@company.com
500517,SNEHA MISHRA,27.0,Sales,Chennai ,119366.25,18.5,Inactive,MASTERS,19-01-2024,2.0,sneha.mishra517@company.com
504783,Shreya Goel,56.0,IT,Jaipur,,22.4,INACTIVE,Masters,2015-01-24,5.7,shreya.goel4783@company.com
504882,rajesh bhatia,35.0,it,Delhi,33748.77,28.3,,,,3.8,rajesh.bhatia4882@company.com
504590,ANJALI BHATIA,23.0,it,Chennai ,119767.47,3.7,INACTIVE,Diploma,11/03/2024,8.8,anjali.bhatia4590@company.com
504000,Isha Bansal,38.0,,Chennai,75686.17,23.6,Inactive,PhD,05-11-2016,3.9,isha.bansal4000@company.com
502963,Karan Yadav,,Operations,Ahmedabad,146412.91,0.7,Active,bachelors,22/07/2015,4.1,karan.yadav2963@company.com
502670,Sanjay Bhatia,40.0,it,Kolkata,123109.31,24.7,,,16-05-2023,,sanjay.bhatia2670@company.com
503412,Swati Nanda,21.0,Operations,Pune,30422.19,24.9,,Bachelors,13-12-2021,5.5,swati.nanda3412@company.com
501690,Pooja Yadav,53.0,Sales,Chennai,22711.68,33.8,Inactive,PhD,14/10/2022,1.0,pooja.yadav1690@company.com
503326,POOJA SINHA,51.0,IT,bengaluru,133808.29,24.7,On Leave,MASTERS,04-10-2024,,pooja.sinha3326@company.com
500462,Ashok Thakur,33.0,it, Delhi,35449.62,27.1,Active,Masters,08/22/2016,3.2,ashok.thakur462@company.com
504678,Pooja Bose,25.0,it,Kolkata,47555.81,17.0,On Leave,Masters,08/13/2022,9.3,pooja.bose4678@company.com
502367,Amit Pandey,51.0,,,54290.48,0.4,On Leave,PhD,05/11/2018,4.6,amit.pandey2367@company.com
501199,Swati Chauhan,33.0,HR,Bengaluru,65252.3,3.7,active,Bachelors,08/21/2018,8.8,swati.chauhan1199@company.com
504222,anjali malik,46.0,HR,Delhi,51832.12,23.8,INACTIVE,MASTERS,19-07-2018,9.9,anjali.malik4222@company.com
501708,Preeti Bansal,52.0,Sales,Chennai ,119574.99,23.7,,MASTERS,02/01/2019,6.8,preeti.bansal1708@company.com
502355,arjun bansal,30.0,Logistics,Chennai,32357.28,2.5,INACTIVE,Diploma,2021-02-12,2.0,arjun.bansal2355@company.com
500535,Arjun Chauhan,47.0,Support,Delhi,31400.39,10.1,,Diploma,2025-11-06,8.2,arjun.chauhan535@company.com
501874,Gaurav Mishra,42.0,MARKETING,Bengaluru,109559.51,23.1,active,bachelors,17-10-2022,1.0,gaurav.mishra1874@company.com
500676,SIMRAN SINHA,53.0,Support,Kolkata,122001.75,23.4,Inactive,Bachelors,10-08-2024,3.5,simran.sinha676@company.com
500570,Swati Bansal,32.0,it, Delhi,130025.63,,INACTIVE,,2016-02-18,4.4,swati.bansal570@company.com
502419,Meena Rastogi,37.0,Finance,,139290.69,17.4,Inactive,,20/11/2017,1.8,meena.rastogi2419@company.com
502391,Rajesh Goel,21.0,MARKETING, Delhi,31160.49,8.6,Active,,10/14/2023,1.5,rajesh.goel2391@company.com
500510,  Sanjay Bose  ,56.0,,Chennai,109994.25,11.3,Inactive,Bachelors,08-12-2019,3.3,sanjay.bose510@company.com
503836,Arjun Bose,58.0,sales,Pune,102379.27,30.5,,MASTERS,07/04/2024,6.4,arjun.bose3836@company.com
502248,Rajesh Nanda,31.0,Finance,Lucknow,137688.12,11.9,active,MASTERS,01/04/2016,4.7,rajesh.nanda2248@company.com
500872,Priya Choudhary,49.0,IT,Pune,61860.14,21.2,active,Masters,01/01/2018,2.6,priya.choudhary872@company.com
500239,Preeti Bhatia,45.0,Marketing,,123645.57,2.9,INACTIVE,Masters,,8.1,preeti.bhatia239@company.com
500093,Ashok Thakur,34.0,Operations,,148904.75,14.6,Inactive,Masters,07/21/2023,3.8,ashok.thakur93@company.com
502214,Simran Nanda,39.0,Operations,Delhi,124225.22,3.6,active,,02-01-2020,6.8,simran.nanda2214@company.com
501271,shreya nanda,40.0,Operations,Ahmedabad,63427.04,30.7,,MASTERS,10/04/2023,1.8,shreya.nanda1271@company.com
504900,Divya Choudhary,,,Mumbai,24937.8,17.7,INACTIVE,,2017-04-23,7.8,divya.choudhary4900@company.com
502876,Priya Bhatia,29.0,it,Chennai ,27085.37,0.9,On Leave,,05/27/2020,,priya.bhatia2876@company.com
503494,Pooja Bose,50.0,it,Jaipur,119867.55,13.5,Inactive,,2024-03-01,2.1,pooja.bose3494@company.com
502397,Ashok Malik,27.0,Logistics, Delhi,80773.18,5.4,,MASTERS,10-02-2022,9.3,ashok.malik2397@company.com
503950,Rohan Bansal,25.0,HR,Delhi,95884.45,21.7,Inactive,,27-06-2020,6.4,rohan.bansal3950@company.com
502185,Amit Malik,37.0,Finance,bengaluru,121604.71,33.9,,Bachelors,18/10/2024,1.5,amit.malik2185@company.com
501781,Pooja Nanda,40.0,,Pune,32835.76,0.8,Inactive,MASTERS,18/07/2017,10.0,pooja.nanda1781@company.com
501968,Deepak Trivedi,58.0,,,48615.19,2.0,Inactive,Masters,03/16/2021,3.9,deepak.trivedi1968@company.com
500341,Gaurav Chauhan,25.0,MARKETING,Mumbai,128547.51,0.3,Inactive,bachelors,2016-06-19,3.9,gaurav.chauhan341@company.com
500061,  Isha Bhatia  ,,Sales,Chennai,129901.63,10.9,Inactive,MASTERS,2017-11-01,6.3,isha.bhatia61@company.com
502384,Swati Agarwal,56.0,Marketing,,91588.24,1.0,active,Masters,10/25/2018,4.1,swati.agarwal2384@company.com
504567,suresh yadav,38.0,it,,69528.88,15.1,Inactive,,2022-03-19,5.5,suresh.yadav4567@company.com
504539,deepak khanna,54.0,,Bengaluru,82188.97,16.6,active,,04-12-2022,7.7,deepak.khanna4539@company.com
503776,SHREYA GOEL,32.0,Logistics,Kolkata,86626.06,5.4,INACTIVE,,04/02/2023,4.9,shreya.goel3776@company.com
502648,Gaurav Bhatia,44.0,HR,Hyderabad,88252.38,,active,,23-03-2015,1.9,gaurav.bhatia2648@company.com
500702,Sneha Rastogi,37.0,HR,,41179.8,34.6,Active,bachelors,16/01/2020,7.6,sneha.rastogi702@company.com
503078,Simran Yadav,44.0,Sales, Delhi,115334.74,34.6,Active,Bachelors,27/10/2023,3.6,simran.yadav3078@company.com
501751,Manish Agarwal,22.0,Support,Hyderabad,120034.66,15.9,Inactive,,26/06/2020,6.5,manish.agarwal1751@company.com
503111,Preeti Bhatia,47.0,HR,Pune,,7.0,INACTIVE,bachelors,2024-08-13,9.8,preeti.bhatia3111@company.com
504770,Arjun Rastogi,54.0,,Mumbai,131564.53,9.6,INACTIVE,bachelors,27-01-2017,9.2,arjun.rastogi4770@company.com
503849,Ashok Ghosh,26.0,,,104709.61,23.4,active,Masters,21/02/2025,2.0,ashok.ghosh3849@company.com
500051,Vijay Agarwal,59.0,Operations,Ahmedabad,142516.56,22.0,active,,2018-09-04,9.5,vijay.agarwal2231@company.com
504140,Amit Bansal,29.0,Marketing,Chennai,89042.32,10.5,Inactive,PhD,18-01-2023,9.9,amit.bansal4140@company.com
500165,Sneha Choudhary,24.0,Support,bengaluru,94895.62,0.1,active,,09/09/2017,2.2,sneha.choudhary165@company.com
500914,Arjun Chauhan,,Logistics, Delhi,131822.57,25.1,active,bachelors,2020-04-07,4.2,arjun.chauhan914@company.com
501893,Vikram Ghosh,27.0,IT,Lucknow,53462.89,26.4,On Leave,Diploma,16-04-2015,7.3,vikram.ghosh1893@company.com
503606,Swati Malik,41.0,sales,,62245.7,34.3,INACTIVE,Masters,,4.9,swati.malik3606@company.com
500092,Sneha Bose,40.0,,,,33.8,INACTIVE,,13/12/2021,7.1,sneha.bose92@company.com
502601,Karan Ghosh,58.0,,Ahmedabad,148152.73,,On Leave,bachelors,12/01/2024,6.3,karan.ghosh2601@company.com
503533,Nikhil Pandey,24.0,Marketing,Jaipur,31489.77,22.8,Active,MASTERS,09/26/2024,,nikhil.pandey3533@company.com
500080,Manish Saxena,40.0,sales,Delhi,,8.5,On Leave,Masters,01/26/2016,8.9,manish.saxena80@company.com
500632,Arjun Rastogi,38.0,Finance,Jaipur,21605.57,1.6,On Leave,,2024-11-10,2.6,arjun.rastogi632@company.com
501861,SWATI BANSAL,54.0,Sales,Bengaluru,22818.48,24.2,INACTIVE,MASTERS,2015-05-06,,swati.bansal1861@company.com
504311,nisha chauhan,34.0,,MUMBAI,,,,Masters,04/10/2022,9.4,nisha.chauhan4311@company.com
502815,  Rohan Goel  ,29.0,MARKETING,Chennai ,106625.53,18.1,active,PhD,23-07-2019,1.8,rohan.goel2815@company.com
504062,Priya Malik,39.0,Operations,MUMBAI,79780.31,9.8,Inactive,Bachelors,05/21/2016,2.1,priya.malik4062@company.com
503998,Nikhil Bose,26.0,Operations,Pune,57309.54,26.5,,bachelors,03-10-2015,9.9,nikhil.bose3998@company.com
504518,Gaurav Rastogi,50.0,Logistics, Delhi,32739.0,8.6,On Leave,MASTERS,07/06/2024,2.1,gaurav.rastogi4518@company.com
503079,Shreya Ghosh,53.0,MARKETING,Jaipur,113736.89,27.1,,PhD,04/07/2024,8.4,shreya.ghosh3079@company.com
504185,Deepak Khanna,50.0,sales,Bengaluru,65463.41,9.3,,Masters,18/07/2024,4.5,deepak.khanna4185@company.com
503689,Pooja Thakur,58.0,Marketing,Pune,95469.34,9.7,Active,MASTERS,2019-04-27,8.8,pooja.thakur3689@company.com
502078,rohan bose,27.0,Sales,Kolkata,42063.74,30.8,Inactive,MASTERS,27-04-2020,3.1,rohan.bose2078@company.com
502271,POOJA MALIK,29.0,Operations,Chennai ,44331.61,9.8,Inactive,Diploma,16/01/2021,5.7,pooja.malik2271@company.com
504277,Amit Khanna,34.0,Finance,Lucknow,116789.05,4.4,active,PhD,08/11/2022,,amit.khanna4277@company.com
502093,Isha Pandey,56.0,Finance, Delhi,77846.8,28.0,,bachelors,10/07/2023,4.4,isha.pandey2093@company.com
501213,Deepak Yadav,46.0,sales,Bengaluru,131203.92,4.0,active,,2021-12-18,7.2,deepak.yadav1213@company.com
503976,Rahul Nanda,58.0,sales, Delhi,,16.8,Active,Diploma,09/06/2017,8.9,rahul.nanda3976@company.com
503641,Sneha Yadav,57.0,Marketing,Lucknow,116902.77,0.3,Inactive,Bachelors,2015-02-09,4.3,sneha.yadav3641@company.com
500390,AMIT PANDEY,,,Chennai,123120.99,0.4,Inactive,Diploma,01-05-2016,4.0,amit.pandey390@company.com
504772,Sneha Thakur,55.0,Support,MUMBAI,149306.74,22.4,On Leave,,18/11/2017,9.2,sneha.thakur4772@company.com
503604,Ashok Bose,55.0,sales,Jaipur,108602.5,22.3,On Leave,bachelors,25-08-2016,5.6,ashok.bose3604@company.com
500828,arjun bose,37.0,,Delhi,,27.3,On Leave,,2015-08-08,1.9,arjun.bose828@company.com
501490,Divya Sinha,29.0,IT,Ahmedabad,67506.83,29.4,Inactive,bachelors,01-05-2024,4.0,divya.sinha1490@company.com
502029,Ashok Bansal,57.0,,Kolkata,73441.65,25.9,On Leave,,11/18/2015,8.7,ashok.bansal2029@company.com
504977,Neha Nanda,43.0,Operations,Hyderabad,28982.63,4.7,On Leave,,18-01-2020,5.6,neha.nanda4977@company.com
504294,Kavita Agarwal,50.0,Finance,Kolkata,122882.41,31.6,Inactive,Bachelors,21-05-2025,8.1,
503033,rahul rastogi,23.0,,bengaluru,31398.37,7.7,,,25/01/2022,6.5,rahul.rastogi3033@company.com
503386,Nisha Pandey,,IT,Pune,63771.07,27.3,active,MASTERS,,3.7,nisha.pandey3386@company.com
501939,vijay saxena,37.0,,Lucknow,114607.88,1.7,,PhD,01/04/2020,5.7,vijay.saxena1939@company.com
501906,Gaurav Goel,26.0,MARKETING,Kolkata,98590.28,,Active,PhD,16/09/2018,8.4,gaurav.goel1906@company.com
501978,simran rastogi,,MARKETING,Hyderabad,22385.25,22.3,On Leave,Masters,2020-01-23,2.8,simran.rastogi1978@company.com
500854,Divya Trivedi,35.0,IT,,128672.78,17.3,,,12/16/2021,5.9,divya.trivedi854@company.com
502498,Gaurav Ghosh,21.0,MARKETING,Ahmedabad,141983.28,19.4,active,bachelors,10-12-2024,4.0,gaurav.ghosh2498@company.com
503472,Sneha Rastogi,42.0,it,MUMBAI,49078.66,20.9,Active,,02-09-2020,1.4,sneha.rastogi3472@company.com
503255,Ashok Goel,25.0,MARKETING,Lucknow,71160.82,24.5,Inactive,,2021-01-10,,ashok.goel3255@company.com
500682,Vikram Nanda,35.0,Logistics,Delhi,47122.12,25.2,Inactive,Diploma,22-03-2016,1.3,vikram.nanda682@company.com
502797,Nikhil Thakur,,Logistics,Chennai ,92680.53,12.8,active,Diploma,2025-11-25,5.0,nikhil.thakur2797@company.com
500946,Vikram Yadav,34.0,Operations,Delhi,20942.56,6.9,Inactive,,03-10-2018,9.0,vikram.yadav946@company.com
502620,anjali khanna,,sales,Bengaluru,113498.76,8.6,On Leave,Diploma,01/01/2016,5.9,anjali.khanna2620@company.com
500599,Nikhil Pandey,31.0,Support,bengaluru,,1.2,active,PhD,10/04/2021,1.1,nikhil.pandey599@company.com
501093,Isha Ghosh,28.0,Logistics,Chennai,124425.15,31.1,Inactive,Bachelors,27/04/2017,1.6,isha.ghosh1093@company.com
500313,Preeti Bansal,25.0,sales,Bengaluru,139516.66,27.2,Active,PhD,2016-07-05,8.4,preeti.bansal313@company.com
501880,ANJALI NANDA,49.0,it,Delhi,97607.94,10.4,,bachelors,2018-08-21,2.5,anjali.nanda1880@company.com
501721,sneha sinha,23.0,Operations,Mumbai,128248.89,22.0,Active,,24-06-2025,1.2,
501777,Simran Ghosh,42.0,Support,Ahmedabad,24640.53,35.0,,bachelors,11/11/2021,,simran.ghosh564@company.com
504525,Rohan Saxena,25.0,Operations, Delhi,81927.58,4.2,Inactive,MASTERS,03/09/2018,3.9,rohan.saxena4525@company.com
501176,Simran Trivedi,31.0,MARKETING,,60235.35,2.4,Inactive,,02-08-2019,6.5,simran.trivedi1176@company.com
504239,Preeti Saxena,49.0,Support,Delhi,83783.93,3.8,Active,PhD,04/06/2024,7.8,preeti.saxena4239@company.com
503120,Neha Chauhan,41.0,IT,Ahmedabad,29346.07,25.5,active,Masters,2024-07-05,4.7,neha.chauhan3120@company.com
502537,Kavita Rastogi,33.0,sales,Ahmedabad,-94287.89,,,PhD,2025-12-02,5.9,kavita.rastogi2537@company.com
500972,Nisha Ghosh,,Sales,Ahmedabad,113596.51,2.5,Inactive,Diploma,23/01/2019,6.1,nisha.ghosh972@company.com
504755,Swati Nanda,40.0,HR,Kolkata,50991.7,13.7,INACTIVE,Diploma,2016-02-13,4.4,swati.nanda4755@company.com
501571,Swati Dixit,34.0,MARKETING,Mumbai,47164.64,20.3,Active,PhD,01/05/2024,3.9,swati.dixit1571@company.com
503272,Vijay Bansal,55.0,Logistics,,135959.62,25.0,,Diploma,2025-01-12,,vijay.bansal3272@company.com
503210,Deepak Dixit,46.0,Finance,Kolkata,31110.55,25.3,On Leave,,08-04-2019,2.6,deepak.dixit3210@company.com
500268,Rajesh Bansal,30.0,,Chennai,45884.82,22.5,active,,24/04/2016,5.2,rajesh.bansal268@company.com
504589,Nisha Ghosh,39.0,,,48077.28,29.5,Inactive,PhD,05/12/2024,3.0,nisha.ghosh4589@company.com
503662,Swati Saxena,35.0,Marketing,Ahmedabad,37513.14,29.9,Active,,08/27/2025,2.5,swati.saxena3662@company.com
500137,sanjay agarwal,30.0,Support,Ahmedabad,121819.49,7.6,INACTIVE,Bachelors,2025-01-25,7.2,sanjay.agarwal137@company.com
500402,Rajesh Saxena,57.0,,Kolkata,62517.59,11.5,On Leave,bachelors,16/10/2019,1.6,rajesh.saxena402@company.com
504368,Manish Thakur,46.0,Logistics,,67654.09,,Active,Diploma,06/12/2015,5.0,manish.thakur4368@company.com
503001,MEENA AGARWAL,22.0,Finance,Bengaluru,64850.49,31.7,,Diploma,05/01/2018,6.3,meena.agarwal3001@company.com
504190,Simran Bansal,25.0,,,135364.68,22.7,active,,08/05/2018,8.1,
504886,isha sinha,50.0,Sales, Delhi,122097.57,6.8,active,Masters,27-02-2021,7.3,isha.sinha4886@company.com
500004,Vijay Nanda,29.0,sales,Bengaluru,149261.33,18.2,Active,Masters,08/11/2019,7.6,vijay.nanda4@company.com
504708,Karan Mishra,38.0,it,Kolkata,85446.07,8.8,active,,04/10/2015,3.5,karan.mishra4708@company.com
504753,Nikhil Khanna,59.0,, Delhi,86668.08,19.1,Active,MASTERS,11-04-2020,8.4,nikhil.khanna4753@company.com
503946,Rajesh Khanna,52.0,Marketing,Delhi,100788.48,2.5,,MASTERS,06/08/2023,1.8,rajesh.khanna3946@company.com
503439,Nisha Sinha,36.0,Logistics,Bengaluru,123183.6,7.2,On Leave,Masters,04-12-2024,9.9,nisha.sinha3439@company.com
502509,Anjali Choudhary,21.0,Support, Delhi,29631.5,,,,02/15/2023,7.7,anjali.choudhary2509@company.com
503310,Deepak Ghosh,30.0,Marketing,Ahmedabad,38485.5,2.2,active,Bachelors,03/19/2018,2.4,deepak.ghosh3310@company.com
500324,Ashok Bose,35.0,Sales,,56055.14,1.8,INACTIVE,PhD,17/03/2022,6.1,ashok.bose324@company.com
504555,VIJAY MISHRA,29.0,,Kolkata,125776.3,34.9,,Bachelors,2016-11-16,4.4,vijay.mishra4555@company.com
500772,Vijay Goel,30.0,Logistics,Chennai,110545.05,16.0,active,PhD,2020-09-11,4.4,vijay.goel772@company.com
501044,Manish Bhatia,21.0,HR,Chennai,60599.13,23.3,Inactive,,2020-12-07,8.2,manish.bhatia1044@company.com
501259,sneha nanda,,Logistics,Ahmedabad,137449.42,12.2,,,05/21/2022,5.8,sneha.nanda1259@company.com
502413,  Nikhil Thakur  ,41.0,Operations,Delhi,117338.02,22.4,active,,08/04/2021,6.3,nikhil.thakur2413@company.com
504923,Amit Yadav,55.0,,MUMBAI,88183.0,11.5,Inactive,Diploma,2022-07-25,9.7,amit.yadav4923@company.com
500937,ritu mishra,40.0,Finance,,74725.02,0.4,Active,Masters,09/20/2025,3.2,ritu.mishra937@company.com
502113,Divya Malik,53.0,Sales,Chennai,62485.36,1.7,active,,16-08-2019,,divya.malik2113@company.com
502294,Shreya Bose,55.0,Marketing,MUMBAI,143238.54,0.7,Active,,10/01/2018,5.7,shreya.bose2294@company.com
503681,deepak khanna,27.0,it,Hyderabad,42603.05,21.8,,Bachelors,2018-01-07,,deepak.khanna3681@company.com
502343,Rahul Choudhary,44.0,Logistics,Delhi,,31.6,active,PhD,05/16/2025,4.2,rahul.choudhary2343@company.com
501635,Isha Khanna,59.0,Support,Bengaluru,75874.68,,On Leave,MASTERS,11/21/2023,7.8,isha.khanna1635@company.com
502902,Preeti Choudhary,44.0,,,112303.36,,INACTIVE,bachelors,23-05-2020,5.3,
502933,Nikhil Sinha,59.0,IT,Jaipur,120342.56,19.7,,Bachelors,12/27/2015,1.5,nikhil.sinha2933@company.com
501457,Simran Thakur,26.0,Support,MUMBAI,104625.09,29.0,On Leave,Diploma,01/07/2024,3.6,simran.thakur1457@company.com
500637,Nikhil Pandey,59.0,Logistics,Delhi,66788.2,6.9,INACTIVE,Masters,13-08-2015,9.0,nikhil.pandey637@company.com
501700,Karan Saxena,29.0,Support, Delhi,30257.3,13.3,Inactive,MASTERS,2021-06-02,3.7,karan.saxena1700@company.com
502977,Deepak Bose,46.0,MARKETING, Delhi,54803.26,13.0,Inactive,MASTERS,12/09/2023,1.3,deepak.bose2977@company.com
500892,Sanjay Rastogi,36.0,IT,Mumbai,64496.2,,Inactive,Diploma,2015-10-14,6.3,sanjay.rastogi892@company.com
504178,Shreya Yadav,,,Pune,53380.8,34.5,Inactive,PhD,22/10/2016,9.3,shreya.yadav4178@company.com
502325,Karan Rastogi,47.0,, Delhi,109066.57,13.0,On Leave,PhD,09/12/2019,3.3,karan.rastogi2325@company.com
503348,priya nanda,54.0,Finance,Lucknow,101966.97,25.6,active,Diploma,03/18/2018,9.7,priya.nanda3348@company.com
500757,Gaurav Pandey,47.0,Marketing,Chennai ,61951.71,14.2,Active,,09/23/2016,9.4,gaurav.pandey757@company.com
500965,Nisha Bhatia,43.0,Support,Pune,39731.73,22.3,INACTIVE,Diploma,2017-09-27,9.4,nisha.bhatia965@company.com
501988,Vikram Thakur,52.0,MARKETING,Hyderabad,20852.06,19.1,INACTIVE,bachelors,2017-09-25,,vikram.thakur1988@company.com
502525,Sneha Khanna,24.0,Sales,Jaipur,122324.51,12.9,INACTIVE,Masters,2016-07-08,4.2,sneha.khanna2525@company.com
500126,Ashok Thakur,43.0,,Chennai ,133673.07,29.3,Active,bachelors,2022-11-19,10.0,ashok.thakur126@company.com
503109,Deepak Mishra,51.0,IT,Chennai ,54211.84,,Active,Bachelors,21/02/2017,6.0,deepak.mishra3109@company.com
502507,Neha Nanda,30.0,Finance,,36671.38,2.3,,Masters,2015-12-18,8.0,neha.nanda2507@company.com
503860,Arjun Trivedi,47.0,,,84816.48,7.3,,MASTERS,02/01/2015,5.9,arjun.trivedi3860@company.com
502846,PREETI KHANNA,42.0,,Delhi,52794.83,23.8,Inactive,,07/06/2015,2.8,preeti.khanna2846@company.com
500415,Isha Pandey,28.0,,,135337.64,18.0,Inactive,Diploma,26-07-2025,1.3,isha.pandey415@company.com
500304,Vikram Mishra,33.0,HR,Hyderabad,130246.76,23.8,INACTIVE,,2021-10-14,2.0,vikram.mishra304@company.com
501703,Amit Chauhan,29.0,Support,Chennai ,59825.33,31.0,Active,PhD,18-02-2022,4.6,amit.chauhan1703@company.com
504569,Simran Bansal,22.0,it,Chennai,102628.41,,active,PhD,05/09/2025,6.1,simran.bansal4569@company.com
502272,Anjali Goel,54.0,Marketing,Delhi,108899.27,19.6,active,Diploma,06/15/2018,9.1,anjali.goel2272@company.com
503053,Amit Ghosh,43.0,Finance, Delhi,21705.08,17.2,Inactive,MASTERS,08/22/2024,7.2,amit.ghosh3053@company.com
502731,KARAN TRIVEDI,46.0,Sales,MUMBAI,28418.37,13.7,On Leave,,2021-11-01,8.3,
502630,Anjali Pandey,37.0,Support,Bengaluru,67420.7,25.6,INACTIVE,Diploma,15-03-2021,9.3,anjali.pandey2630@company.com
504209,Kavita Saxena,57.0,Finance,Lucknow,129707.42,16.9,active,,2015-01-24,7.4,kavita.saxena4209@company.com
504455,Divya Trivedi,38.0,,Chennai ,93762.45,33.5,INACTIVE,Diploma,2025-12-08,,divya.trivedi4455@company.com
504139,Nikhil Khanna,53.0,Logistics,Pune,85758.45,27.6,Inactive,Bachelors,14/12/2018,2.6,nikhil.khanna4139@company.com
500441,Deepak Chauhan,33.0,Marketing,Lucknow,44878.0,29.8,INACTIVE,Bachelors,03/25/2022,9.8,deepak.chauhan441@company.com
504580,MANISH MISHRA,38.0,,Lucknow,62630.59,23.1,Inactive,Diploma,04/06/2021,7.7,manish.mishra4580@company.com
502329,SNEHA BHATIA,57.0,Marketing, Delhi,55203.33,23.4,active,Bachelors,01/10/2021,4.6,sneha.bhatia2329@company.com
500265,Manish Nanda,53.0,,Pune,92144.29,26.1,On Leave,,2015-10-19,3.6,manish.nanda265@company.com
503738,Sanjay Ghosh,46.0,IT,Pune,25119.56,11.4,,,2021-07-01,3.5,sanjay.ghosh3738@company.com
504680,Nikhil Dixit,39.0,Logistics,Lucknow,,22.8,Active,Masters,2023-11-11,8.9,nikhil.dixit4680@company.com
504577,Deepak Dixit,27.0,Marketing,Kolkata,92343.73,30.2,On Leave,,10/13/2015,4.4,deepak.dixit4577@company.com
502634,Gaurav Dixit,29.0,Sales,,86289.45,4.2,INACTIVE,,2022-09-10,4.1,gaurav.dixit2634@company.com
504747,Manish Rastogi,51.0,Logistics,Ahmedabad,107878.72,12.9,INACTIVE,PhD,10-11-2018,,manish.rastogi4747@company.com
502877,Nikhil Mishra,26.0,it,Hyderabad,97422.35,,INACTIVE,Diploma,2019-08-06,,nikhil.mishra2877@company.com
503128,Amit Mishra,59.0,,Kolkata,81598.57,9.2,active,Masters,,7.1,amit.mishra3128@company.com
501842,Manish Yadav,50.0,Operations,Ahmedabad,142136.5,12.6,Inactive,PhD,15-01-2015,10.0,manish.yadav1842@company.com
502400,Sneha Choudhary,55.0,Logistics,Kolkata,113117.3,14.7,INACTIVE,,06-12-2021,9.5,sneha.choudhary2400@company.com
504286,Rajesh Ghosh,31.0,sales,Hyderabad,30185.99,3.7,Active,Bachelors,04/15/2018,5.7,rajesh.ghosh4286@company.com
503912,Priya Sinha,36.0,,Hyderabad,107121.74,1.7,Active,Bachelors,03/18/2015,8.4,
504984,Ritu Chauhan,51.0,sales,Chennai ,54852.82,18.9,Active,bachelors,11-09-2021,8.0,ritu.chauhan4984@company.com
500836,Preeti Chauhan,37.0,it,Chennai,133216.47,16.8,Inactive,Masters,27-07-2019,5.7,preeti.chauhan836@company.com
502072,simran khanna,,Operations,Ahmedabad,22355.96,1.3,active,bachelors,2024-01-25,3.2,simran.khanna2072@company.com
501807,Rohan Ghosh,28.0,it,Hyderabad,49217.81,9.1,,Bachelors,18/12/2020,4.5,rohan.ghosh1807@company.com
504037,Rohan Malik,35.0,Marketing,,102508.77,9.5,Active,Diploma,04/03/2020,,rohan.malik4037@company.com
501017,Manish Mishra,46.0,Operations,Hyderabad,22497.91,28.0,,,02/07/2019,,manish.mishra1017@company.com
504362,Priya Agarwal,28.0,Operations,bengaluru,67995.0,34.9,Inactive,PhD,01/07/2020,9.0,priya.agarwal4362@company.com
500860,Preeti Agarwal,22.0,MARKETING,Pune,111178.87,26.4,On Leave,bachelors,17-08-2020,5.4,preeti.agarwal860@company.com
501052,Kavita Goel,23.0,Operations,Hyderabad,142865.89,5.8,,bachelors,2025-06-11,9.0,kavita.goel1052@company.com
504554,  Rajesh Trivedi  ,27.0,Sales,Bengaluru,101837.17,3.8,On Leave,MASTERS,11/19/2022,5.4,rajesh.trivedi4554@company.com
502908,Nikhil Bhatia,23.0,,Hyderabad,59352.41,31.7,active,MASTERS,2015-07-16,7.1,nikhil.bhatia2908@company.com
503136,Nisha Goel,27.0,Operations,MUMBAI,109861.47,1.0,INACTIVE,,10/05/2017,5.4,nisha.goel3136@company.com
501415,rohan nanda,58.0,HR,Jaipur,55386.93,24.4,Inactive,bachelors,04-07-2024,3.3,rohan.nanda3703@company.com
504878,Rahul Bansal,49.0,Support,Chennai ,71705.74,2.1,INACTIVE,bachelors,2025-07-01,2.4,rahul.bansal4878@company.com
502725,Sneha Nanda,31.0,MARKETING,Mumbai,48674.99,31.0,active,Diploma,05/26/2016,5.7,sneha.nanda2725@company.com
500297,Amit Agarwal,43.0,Finance,Lucknow,92863.34,5.0,Active,,02/04/2021,3.6,amit.agarwal297@company.com
500428,SNEHA KHANNA,47.0,Finance,Jaipur,105601.04,16.2,active,Masters,08-06-2016,8.5,sneha.khanna428@company.com
500314,Nikhil Bose,33.0,Logistics,Hyderabad,61589.89,33.0,On Leave,Masters,24-03-2017,,nikhil.bose314@company.com
502742,manish ghosh,49.0,MARKETING,Kolkata,84517.4,3.7,Active,Bachelors,05/19/2022,7.5,manish.ghosh2742@company.com
503309,SNEHA MISHRA,33.0,Support,Jaipur,130597.73,0.4,INACTIVE,Masters,2017-06-14,3.0,sneha.mishra3309@company.com
501241,KAVITA NANDA,52.0,MARKETING,Pune,107147.9,3.9,INACTIVE,bachelors,16/07/2024,7.0,kavita.nanda1241@company.com
504629,  Ritu Nanda  ,54.0,IT,,28142.64,,Inactive,MASTERS,06-04-2025,3.1,ritu.nanda4629@company.com
503903,Pooja Bansal,51.0,Marketing,bengaluru,100427.83,34.2,Active,Masters,26-12-2022,,pooja.bansal3903@company.com
502166,Preeti Sinha,,HR,,116997.09,24.7,On Leave,PhD,2016-09-15,7.3,preeti.sinha2166@company.com
501661,Suresh Dixit,34.0,HR,Bengaluru,42575.75,3.0,Active,Masters,21/10/2021,,suresh.dixit1661@company.com
503867,RAJESH SINHA,49.0,IT,MUMBAI,141907.01,,,Bachelors,19-03-2019,,rajesh.sinha3867@company.com
503649,Arjun Choudhary,24.0,Finance,Chennai ,136406.17,19.2,On Leave,Diploma,2017-09-26,9.7,arjun.choudhary3649@company.com
503835,Karan Ghosh,59.0,,MUMBAI,141521.73,11.6,active,MASTERS,01/24/2024,9.8,karan.ghosh3835@company.com
500252,preeti yadav,48.0,HR,Chennai ,69925.93,,INACTIVE,,18/02/2025,4.1,preeti.yadav252@company.com
503432,Rajesh Nanda,51.0,HR,,65654.23,15.9,Active,Bachelors,2017-10-25,6.1,rajesh.nanda3432@company.com
504632,  Ashok Goel  ,26.0,Sales,Chennai,92442.79,15.5,On Leave,PhD,22/08/2025,2.2,ashok.goel4632@company.com
502589,Deepak Trivedi,21.0,Sales,Kolkata,115700.2,29.5,On Leave,,10/20/2015,8.2,deepak.trivedi2589@company.com
502845,meena sinha,48.0,Logistics,Pune,,31.0,,PhD,04/06/2022,8.6,meena.sinha2845@company.com
503195,Kavita Goel,41.0,sales,Jaipur,139865.25,1.8,INACTIVE,Bachelors,19-08-2021,2.1,kavita.goel3195@company.com
502858,Anjali Dixit,28.0,it,MUMBAI,37340.94,21.5,active,bachelors,05/10/2018,6.8,anjali.dixit2858@company.com
501784,Manish Choudhary,,,Chennai,67723.77,23.5,INACTIVE,,09-02-2025,1.0,manish.choudhary1784@company.com
503706,Amit Thakur,38.0,Marketing,Pune,109814.65,32.8,active,PhD,06/02/2024,2.2,amit.thakur3706@company.com
500259,Ashok Goel,54.0,,Kolkata,112543.23,16.5,Inactive,,04/22/2016,5.9,ashok.goel259@company.com
504145,Preeti Khanna,37.0,sales,,45151.96,32.9,On Leave,,13-11-2020,7.5,preeti.khanna4145@company.com
500986,Simran Dixit,27.0,HR,Lucknow,149698.22,13.4,On Leave,Bachelors,22-07-2018,8.9,simran.dixit986@company.com
503153,Ritu Agarwal,34.0,it,Mumbai,44488.28,8.4,INACTIVE,,03/24/2024,9.8,ritu.agarwal3153@company.com
503654,RAHUL BOSE,30.0,Finance, Delhi,53510.87,15.5,INACTIVE,Masters,04/12/2016,7.7,rahul.bose3654@company.com
503322,Nikhil Bhatia,47.0,Finance,MUMBAI,108820.87,31.4,,MASTERS,07/27/2016,6.7,nikhil.bhatia3322@company.com
504319,Anjali Choudhary,40.0,Support,Jaipur,102625.87,25.6,active,MASTERS,14-10-2019,3.9,anjali.choudhary4319@company.com
504744,Meena Yadav,49.0,Marketing,Jaipur,146899.82,29.5,On Leave,Bachelors,27-09-2015,4.0,meena.yadav4744@company.com
501352,DIVYA AGARWAL,52.0,Sales,Ahmedabad,124296.93,,Inactive,MASTERS,02/05/2023,8.0,divya.agarwal1352@company.com
502999,Ashok Chauhan,59.0,,,50759.21,,active,MASTERS,11/11/2020,,ashok.chauhan2999@company.com
500924,Divya Nanda,25.0,Sales,Hyderabad,43164.58,32.8,On Leave,PhD,03/03/2015,8.6,divya.nanda924@company.com
500954,ROHAN CHAUHAN,48.0,Finance,Bengaluru,148294.61,9.7,On Leave,MASTERS,2018-05-19,6.0,rohan.chauhan954@company.com
503038,SANJAY DIXIT,33.0,,Kolkata,55285.91,13.7,,Diploma,2018-06-12,1.6,sanjay.dixit3038@company.com
502007,Sneha Khanna,48.0,,MUMBAI,144961.64,27.5,Active,,23-08-2018,6.6,
500802,Gaurav Dixit,,IT,bengaluru,30391.69,18.0,,,06/02/2016,1.4,gaurav.dixit802@company.com
500500,Ritu Bansal,,IT,Bengaluru,142139.77,29.7,Active,Masters,07/03/2024,2.1,ritu.bansal500@company.com
504614,Sanjay Bose,33.0,Sales, Delhi,,29.6,Inactive,MASTERS,2018-07-11,,sanjay.bose4614@company.com
503381,Nikhil Bhatia,,it,,107976.39,5.4,active,,09/06/2024,9.0,nikhil.bhatia3381@company.com
503152,Manish Thakur,,Finance,Kolkata,97162.28,8.4,active,Masters,12/26/2024,1.6,manish.thakur3152@company.com
503995,Meena Bhatia,27.0,Operations,Kolkata,,,Inactive,,11/05/2023,1.7,meena.bhatia3995@company.com
500228,sanjay thakur,50.0,, Delhi,53139.79,25.9,active,,17-04-2016,2.0,sanjay.thakur228@company.com
500380,Pooja Khanna,53.0,Finance,bengaluru,-124538.87,12.4,Active,,19-04-2017,7.4,pooja.khanna380@company.com
504694,Sneha Khanna,32.0,HR,MUMBAI,66008.21,34.8,,MASTERS,2025-04-06,3.8,sneha.khanna4694@company.com
504216,  Manish Nanda  ,49.0,,Chennai,116545.9,31.7,On Leave,,08-01-2018,8.6,manish.nanda4216@company.com
503818,ISHA CHOUDHARY,47.0,Operations,Lucknow,26449.96,13.9,On Leave,,2020-02-15,5.6,isha.choudhary3818@company.com
500416,Kavita Choudhary,58.0,,Lucknow,82885.65,,active,Bachelors,2019-11-04,5.9,
501536,gaurav bansal,47.0,Logistics,Pune,73821.45,7.9,active,PhD,08/10/2023,8.2,gaurav.bansal1536@company.com
503257,Nikhil Nanda,59.0,Operations,Mumbai,97926.86,31.6,Inactive,PhD,08/23/2015,7.2,nikhil.nanda3257@company.com
502141,RAJESH GOEL,37.0,Sales,Chennai ,29981.34,25.5,,Masters,08/13/2017,6.4,rajesh.goel2141@company.com
504350,Amit Khanna,38.0,it,,,25.3,Active,MASTERS,2017-01-16,7.3,amit.khanna4350@company.com
501960,Rahul Rastogi,,,Mumbai,38233.09,1.3,On Leave,Bachelors,18/04/2023,9.7,rahul.rastogi1960@company.com
504527,Neha Sinha,28.0,it,Jaipur,96270.24,,Inactive,Masters,02-08-2015,7.0,neha.sinha4527@company.com
502749,nisha bansal,52.0,sales, Delhi,73725.35,3.6,active,bachelors,2023-12-13,9.5,nisha.bansal2749@company.com
502979,sneha chauhan,34.0,Operations,Pune,72272.09,5.8,Inactive,,02/10/2022,2.0,sneha.chauhan2979@company.com
501423,Karan Sinha,31.0,Finance,Pune,94929.87,29.2,active,Masters,11-02-2025,8.1,karan.sinha1423@company.com
502119,Priya Sinha,40.0,Logistics,Kolkata,92373.93,16.5,,Diploma,15-05-2018,7.2,priya.sinha2119@company.com
502655,Amit Choudhary,49.0,,Lucknow,127831.32,23.1,active,,03/10/2022,9.4,amit.choudhary2655@company.com
500753,Rohan Malik,31.0,it,Ahmedabad,135811.07,25.8,Inactive,PhD,07-02-2021,7.8,rohan.malik753@company.com
502688,Vikram Chauhan,40.0,, Delhi,,0.2,INACTIVE,MASTERS,06/22/2025,1.7,vikram.chauhan2688@company.com
502370,Sneha Sinha,37.0,IT,,121778.79,4.7,,PhD,2021-07-05,6.1,sneha.sinha2370@company.com
501377,Divya Bansal,38.0,Operations,Ahmedabad,,12.8,,MASTERS,2021-08-24,5.1,divya.bansal1377@company.com
504566,rohan sinha,41.0,sales, Delhi,76039.81,26.8,Active,,17-12-2019,3.2,rohan.sinha4566@company.com
504995,Ritu Ghosh,54.0,Support,,51298.77,30.0,Active,,09-06-2018,1.6,ritu.ghosh4995@company.com
500895,RAJESH THAKUR,32.0,Logistics,,59871.34,10.0,Inactive,PhD,26-04-2024,4.0,rajesh.thakur895@company.com
500900,DEEPAK GOEL,43.0,Support,Mumbai,120575.56,8.2,On Leave,PhD,22-12-2017,2.8,deepak.goel900@company.com
500740,Nisha Ghosh,50.0,,bengaluru,52620.05,13.7,Active,Masters,24/07/2015,9.3,nisha.ghosh740@company.com
501214,DIVYA DIXIT,30.0,Marketing,Jaipur,98220.18,,Active,Diploma,2018-07-24,1.1,divya.dixit1214@company.com
504659,Suresh Nanda,48.0,it,Lucknow,122363.29,30.0,INACTIVE,MASTERS,2023-02-23,2.3,suresh.nanda4659@company.com
500466,Amit Chauhan,55.0,MARKETING,Pune,29448.03,14.5,active,bachelors,19-08-2025,6.7,amit.chauhan466@company.com
500981,Vijay Bhatia,28.0,Finance,Chennai,66225.82,2.3,active,,17-02-2018,3.9,vijay.bhatia981@company.com
500280,Kavita Yadav,25.0,,Ahmedabad,,7.4,INACTIVE,PhD,2018-01-23,1.1,kavita.yadav280@company.com
503105,ritu mishra,29.0,Sales,,25837.69,32.4,,Masters,10-08-2023,,ritu.mishra3105@company.com
503593,Amit Bose,57.0,Support,Kolkata,117843.85,17.1,Inactive,,2025-10-24,4.8,amit.bose3593@company.com
503383,ROHAN MISHRA,57.0,Logistics,Delhi,118074.84,28.6,On Leave,PhD,2021-07-18,5.7,rohan.mishra3383@company.com
502201,nikhil trivedi,56.0,Finance, Delhi,74601.42,23.8,Active,MASTERS,19/06/2017,1.3,nikhil.trivedi2201@company.com
501534,Rajesh Bhatia,28.0,sales,Delhi,22972.28,14.0,On Leave,,01/05/2023,8.9,rajesh.bhatia1534@company.com
502469,Nisha Agarwal,53.0,Support,Bengaluru,137874.94,6.1,On Leave,bachelors,12/12/2016,6.1,nisha.agarwal2469@company.com
500536,Swati Agarwal,48.0,HR,Chennai,48518.9,2.1,active,,10/13/2015,9.6,swati.agarwal536@company.com
500615,Amit Yadav,43.0,Sales,Mumbai,,31.2,Active,Diploma,05/11/2018,1.4,amit.yadav615@company.com
502286,Priya Thakur,41.0,Sales,Hyderabad,103899.72,17.9,Active,Masters,07-02-2023,4.2,priya.thakur2286@company.com
501218,Arjun Choudhary,34.0,MARKETING,Delhi,,17.2,Inactive,PhD,09/12/2015,3.6,arjun.choudhary1218@company.com
503833,Rahul Ghosh,35.0,Finance, Delhi,36181.0,7.3,Active,bachelors,2024-06-26,,rahul.ghosh3833@company.com
500804,Manish Pandey,55.0,Operations,bengaluru,113930.56,12.6,,Diploma,15-10-2021,5.7,manish.pandey804@company.com
500717,Pooja Pandey,57.0,Sales,Hyderabad,90105.53,34.2,On Leave,,24/07/2022,9.2,pooja.pandey717@company.com
504365,Preeti Dixit,32.0,MARKETING,Jaipur,,2.4,On Leave,MASTERS,25-04-2021,2.5,preeti.dixit4365@company.com
500142,Deepak Choudhary,30.0,,,132535.33,1.9,Active,Diploma,01/02/2018,3.5,deepak.choudhary142@company.com
501495,Isha Thakur,28.0,,Bengaluru,75121.33,2.0,On Leave,MASTERS,2015-12-08,3.7,isha.thakur1495@company.com
501516,Rohan Ghosh,26.0,IT,Delhi,131253.71,7.1,Inactive,PhD,15/01/2018,2.8,rohan.ghosh1516@company.com
502803,Anjali Nanda,49.0,IT,Delhi,75681.2,22.0,,Bachelors,24/01/2022,3.1,anjali.nanda2803@company.com
503455,Preeti Sinha,29.0,sales,,127050.42,2.9,Active,,2016-11-26,7.4,preeti.sinha3455@company.com
500689,amit rastogi,32.0,it,,70617.02,19.4,,,04-12-2018,1.7,amit.rastogi689@company.com
503086,Ashok Bansal,54.0,IT,Chennai,78851.41,27.4,active,,2023-08-16,3.3,ashok.bansal3086@company.com
500363,Nikhil Dixit,30.0,Support,,129958.95,,Inactive,Masters,2015-07-25,,nikhil.dixit363@company.com
500194,Sanjay Yadav,28.0,,MUMBAI,80197.82,3.5,Active,Bachelors,19/07/2018,8.0,sanjay.yadav194@company.com
503925,Karan Pandey,21.0,sales,Chennai,130608.25,32.9,Inactive,,01/04/2019,10.0,karan.pandey3925@company.com
500760,SIMRAN BANSAL,33.0,Logistics,MUMBAI,87556.1,3.0,Inactive,,26/02/2016,,simran.bansal760@company.com
504458,Ashok Dixit,56.0,Logistics,Ahmedabad,47916.52,27.5,On Leave,Bachelors,03-05-2020,1.0,ashok.dixit4458@company.com
500291,Meena Malik,55.0,HR, Delhi,87136.04,1.5,active,Diploma,07/21/2016,2.7,meena.malik291@company.com
501833,Suresh Chauhan,,IT,Delhi,26987.89,22.4,Active,PhD,2016-08-06,6.5,suresh.chauhan1833@company.com
500672,Manish Chauhan,42.0,,Chennai,,1.1,,Diploma,26/10/2022,8.2,manish.chauhan672@company.com
504940,Suresh Thakur,50.0,Marketing,Delhi,63061.48,16.9,active,PhD,12-06-2018,4.7,suresh.thakur4940@company.com
502363,Kavita Saxena,38.0,,Chennai ,76132.98,7.4,Active,,19-10-2023,,kavita.saxena2363@company.com
502570,Rohan Bansal,38.0,Finance,Kolkata,101132.37,13.1,On Leave,Masters,23-12-2019,8.0,rohan.bansal2570@company.com
502091,Ashok Mishra,35.0,Support,Ahmedabad,,4.7,Active,MASTERS,2024-07-16,7.0,ashok.mishra2091@company.com
504855,Ashok Thakur,28.0,Sales,Jaipur,63361.7,28.6,INACTIVE,bachelors,24/04/2020,,ashok.thakur4855@company.com
504971,Isha Chauhan,39.0,HR,Chennai,99549.54,27.8,Inactive,,04/19/2023,,isha.chauhan4971@company.com
503509,  Gaurav Sinha  ,53.0,Sales,Kolkata,26630.52,22.7,INACTIVE,bachelors,09/25/2015,,gaurav.sinha3509@company.com
501129,Kavita Yadav,22.0,,Pune,58578.22,32.7,Inactive,Masters,01/09/2017,6.1,kavita.yadav1129@company.com
500190,kavita bansal,55.0,Finance,Hyderabad,68886.33,5.2,,,03/13/2018,5.1,kavita.bansal190@company.com
503766,Rahul Nanda,50.0,sales,bengaluru,63020.04,28.6,On Leave,,05-12-2020,4.3,rahul.nanda3766@company.com
500159,SWATI YADAV,38.0,Sales,Ahmedabad,,4.6,On Leave,Masters,2018-04-04,5.1,swati.yadav159@company.com
504962,Meena Ghosh,33.0,HR,Delhi,127020.41,23.0,Inactive,Masters,14-01-2024,9.0,meena.ghosh4962@company.com
504784,Shreya Choudhary,35.0,Sales,,39261.31,26.9,On Leave,Diploma,22-08-2025,1.9,shreya.choudhary4784@company.com
502806,Deepak Malik,41.0,IT,Lucknow,97752.95,34.3,Active,bachelors,04-11-2022,5.1,deepak.malik2806@company.com
501142,rahul ghosh,34.0,sales,Jaipur,146196.18,10.5,On Leave,bachelors,20/07/2016,5.4,rahul.ghosh1142@company.com
503005,Simran Bhatia,29.0,,Kolkata,,,Inactive,bachelors,,1.2,simran.bhatia3005@company.com
501875,Rohan Mishra,58.0,MARKETING,Hyderabad,41778.17,22.3,INACTIVE,,11/10/2021,1.5,rohan.mishra1875@company.com
503129,Divya Ghosh,51.0,Support,Hyderabad,110995.36,34.2,Active,Bachelors,2020-01-27,3.3,divya.ghosh3129@company.com
503032,Sanjay Nanda,24.0,Support, Delhi,97478.71,28.9,Active,Bachelors,04/16/2023,7.8,sanjay.nanda3032@company.com
502081,Vijay Dixit,57.0,Marketing,Chennai ,43095.71,11.5,,Bachelors,2022-10-22,3.1,vijay.dixit2081@company.com
502732,Divya Bansal,29.0,sales,Delhi,142037.59,,Active,Masters,07/01/2015,,divya.bansal2732@company.com
500049,  Kavita Goel  ,54.0,sales,bengaluru,140053.58,9.0,,PhD,11/07/2019,8.1,kavita.goel49@company.com
500813,Neha Malik,55.0,Logistics,Hyderabad,103590.45,25.3,On Leave,PhD,10/07/2025,2.0,neha.malik813@company.com
501284,Rohan Sinha,44.0,MARKETING,Hyderabad,136765.36,7.1,,Bachelors,11/01/2018,8.8,rohan.sinha1284@company.com
504481,Rajesh Chauhan,24.0,Operations,Chennai,42231.56,31.6,Inactive,MASTERS,03/09/2023,1.6,rajesh.chauhan4481@company.com
501466,ANJALI TRIVEDI,,Finance,Delhi,72335.67,26.1,,bachelors,02/16/2020,,anjali.trivedi1466@company.com
502764,Neha Bhatia,45.0,it,,67324.75,8.4,INACTIVE,,13/05/2017,4.7,neha.bhatia2764@company.com
500744,priya agarwal,45.0,Marketing,Kolkata,,23.4,On Leave,Masters,25/07/2021,,priya.agarwal744@company.com
501601,Ritu Pandey,47.0,sales,Jaipur,23907.91,5.9,active,bachelors,18-06-2019,,ritu.pandey1601@company.com
503077,priya goel,40.0,,,109354.03,17.0,Active,Masters,01/02/2016,5.7,priya.goel3077@company.com
500877,Sneha Bose,35.0,IT,Bengaluru,88311.99,30.3,,Masters,14-01-2022,3.5,
502916,Sneha Mishra,58.0,Finance,,111477.57,32.8,INACTIVE,bachelors,08-02-2019,9.1,sneha.mishra2916@company.com
504412,vijay dixit,44.0,,Hyderabad,65815.18,12.9,active,bachelors,13-05-2022,3.0,vijay.dixit4412@company.com
504966,Pooja Bose,47.0,HR,Chennai ,,33.8,INACTIVE,Masters,2018-10-26,8.3,pooja.bose4966@company.com
500057,Shreya Khanna,27.0,Support,,88895.72,17.3,INACTIVE,PhD,01/27/2022,6.8,shreya.khanna57@company.com
504957,Nisha Chauhan,51.0,Operations,Mumbai,21829.37,4.1,,Diploma,2021-02-15,8.1,nisha.chauhan4957@company.com
504750,Rohan Bansal,42.0,Logistics,Delhi,25917.86,0.9,Active,PhD,2023-05-04,2.6,rohan.bansal4750@company.com
501976,Rohan Rastogi,39.0,MARKETING, Delhi,64591.06,18.4,Inactive,Masters,06/18/2015,3.2,rohan.rastogi1976@company.com
502500,Kavita Saxena,48.0,it,Ahmedabad,40686.57,8.3,Active,,20-03-2024,1.5,kavita.saxena2500@company.com
500886,Amit Bose,49.0,,Delhi,,23.2,Inactive,Diploma,06/15/2019,,amit.bose886@company.com
504259,vijay choudhary,28.0,, Delhi,149161.7,6.8,INACTIVE,Diploma,19-04-2016,4.8,vijay.choudhary4259@company.com
503734,Neha Trivedi,36.0,Logistics,bengaluru,37299.69,18.6,Inactive,MASTERS,23-02-2017,,neha.trivedi3734@company.com
501408,isha thakur,56.0,sales,MUMBAI,61216.81,28.4,INACTIVE,MASTERS,05-01-2015,3.2,isha.thakur1408@company.com
502662,Anjali Malik,56.0,HR,,47792.83,7.0,On Leave,,12/26/2024,1.6,anjali.malik2662@company.com
504948,Kavita Agarwal,26.0,Sales,Bengaluru,21773.76,8.7,active,Masters,12/06/2017,6.0,kavita.agarwal4948@company.com
500223,kavita bansal,39.0,Finance,,68610.53,4.9,On Leave,Bachelors,04/17/2024,1.8,kavita.bansal223@company.com
501309,Sanjay Mishra,46.0,Marketing,,33850.56,0.5,active,PhD,10-02-2024,9.9,sanjay.mishra1309@company.com
502524,Divya Ghosh,40.0,Support,Mumbai,144841.61,0.6,,,09/21/2021,4.2,divya.ghosh2524@company.com
500374,Gaurav Bansal,23.0,it,Bengaluru,113514.92,18.6,,MASTERS,2019-06-21,2.9,gaurav.bansal374@company.com
504675,Meena Mishra,58.0,IT,Chennai,63339.67,28.3,,,10/09/2021,9.2,meena.mishra4675@company.com
503576,Preeti Rastogi,32.0,Support,Lucknow,94322.03,29.6,,Masters,06-09-2017,9.9,preeti.rastogi3576@company.com
503393,Gaurav Rastogi,22.0,it,,35177.16,18.7,INACTIVE,Bachelors,2020-03-25,4.8,gaurav.rastogi3393@company.com
500929,Rahul Thakur,,sales,,58160.71,32.0,INACTIVE,Masters,,5.5,rahul.thakur929@company.com
501407,SANJAY MISHRA,48.0,Sales,Bengaluru,145155.95,4.1,active,,06/25/2015,6.1,sanjay.mishra1407@company.com
503045,Rajesh Chauhan,45.0,IT,bengaluru,147621.32,8.2,Active,,24/06/2015,4.4,rajesh.chauhan3045@company.com
502216,Amit Bansal,57.0,Support,Hyderabad,88640.8,21.4,,PhD,06/07/2018,9.1,amit.bansal2216@company.com
504835,Amit Yadav,40.0,sales,Mumbai,23198.77,34.4,,PhD,2022-04-21,,amit.yadav4835@company.com
504623,Preeti Agarwal,36.0,Finance,Jaipur,,26.4,INACTIVE,MASTERS,08/21/2023,3.8,preeti.agarwal4623@company.com
504435,Ashok Goel,26.0,MARKETING,Pune,119709.22,3.7,On Leave,bachelors,15-02-2019,8.3,ashok.goel4435@company.com
500978,Simran Bansal,53.0,Operations,bengaluru,139213.63,15.5,,PhD,2021-02-05,8.5,simran.bansal978@company.com
503080,Divya Saxena,29.0,it,Kolkata,145949.29,15.7,INACTIVE,PhD,,9.5,divya.saxena3080@company.com
504460,Arjun Nanda,39.0,Finance,Hyderabad,41730.99,21.9,Active,MASTERS,2017-02-22,8.3,arjun.nanda4460@company.com
504703,  Nisha Yadav  ,,,Delhi,20707.91,34.2,Inactive,PhD,02-03-2015,3.0,nisha.yadav4703@company.com
500261,Deepak Nanda,24.0,Logistics,Lucknow,69705.69,1.3,active,Masters,2016-08-16,6.1,deepak.nanda261@company.com
504682,Manish Thakur,27.0,sales,Chennai ,20864.23,,On Leave,,02/02/2023,8.0,manish.thakur4682@company.com
502075,Simran Malik,,HR,Delhi,52303.28,8.4,On Leave,MASTERS,07-09-2017,4.0,simran.malik2075@company.com
503973,gaurav rastogi,47.0,Marketing,Chennai,105967.36,25.0,active,PhD,04/21/2024,,gaurav.rastogi3973@company.com
501092,Nisha Malik,30.0,Operations,Lucknow,60275.56,2.1,Active,MASTERS,2023-08-21,3.5,nisha.malik1092@company.com
502281,rohan mishra,59.0,HR,Kolkata,30260.22,3.4,On Leave,MASTERS,07/12/2018,,rohan.mishra2281@company.com
500902,rohan saxena,40.0,Sales,Mumbai,80402.6,26.0,INACTIVE,,02/04/2016,3.5,rohan.saxena902@company.com
501541,  Meena Bhatia  ,58.0,Marketing,,102913.46,7.8,On Leave,,10/01/2018,9.9,meena.bhatia1541@company.com
504592,Swati Khanna,26.0,,Mumbai,107554.0,12.7,Active,PhD,12-01-2022,3.9,swati.khanna4592@company.com
504572,Priya Pandey,52.0,,Kolkata,38471.78,3.9,Active,,03-04-2019,2.8,priya.pandey4572@company.com
500826,Rohan Bhatia,21.0,,Chennai ,128859.41,21.6,,Masters,05/10/2023,1.3,rohan.bhatia826@company.com
500774,Ritu Rastogi,36.0,Support,,,2.8,Active,Bachelors,21/08/2020,,ritu.rastogi774@company.com
503863,  Sneha Pandey  ,37.0,Support,,49654.68,34.8,Active,bachelors,,9.8,sneha.pandey3863@company.com
500464,Sneha Goel,38.0,MARKETING,Lucknow,121505.99,13.8,On Leave,,06/07/2024,9.2,sneha.goel464@company.com
503000,Swati Bhatia,56.0,HR,,146146.07,13.1,On Leave,,23-02-2016,7.0,swati.bhatia3000@company.com
501890,Rajesh Pandey,50.0,,,91136.04,11.1,Inactive,bachelors,09/22/2022,7.3,rajesh.pandey1890@company.com
500079,Swati Thakur,39.0,IT,,25617.99,,,PhD,2025-08-09,,swati.thakur79@company.com
502586,  Simran Goel  ,21.0,Finance,MUMBAI,101218.38,0.2,,,2023-02-10,7.6,simran.goel2586@company.com
503159,Isha Choudhary,36.0,IT, Delhi,85270.47,8.5,Inactive,Bachelors,14-05-2021,1.6,isha.choudhary3159@company.com
500596,Sanjay Trivedi,59.0,Operations, Delhi,78459.84,25.5,On Leave,,13-05-2019,9.5,sanjay.trivedi596@company.com
504930,Nisha Malik,37.0,Support,Lucknow,102488.61,29.3,,PhD,11/14/2018,2.0,nisha.malik4930@company.com
504494,Rahul Bose,30.0,Finance,Kolkata,,14.8,Active,,09/01/2020,,
502758,Rahul Choudhary,50.0,Support,Pune,146807.06,30.7,INACTIVE,bachelors,22-04-2022,7.0,rahul.choudhary2758@company.com
502654,simran bansal,52.0,Marketing,,,13.2,INACTIVE,MASTERS,2018-10-17,6.9,simran.bansal2654@company.com
503016,Preeti Dixit,30.0,Support,,25029.61,11.7,On Leave,,03/08/2015,5.0,preeti.dixit3016@company.com
504012,Isha Chauhan,,Logistics,Pune,,17.9,,Masters,02/09/2025,5.7,isha.chauhan4012@company.com
500723,  Vikram Bansal  ,58.0,Support,Chennai,69693.54,28.4,On Leave,PhD,06/15/2018,6.3,vikram.bansal723@company.com
501077,  Ritu Bhatia  ,50.0,Finance,bengaluru,110793.41,15.2,INACTIVE,Diploma,16/04/2016,1.6,ritu.bhatia1077@company.com
500100,Suresh Khanna,35.0,,Jaipur,,30.4,Active,MASTERS,04/02/2020,7.5,suresh.khanna100@company.com
501416,Sneha Mishra,28.0,Marketing,MUMBAI,109037.16,2.1,On Leave,,11-01-2020,7.8,sneha.mishra1416@company.com
502324,Isha Bose,,Sales,Mumbai,28036.07,30.2,On Leave,MASTERS,2024-03-14,9.0,isha.bose2324@company.com
500381,VIKRAM RASTOGI,51.0,Finance,,49278.35,34.9,active,Masters,05/02/2017,4.9,vikram.rastogi381@company.com
504899,Shreya Khanna,56.0,it,Kolkata,134417.97,15.4,Active,Masters,07/17/2016,8.7,shreya.khanna4899@company.com
503414,VIKRAM BHATIA,32.0,,Ahmedabad,92970.94,17.7,On Leave,MASTERS,07/26/2019,,vikram.bhatia3414@company.com
501263,Anjali Khanna,28.0,it,Chennai ,68686.44,6.7,Inactive,Diploma,09-04-2023,9.5,anjali.khanna1263@company.com
500952,Sneha Chauhan,53.0,Marketing,Kolkata,120925.63,22.0,active,Bachelors,13/07/2017,5.3,sneha.chauhan952@company.com
504896,SURESH CHOUDHARY,43.0,it,bengaluru,47762.82,28.9,,Diploma,07/03/2025,6.6,suresh.choudhary4896@company.com
504883,ARJUN BOSE,28.0,it,MUMBAI,-56322.76,15.2,Inactive,,10/05/2017,2.8,arjun.bose4883@company.com
500636,Deepak Bose,28.0,,Pune,39011.38,26.9,INACTIVE,bachelors,08-06-2023,4.3,deepak.bose636@company.com
501477,Ritu Sinha,,,Delhi,93797.38,23.4,INACTIVE,Masters,2020-12-06,1.5,ritu.sinha1477@company.com
500785,neha sinha,56.0,HR, Delhi,,,On Leave,PhD,09/03/2016,4.8,neha.sinha785@company.com
502579,DIVYA AGARWAL,43.0,,Delhi,103459.23,1.0,active,Masters,08-02-2021,5.6,divya.agarwal2579@company.com
500460,Deepak Mishra,59.0,IT,Pune,147828.85,32.7,Active,,06/06/2023,4.8,deepak.mishra460@company.com
503848,RITU SINHA,36.0,HR,MUMBAI,37858.7,16.9,On Leave,Bachelors,05/19/2020,5.3,ritu.sinha3848@company.com
503254,Sneha Yadav,32.0,HR,Chennai ,77915.86,,Inactive,PhD,06/04/2017,,sneha.yadav3254@company.com
504297,rahul thakur,49.0,IT,Jaipur,139540.95,9.5,Inactive,Bachelors,2020-09-17,4.0,rahul.thakur4297@company.com
500542,Gaurav Bose,43.0,Marketing,Ahmedabad,103952.23,23.6,INACTIVE,PhD,03/11/2020,1.4,gaurav.bose542@company.com
500812,Shreya Goel,25.0,Operations, Delhi,136394.25,16.5,,,01/03/2024,9.1,shreya.goel812@company.com
502554,Shreya Rastogi,51.0,Marketing,Mumbai,90048.85,18.7,INACTIVE,,2018-01-16,9.5,shreya.rastogi2554@company.com
500898,Nisha Chauhan,28.0,Marketing,Ahmedabad,85001.36,12.5,active,bachelors,17/04/2021,9.7,nisha.chauhan898@company.com
502014,arjun mishra,31.0,HR,,147870.72,0.7,INACTIVE,bachelors,19/12/2017,,arjun.mishra2014@company.com
502380,Rohan Goel,34.0,,,134494.42,24.6,On Leave,Diploma,13/06/2019,1.5,rohan.goel2380@company.com
503771,Arjun Goel,21.0,Finance, Delhi,88879.75,12.3,active,Masters,2023-08-12,1.0,arjun.goel3771@company.com
502331,Vikram Choudhary,53.0,Support,Pune,20394.45,13.1,Inactive,PhD,06-11-2022,1.5,vikram.choudhary2331@company.com
503880,Gaurav Rastogi,21.0,IT,Bengaluru,59778.69,10.8,,MASTERS,13-07-2024,6.6,gaurav.rastogi3880@company.com
503622,Divya Bansal,31.0,Support,Mumbai,,8.2,active,bachelors,15/06/2021,9.7,divya.bansal3622@company.com
502222,Priya Bhatia,51.0,Support,Jaipur,108429.16,31.1,,,2016-06-27,1.7,priya.bhatia2222@company.com
500386,Shreya Malik,57.0,sales,Bengaluru,148554.82,12.4,active,PhD,21-10-2022,5.3,shreya.malik386@company.com
500186,gaurav thakur,26.0,it,Hyderabad,134545.2,34.2,active,bachelors,10/03/2022,,gaurav.thakur186@company.com
500453,Neha Nanda,23.0,sales,Lucknow,-114890.1,13.7,,Bachelors,05/11/2021,2.6,neha.nanda453@company.com
502776,Nikhil Agarwal,46.0,MARKETING,,145029.6,13.9,active,,2017-04-23,,nikhil.agarwal2776@company.com
502184,Simran Chauhan,26.0,Support,bengaluru,101055.39,24.2,Inactive,Masters,10/02/2021,,simran.chauhan4737@company.com
500498,Manish Khanna,31.0,Marketing,,66192.08,5.0,Inactive,,24-02-2024,3.6,manish.khanna498@company.com
504612,Swati Choudhary,55.0,IT,Lucknow,59855.08,25.3,Inactive,Diploma,11/07/2020,,swati.choudhary4612@company.com
504936,gaurav trivedi,24.0,Finance,Lucknow,128195.66,3.2,active,Masters,19-04-2025,1.6,gaurav.trivedi4936@company.com
503461,amit saxena,31.0,Support,Chennai ,58647.85,29.2,active,Masters,12/19/2018,,amit.saxena3461@company.com
502018,MANISH MISHRA,29.0,MARKETING,,61677.92,19.7,active,MASTERS,05-10-2016,4.2,manish.mishra2018@company.com
503642,Arjun Mishra,47.0,Support,Lucknow,79738.93,31.6,INACTIVE,PhD,,6.7,
501701,Pooja Bhatia,58.0,Logistics,Jaipur,41743.98,0.1,On Leave,,2020-08-14,3.7,pooja.bhatia1701@company.com
503395,Divya Yadav,45.0,Sales,Mumbai,101325.01,1.1,INACTIVE,Masters,12/09/2018,9.0,divya.yadav3395@company.com
501181,Arjun Agarwal,58.0,Logistics,,56677.37,25.1,,,09/07/2019,2.3,
504391,Kavita Pandey,59.0,HR,Jaipur,36364.57,1.9,Active,Masters,12-07-2023,1.9,kavita.pandey4391@company.com
502530,Manish Nanda,25.0,sales,Jaipur,109596.69,1.4,INACTIVE,Bachelors,18/06/2016,5.2,manish.nanda2530@company.com
504047,Sanjay Sinha,30.0,HR,Bengaluru,79811.52,34.6,active,Diploma,2023-04-02,6.0,sanjay.sinha4047@company.com
504251,Suresh Ghosh,24.0,Logistics,MUMBAI,136213.67,16.0,On Leave,,02-08-2015,5.6,suresh.ghosh4251@company.com
503134,vikram rastogi,32.0,Support,Delhi,146079.84,6.3,Active,bachelors,2025-05-09,3.9,vikram.rastogi4304@company.com
500527,  Rahul Bose  ,40.0,Finance,,141215.14,26.7,Active,,01-01-2023,7.7,rahul.bose527@company.com
502111,Arjun Ghosh,59.0,,bengaluru,42115.3,25.1,,MASTERS,2022-04-12,9.9,
500427,Sneha Bhatia,28.0,HR,,,6.1,active,,21/07/2021,5.2,sneha.bhatia427@company.com
502544,sneha rastogi,28.0,Marketing,Hyderabad,99869.33,27.0,Active,Diploma,09/02/2025,2.6,sneha.rastogi2544@company.com
500552,sneha agarwal,47.0,HR,,46586.99,22.8,Active,,2021-01-17,3.4,sneha.agarwal552@company.com
504308,Manish Goel,21.0,sales,Lucknow,120507.39,10.0,,PhD,2020-12-17,6.6,manish.goel4308@company.com
501108,ritu ghosh,21.0,Finance,Lucknow,65615.39,26.1,On Leave,Diploma,2017-07-05,4.6,ritu.ghosh1108@company.com
501528,Vijay Bansal,49.0,it,Bengaluru,87516.29,16.0,Active,Masters,19/02/2020,5.7,vijay.bansal1528@company.com
500669,Neha Dixit,35.0,Marketing,Mumbai,127304.62,7.3,On Leave,MASTERS,11/04/2019,9.0,neha.dixit669@company.com
503425,Neha Agarwal,52.0,sales,bengaluru,149465.81,7.6,INACTIVE,bachelors,2021-09-14,10.0,neha.agarwal3425@company.com
504674,Nikhil Goel,27.0,IT,Ahmedabad,81736.21,7.8,INACTIVE,Masters,16-04-2017,8.3,nikhil.goel4674@company.com
500311,Divya Bhatia,59.0,Operations,bengaluru,110492.27,16.1,On Leave,Masters,2017-06-26,9.0,divya.bhatia311@company.com
504049,Anjali Malik,43.0,sales,Lucknow,,30.9,On Leave,MASTERS,07/13/2019,8.8,anjali.malik4049@company.com
501177,Swati Thakur,22.0,Finance,bengaluru,39581.47,17.8,On Leave,PhD,04/16/2021,,swati.thakur1177@company.com
500784,Arjun Ghosh,56.0,,Pune,26775.72,0.4,On Leave,Bachelors,07/17/2018,8.7,arjun.ghosh784@company.com
501718,Preeti Ghosh,49.0,it,Pune,117940.79,14.5,active,Diploma,04/04/2019,9.3,preeti.ghosh1718@company.com
500230,Vikram Nanda,43.0,Marketing,bengaluru,129103.57,16.7,Active,bachelors,11-08-2025,1.7,vikram.nanda230@company.com
501206,Priya Dixit,,Operations,,117938.93,34.7,INACTIVE,Diploma,16/09/2022,5.0,priya.dixit1206@company.com
502059,ashok goel,37.0,,,47177.47,9.3,active,bachelors,2022-06-14,8.1,ashok.goel2059@company.com
504875,Arjun Pandey,55.0,IT,Kolkata,68445.75,13.5,active,bachelors,2015-10-22,6.2,arjun.pandey4875@company.com
502167,Amit Dixit,41.0,HR,Chennai ,112644.9,4.7,Active,,2022-02-04,9.8,amit.dixit2167@company.com
500299,kavita nanda,59.0,it,,148011.7,24.3,Inactive,Bachelors,20-10-2020,7.7,kavita.nanda299@company.com
502399,Pooja Ghosh,45.0,Logistics,Kolkata,,28.5,Active,PhD,07/01/2018,6.1,pooja.ghosh2399@company.com
504642,Neha Mishra,41.0,,Lucknow,34995.11,26.4,INACTIVE,MASTERS,26-04-2016,,neha.mishra4642@company.com
502453,pooja pandey,56.0,it,Mumbai,80995.53,14.2,On Leave,Diploma,16/02/2016,4.4,pooja.pandey2453@company.com
503479,KAVITA TRIVEDI,34.0,it,Chennai,113021.84,31.4,Inactive,,2022-07-09,5.4,kavita.trivedi3479@company.com
502100,Vikram Malik,27.0,Finance,Chennai,133648.68,13.4,active,,14/03/2015,7.5,vikram.malik2100@company.com
502429,Nisha Rastogi,27.0,it,Delhi,,14.9,On Leave,Diploma,11/12/2020,4.6,nisha.rastogi2429@company.com
504991,Suresh Agarwal,31.0,Operations,Hyderabad,147782.17,0.6,Inactive,,22/11/2015,,suresh.agarwal4991@company.com
504441,KAVITA BHATIA,,IT,Chennai ,71409.17,27.1,,PhD,11-10-2017,,kavita.bhatia4441@company.com
504103,Vikram Ghosh,54.0,Finance,Bengaluru,76038.19,24.7,Active,PhD,23-04-2018,8.8,vikram.ghosh4103@company.com
501025,Vijay Trivedi,40.0,,MUMBAI,22619.25,4.9,Inactive,bachelors,09-07-2022,7.4,vijay.trivedi1025@company.com
500538,Meena Malik,45.0,Marketing, Delhi,59228.4,5.4,On Leave,Diploma,2025-06-23,8.8,meena.malik538@company.com
503244,shreya thakur,49.0,Sales,Pune,120789.58,20.4,Inactive,,10/15/2019,4.1,shreya.thakur3244@company.com
502711,ritu dixit,29.0,Operations,Pune,40999.74,25.4,Inactive,bachelors,08/14/2024,,ritu.dixit2711@company.com
502560,Divya Dixit,48.0,Marketing,Chennai,95203.17,23.8,Inactive,bachelors,04/08/2021,7.9,divya.dixit2560@company.com
501549,Arjun Nanda,48.0,Finance,Delhi,92633.5,9.2,INACTIVE,Masters,06-05-2023,1.3,arjun.nanda1549@company.com
503442,arjun mishra,39.0,sales,Ahmedabad,95721.46,34.9,Active,Masters,08/23/2018,2.9,
503820,Ashok Sinha,23.0,Marketing,Pune,34224.08,0.9,,PhD,03-04-2016,7.1,ashok.sinha3820@company.com
501215,Rohan Bose,46.0,,Hyderabad,94730.23,4.1,Inactive,MASTERS,,1.0,rohan.bose1215@company.com
503095,Priya Goel,25.0,Support, Delhi,65774.64,6.7,active,Bachelors,,,priya.goel3095@company.com
501581,SWATI SAXENA,27.0,sales,Delhi,149689.55,,On Leave,,17/09/2020,7.7,swati.saxena1581@company.com
500796,Priya Dixit,52.0,,Kolkata,51746.14,29.8,Active,Bachelors,2022-05-07,9.9,priya.dixit796@company.com
504990,Deepak Ghosh,46.0,MARKETING,,59227.87,17.4,On Leave,MASTERS,01/10/2025,6.0,deepak.ghosh4990@company.com
503846,Isha Thakur,42.0,,bengaluru,36440.14,18.0,INACTIVE,Masters,15/09/2020,1.2,isha.thakur3846@company.com
501069,Isha Bose,24.0,,,122622.77,2.0,Inactive,Bachelors,2021-06-11,9.1,isha.bose1069@company.com
502077,Deepak Khanna,59.0,IT,Lucknow,97609.13,12.9,On Leave,MASTERS,13/05/2017,7.8,deepak.khanna2077@company.com
504146,Manish Saxena,43.0,it,bengaluru,23369.54,29.1,Inactive,Masters,23-10-2025,4.4,manish.saxena4146@company.com
501418,Gaurav Saxena,54.0,Operations, Delhi,69190.4,6.9,,,2017-11-04,5.0,gaurav.saxena1418@company.com
504220,SWATI DIXIT,35.0,Operations,Ahmedabad,139357.04,,,,2022-12-26,3.7,swati.dixit4220@company.com
504427,Divya Trivedi,42.0,Sales,,119404.1,6.1,On Leave,PhD,15-08-2019,9.3,divya.trivedi4427@company.com
503514,Sneha Trivedi,37.0,HR,Chennai ,101397.12,8.0,Inactive,PhD,2018-01-13,3.5,sneha.trivedi3514@company.com
503807,Arjun Bose,42.0,Marketing,Jaipur,122360.96,3.0,Active,,06-08-2021,3.9,arjun.bose3807@company.com
503611,Rajesh Rastogi,21.0,Finance,Delhi,127666.81,11.1,active,bachelors,2021-07-05,3.2,rajesh.rastogi3611@company.com
503162,Vikram Ghosh,25.0,Marketing,MUMBAI,98526.2,4.3,active,Bachelors,06/03/2023,,vikram.ghosh3162@company.com
504914,Vikram Chauhan,34.0,,Bengaluru,108509.02,16.7,INACTIVE,Masters,2015-03-15,,vikram.chauhan4914@company.com
503274,Vikram Agarwal,27.0,Finance, Delhi,126302.0,11.0,INACTIVE,MASTERS,18-06-2023,,vikram.agarwal3274@company.com
502417,Ritu Trivedi,55.0,it,,81506.76,,Active,MASTERS,27/01/2023,4.3,ritu.trivedi2417@company.com
504843,Priya Choudhary,57.0,sales,Pune,54711.36,9.1,Inactive,Bachelors,07/01/2024,3.3,priya.choudhary4843@company.com
503081,Sneha Trivedi,52.0,Finance,,27828.0,18.3,On Leave,bachelors,2019-10-17,6.0,sneha.trivedi3081@company.com
503160,Nikhil Chauhan,26.0,HR,Chennai,119748.86,32.8,INACTIVE,Diploma,2015-11-22,,nikhil.chauhan3160@company.com
504215,Arjun Dixit,59.0,Operations,Chennai,,10.1,active,PhD,24-06-2015,,arjun.dixit4215@company.com
504433,Swati Bansal,43.0,it,,63583.78,14.2,Active,Diploma,2025-02-26,6.9,swati.bansal4433@company.com
500459,Ritu Trivedi,24.0,HR,Chennai,37945.82,18.0,Active,,06-12-2021,5.4,ritu.trivedi459@company.com
501616,Sanjay Thakur,49.0,Operations,Kolkata,131866.75,,active,bachelors,24/09/2024,4.8,sanjay.thakur1616@company.com
503581,Vikram Pandey,52.0,MARKETING,Chennai,106618.28,,INACTIVE,PhD,03-11-2015,3.9,vikram.pandey3581@company.com
504996,Gaurav Saxena,34.0,Operations,Bengaluru,56281.17,4.1,Active,Bachelors,12/26/2025,2.0,gaurav.saxena4996@company.com
501334,Vijay Thakur,36.0,,Hyderabad,69814.13,2.0,INACTIVE,PhD,2020-11-17,9.4,vijay.thakur4055@company.com
502765,Meena Trivedi,24.0,,Delhi,132507.38,29.8,Active,PhD,,9.8,meena.trivedi2765@company.com
501819,Anjali Saxena,26.0,sales,Bengaluru,143726.42,32.3,Active,Diploma,2025-04-15,7.9,anjali.saxena1819@company.com
504182,Swati Rastogi,33.0,Operations,Pune,,6.9,Inactive,Diploma,03-11-2015,5.6,swati.rastogi4182@company.com
504315,Nikhil Sinha,56.0,Sales,Kolkata,116981.7,32.3,active,Bachelors,06/25/2025,2.9,nikhil.sinha4315@company.com
500262,swati khanna,31.0,,Ahmedabad,114743.4,8.1,On Leave,Masters,15/09/2024,1.9,swati.khanna262@company.com
500366,Rahul Rastogi,32.0,Marketing,,116595.17,3.7,active,PhD,03/06/2018,3.5,rahul.rastogi366@company.com
503933,Rahul Sinha,52.0,HR,Kolkata,109812.17,4.1,Inactive,Bachelors,08/16/2022,1.2,rahul.sinha3933@company.com
501717,Nisha Ghosh,46.0,MARKETING,Kolkata,24877.88,21.2,,bachelors,03/20/2018,3.6,nisha.ghosh1717@company.com
502719,Pooja Khanna,23.0,MARKETING,,107471.41,1.8,INACTIVE,PhD,27/07/2023,3.8,pooja.khanna2719@company.com
501776,Sanjay Rastogi,38.0,,Hyderabad,67699.68,17.8,,PhD,2019-11-11,8.9,sanjay.rastogi1776@company.com
502042,Vikram Malik,35.0,Operations,MUMBAI,53218.13,10.2,Inactive,Masters,08/21/2021,5.7,vikram.malik2042@company.com
504529,swati dixit,34.0,,Delhi,,12.5,Active,MASTERS,06/21/2021,6.2,swati.dixit4529@company.com
502689,Rohan Bhatia,,,Chennai ,56173.32,33.9,,,10-09-2022,,rohan.bhatia2689@company.com
502001,Shreya Sinha,22.0,Finance,Pune,27588.28,13.2,Inactive,Diploma,05/22/2017,6.5,shreya.sinha2001@company.com
500128,Ashok Sinha,33.0,IT,,111672.39,18.0,Inactive,Diploma,2021-06-22,2.5,ashok.sinha128@company.com
501798,DIVYA RASTOGI,59.0,,Kolkata,81380.84,25.7,Active,,09/24/2015,8.1,divya.rastogi1798@company.com
504568,RAJESH CHOUDHARY,32.0,IT,Pune,145712.7,10.1,INACTIVE,Diploma,23-12-2023,6.6,rajesh.choudhary4568@company.com
503732,Gaurav Bhatia,45.0,IT,Hyderabad,135753.35,23.1,active,MASTERS,10/07/2024,7.1,gaurav.bhatia3732@company.com
500046,Kavita Rastogi,56.0,sales,bengaluru,74922.14,24.7,On Leave,Diploma,,1.6,kavita.rastogi46@company.com
504229,Preeti Rastogi,23.0,Marketing,Mumbai,98045.86,2.9,active,bachelors,2017-08-13,3.6,preeti.rastogi4229@company.com
500531,Amit Bose,34.0,Marketing,Chennai ,121967.09,21.2,active,MASTERS,2025-03-04,4.5,amit.bose531@company.com
503303,Gaurav Trivedi,36.0,Operations,,73100.45,27.3,On Leave,PhD,2017-01-17,4.9,gaurav.trivedi3303@company.com
504564,Rohan Choudhary,26.0,HR,Ahmedabad,63384.53,16.5,On Leave,,18-09-2019,5.0,rohan.choudhary4564@company.com
501472,Gaurav Yadav,29.0,Operations,MUMBAI,132991.23,13.5,Inactive,,09-01-2016,8.9,gaurav.yadav1472@company.com
501268,Arjun Ghosh,57.0,,MUMBAI,90452.68,17.9,Active,,11/10/2025,7.2,arjun.ghosh1268@company.com
502304,Nisha Chauhan,31.0,IT,Ahmedabad,30350.53,13.6,Inactive,PhD,06-09-2018,9.7,nisha.chauhan2304@company.com
501397,Kavita Choudhary,51.0,sales,Mumbai,109349.7,,active,Masters,12/26/2015,8.5,kavita.choudhary1397@company.com
504179,Meena Agarwal,38.0,Logistics,Hyderabad,28478.91,22.4,Inactive,,2022-09-10,,meena.agarwal4179@company.com
502497,Rajesh Bansal,,Sales,Bengaluru,138085.94,7.4,,Masters,2016-11-01,8.5,rajesh.bansal2497@company.com
503809,Kavita Bhatia,24.0,,Delhi,80318.3,17.4,Active,,27/12/2017,9.8,kavita.bhatia3809@company.com
500816,Rahul Chauhan,42.0,,Chennai ,,7.5,active,PhD,18-03-2024,3.4,rahul.chauhan816@company.com
504672,Rahul Chauhan,41.0,IT,,141412.79,31.1,,PhD,2016-05-01,2.3,rahul.chauhan4672@company.com
500091,Anjali Bose,36.0,HR,Chennai,146552.97,22.3,Inactive,,,2.9,anjali.bose91@company.com
502249,Nikhil Goel,36.0,Operations,Chennai,-59706.3,24.2,,Diploma,02/14/2016,3.7,nikhil.goel2249@company.com
500657,Karan Chauhan,41.0,,Pune,59920.01,28.3,On Leave,bachelors,2021-03-04,2.6,karan.chauhan657@company.com
504344,Nisha Dixit,35.0,,Pune,133426.13,16.5,Active,Bachelors,23-02-2024,9.5,nisha.dixit4344@company.com
502643,manish thakur,21.0,IT,Delhi,99842.19,5.1,On Leave,,03-02-2020,9.2,manish.thakur2643@company.com
504404,Swati Trivedi,53.0,,Chennai ,138230.41,0.8,,Diploma,2022-08-26,,swati.trivedi4404@company.com
502653,Meena Agarwal,51.0,sales,Jaipur,106953.14,17.0,Inactive,Diploma,13/12/2023,6.6,
503241,Arjun Rastogi,52.0,Operations,,111695.89,,active,,10/18/2021,8.1,arjun.rastogi3241@company.com
502984,Meena Bansal,58.0,Operations,Lucknow,86727.28,8.4,Inactive,,2015-08-15,3.4,meena.bansal2984@company.com
502418,Gaurav Trivedi,25.0,MARKETING,,61778.97,6.4,,Bachelors,2025-04-13,5.7,gaurav.trivedi2418@company.com
501393,Shreya Sinha,30.0,MARKETING,bengaluru,77300.72,19.1,On Leave,Masters,2022-06-11,2.4,shreya.sinha1393@company.com
502752,Vikram Rastogi,38.0,Logistics,,112699.14,21.2,active,Masters,05/27/2022,2.4,vikram.rastogi2752@company.com
502262,Karan Bose,50.0,Sales,Kolkata,111381.8,26.0,,,06/01/2020,9.7,karan.bose2262@company.com
503893,Ashok Saxena,47.0,Finance,,136830.04,22.5,On Leave,MASTERS,09/08/2019,2.4,ashok.saxena3893@company.com
504118,Vikram Agarwal,42.0,it,bengaluru,122463.08,25.8,Active,Diploma,05-06-2024,2.8,vikram.agarwal4118@company.com
500743,VIKRAM SINHA,,, Delhi,135793.24,14.5,INACTIVE,MASTERS,06/16/2020,,vikram.sinha743@company.com
500090,Nikhil Saxena,49.0,Operations,Chennai,146136.01,,Active,Diploma,2020-11-24,2.0,nikhil.saxena90@company.com
501033,Vikram Nanda,56.0,,,100218.61,15.5,On Leave,,24-08-2015,2.8,vikram.nanda1033@company.com
504655,Nisha Chauhan,53.0,,Lucknow,104192.57,21.4,,Diploma,2016-12-04,5.5,nisha.chauhan4655@company.com
504627,Suresh Sinha,54.0,HR,Jaipur,40567.18,11.7,active,MASTERS,2024-01-01,7.5,suresh.sinha4627@company.com
500852,  Arjun Rastogi  ,22.0,Logistics,Kolkata,75390.73,24.7,Inactive,Diploma,2015-03-12,1.6,arjun.rastogi852@company.com
504008,Ashok Chauhan,39.0,Sales,,30739.8,19.6,Active,Masters,2022-12-13,6.8,ashok.chauhan4008@company.com
501274,Divya Ghosh,42.0,MARKETING,,145033.5,19.2,Inactive,,2019-04-15,5.0,divya.ghosh1274@company.com
504979,Shreya Pandey,59.0,, Delhi,109703.42,22.8,On Leave,Diploma,07-03-2017,6.6,shreya.pandey4979@company.com
502647,Vijay Yadav,48.0,MARKETING,bengaluru,75643.74,34.1,On Leave,PhD,06-04-2018,7.7,vijay.yadav2647@company.com
502378,Arjun Bansal,56.0,Marketing, Delhi,137931.05,23.3,active,,2023-10-26,,arjun.bansal2378@company.com
503094,Vijay Bansal,50.0,Marketing,Kolkata,97032.73,34.5,INACTIVE,,11/23/2017,9.4,vijay.bansal3094@company.com
501252,Nikhil Mishra,44.0,Marketing,Mumbai,114516.87,5.8,Inactive,Bachelors,2017-08-04,6.1,nikhil.mishra1252@company.com
503219,Nikhil Sinha,54.0,Operations,bengaluru,72788.78,27.3,Active,MASTERS,2018-03-05,9.5,nikhil.sinha3219@company.com
502357,Sanjay Sinha,42.0,IT,Ahmedabad,102701.12,19.8,INACTIVE,Diploma,2015-02-25,9.0,sanjay.sinha2357@company.com
501068,Meena Khanna,27.0,Support,Lucknow,44370.35,32.6,Inactive,,14-05-2021,4.7,meena.khanna1068@company.com
503874,Sneha Bose,23.0,MARKETING, Delhi,106468.63,5.9,Active,Bachelors,2016-07-02,4.9,sneha.bose3874@company.com
502108,Vikram Malik,53.0,,,124240.98,1.2,INACTIVE,PhD,20/07/2022,5.2,vikram.malik2108@company.com
504058,Vijay Sinha,35.0,,Chennai ,,28.4,active,PhD,2022-02-06,1.1,vijay.sinha4058@company.com
502447,Rohan Malik,24.0,Logistics,Chennai,,27.3,active,Masters,02/12/2022,5.6,rohan.malik2447@company.com
501778,Rohan Bhatia,45.0,IT,Hyderabad,,22.8,,PhD,10/12/2015,3.2,rohan.bhatia1778@company.com
504154,Ashok Pandey,40.0,Finance, Delhi,92320.1,28.2,active,PhD,2021-08-25,4.5,ashok.pandey4154@company.com
503463,Gaurav Sinha,45.0,Support,Hyderabad,131128.16,21.8,active,PhD,2022-09-21,3.9,gaurav.sinha3463@company.com
503307,  Meena Yadav  ,26.0,Marketing, Delhi,73354.1,18.6,Inactive,Masters,01-08-2023,5.7,meena.yadav3307@company.com
502236,Neha Agarwal,54.0,,Ahmedabad,52392.62,14.9,active,bachelors,20/02/2023,2.7,neha.agarwal2236@company.com
500347,Deepak Chauhan,38.0,Operations,Ahmedabad,38575.58,4.3,Active,Bachelors,26-04-2025,,deepak.chauhan347@company.com
504079,Sneha Ghosh,22.0,IT, Delhi,32538.72,2.3,Active,PhD,09-10-2024,,sneha.ghosh4079@company.com
503690,Rohan Pandey,45.0,Support,Mumbai,126764.34,11.3,,,23/11/2021,7.0,rohan.pandey3690@company.com
502105,POOJA CHOUDHARY,48.0,sales,Lucknow,63523.28,16.3,On Leave,Masters,05-05-2023,7.3,pooja.choudhary2105@company.com
501820,rohan choudhary,54.0,,Pune,48090.14,3.9,active,,08/21/2023,3.2,rohan.choudhary1820@company.com
503215,Amit Pandey,43.0,sales,Lucknow,149037.08,21.1,active,PhD,15-09-2020,4.4,amit.pandey3215@company.com
503716,Karan Pandey,35.0,Marketing,bengaluru,137874.74,30.4,Inactive,,14-06-2020,7.0,karan.pandey3716@company.com
503573,Divya Bhatia,59.0,Support,Jaipur,110055.56,10.7,Active,bachelors,03-05-2015,8.6,divya.bhatia3573@company.com
502088,Neha Dixit,48.0,MARKETING,Lucknow,42134.6,17.1,active,Masters,2021-03-04,3.0,neha.dixit2088@company.com
502663,Rajesh Sinha,35.0,Operations,Lucknow,52795.25,4.6,On Leave,Diploma,2022-09-02,9.7,rajesh.sinha2663@company.com
500389,Gaurav Bansal,45.0,,,,5.8,active,Diploma,05/24/2025,4.3,gaurav.bansal389@company.com
503801,Suresh Rastogi,45.0,sales,,136730.17,15.5,On Leave,Bachelors,2022-07-03,7.3,suresh.rastogi3801@company.com
501929,Divya Thakur,49.0,Logistics,,,13.3,Active,,24-11-2016,4.0,divya.thakur1929@company.com
500331,Rahul Khanna,55.0,Sales, Delhi,27687.3,17.1,On Leave,,2016-10-01,7.6,rahul.khanna331@company.com
502852,Sneha Sinha,31.0,Logistics,,36202.52,,active,Diploma,17/10/2019,5.1,sneha.sinha2852@company.com
500335,Nikhil Agarwal,35.0,Support,Mumbai,97512.36,22.1,Inactive,,22-06-2015,5.2,nikhil.agarwal335@company.com
500196,Rohan Yadav,41.0,IT,Hyderabad,53355.81,16.5,active,,2025-05-07,,rohan.yadav196@company.com
502468,Simran Trivedi,56.0,sales,,52619.68,,INACTIVE,Bachelors,27-02-2021,1.4,simran.trivedi2468@company.com
500123,Pooja Malik,44.0,it,Jaipur,143283.3,15.5,INACTIVE,PhD,17/09/2017,2.8,pooja.malik123@company.com
504791,Shreya Thakur,47.0,it,MUMBAI,35563.84,8.1,INACTIVE,,10/10/2021,,
502827,Shreya Trivedi,29.0,Marketing,Lucknow,71238.84,18.5,Active,Masters,07/02/2024,4.5,shreya.trivedi2827@company.com
503364,Meena Saxena,46.0,it,Ahmedabad,91021.82,10.7,INACTIVE,,23/11/2015,8.4,meena.saxena3364@company.com
503901,Amit Agarwal,22.0,Logistics,Ahmedabad,135030.44,10.9,INACTIVE,Bachelors,21-01-2024,5.4,amit.agarwal3901@company.com
502791,Divya Choudhary,54.0,Operations,Bengaluru,31581.13,30.3,Active,Masters,27/02/2025,3.4,divya.choudhary2791@company.com
501688,arjun nanda,34.0,Finance,Chennai ,89497.75,22.5,Active,,23-04-2024,2.1,arjun.nanda1688@company.com
504334,Suresh Khanna,31.0,HR,Kolkata,89494.96,8.8,,MASTERS,2020-12-14,7.8,suresh.khanna4334@company.com
500620,Gaurav Bansal,28.0,sales,,95330.43,34.4,INACTIVE,bachelors,03/17/2025,,gaurav.bansal620@company.com
501265,Divya Rastogi,,Finance,bengaluru,57632.77,29.3,Inactive,Masters,07/04/2024,4.8,divya.rastogi1265@company.com
502799,amit agarwal,45.0,IT,,,,On Leave,bachelors,04/15/2024,3.0,amit.agarwal2799@company.com
500640,Rahul Nanda,33.0,,bengaluru,29208.9,13.7,Active,PhD,04/27/2015,3.9,rahul.nanda640@company.com
500340,Rohan Goel,27.0,it,Ahmedabad,73726.21,29.9,active,,10-11-2019,8.7,rohan.goel340@company.com
504749,Karan Trivedi,26.0,sales, Delhi,,27.5,Inactive,bachelors,09/19/2015,8.1,karan.trivedi4749@company.com
501946,Isha Chauhan,57.0,Logistics,Mumbai,40399.78,31.8,Inactive,PhD,11/24/2016,4.8,isha.chauhan1946@company.com
502311,Arjun Goel,36.0,Sales,Delhi,23758.59,10.4,On Leave,bachelors,04/07/2020,1.2,arjun.goel2311@company.com
502388,Rajesh Ghosh,34.0,,,26840.61,23.8,On Leave,Diploma,08/12/2016,3.0,rajesh.ghosh2388@company.com
503656,Manish Mishra,26.0,Finance,MUMBAI,79722.3,7.4,INACTIVE,,01/17/2017,7.1,manish.mishra3656@company.com
502495,Shreya Bansal,38.0,IT,Jaipur,49755.21,22.0,,,08/14/2021,,shreya.bansal2495@company.com
504884,VIJAY KHANNA,57.0,Finance,,70234.15,12.5,Inactive,bachelors,08/07/2015,9.6,vijay.khanna4884@company.com
501824,ROHAN TRIVEDI,,Logistics,Delhi,43178.96,23.2,Active,Diploma,07/11/2022,7.0,rohan.trivedi1824@company.com
502015,SURESH TRIVEDI,32.0,IT,,40834.8,22.3,Active,Bachelors,09/08/2015,1.6,suresh.trivedi2015@company.com
500010,Divya Saxena,32.0,Logistics,bengaluru,26865.09,6.2,,,04/04/2018,9.5,divya.saxena10@company.com
502061,Preeti Trivedi,59.0,Support,Chennai,,30.0,,MASTERS,07/08/2023,2.5,preeti.trivedi2061@company.com
502254,Shreya Ghosh,54.0,Marketing,Lucknow,123492.67,12.0,active,Masters,19-02-2021,,shreya.ghosh2254@company.com
503624,Karan Trivedi,24.0,,Chennai ,120193.3,23.6,Active,bachelors,2017-06-18,1.3,karan.trivedi3624@company.com
501827,Preeti Sinha,53.0,HR,,114111.52,13.9,Active,PhD,27/12/2018,1.2,preeti.sinha1827@company.com
502966,Nisha Saxena,56.0,,Chennai ,110236.42,10.2,INACTIVE,MASTERS,07/15/2020,3.8,nisha.saxena2966@company.com
502218,Rajesh Bhatia,34.0,Finance, Delhi,77970.02,11.6,Inactive,Bachelors,06/19/2024,1.8,rajesh.bhatia2218@company.com
504746,Karan Chauhan,56.0,Marketing, Delhi,116781.13,11.0,Inactive,,01/19/2020,8.4,karan.chauhan4746@company.com
501366,Arjun Trivedi,37.0,Support,Chennai ,93232.09,23.5,,,06/20/2025,9.6,arjun.trivedi1366@company.com
502012,karan dixit,37.0,,bengaluru,-116606.5,5.0,,,10/26/2018,,karan.dixit2012@company.com
500274,Simran Mishra,30.0,Operations, Delhi,73631.51,31.1,Active,,2024-08-02,,simran.mishra274@company.com
504999,gaurav choudhary,33.0,HR,Jaipur,83585.09,17.3,,,01/19/2025,5.2,gaurav.choudhary4999@company.com
503737,Suresh Ghosh,29.0,Finance,Ahmedabad,30969.27,10.4,active,,22-05-2025,5.3,suresh.ghosh3737@company.com
500667,Deepak Dixit,48.0,Support,Kolkata,45177.97,24.8,Inactive,Masters,18-08-2019,4.5,deepak.dixit667@company.com
500766,Deepak Saxena,23.0,Marketing,Delhi,78839.33,29.9,INACTIVE,MASTERS,2019-02-06,7.6,deepak.saxena766@company.com
504262,Manish Bansal,42.0,HR,Mumbai,134130.14,10.4,,Masters,10-03-2017,6.3,manish.bansal4262@company.com
500298,Sanjay Rastogi,21.0,,,,7.6,INACTIVE,MASTERS,2015-02-01,8.3,sanjay.rastogi298@company.com
501514,Gaurav Choudhary,57.0,Logistics,Lucknow,33820.43,12.7,,MASTERS,10-05-2025,6.8,gaurav.choudhary1514@company.com
502878,Nisha Saxena,31.0,IT,bengaluru,62708.24,14.1,On Leave,Diploma,07/20/2024,5.9,nisha.saxena2878@company.com
500399,Shreya Rastogi,28.0,sales,Kolkata,62056.27,8.9,INACTIVE,,01/20/2021,1.1,shreya.rastogi399@company.com
501753,Nisha Nanda,28.0,Support,Chennai ,96514.84,22.9,active,MASTERS,2021-07-20,2.1,nisha.nanda1753@company.com
503082,Gaurav Sinha,39.0,IT,Mumbai,40613.07,17.5,,Masters,12/04/2019,4.7,gaurav.sinha3082@company.com
502000,  Kavita Saxena  ,56.0,Marketing,MUMBAI,,0.8,Inactive,,2019-06-23,5.4,kavita.saxena2000@company.com
501189,Kavita Ghosh,47.0,HR,Mumbai,145129.04,19.0,On Leave,Masters,2021-10-23,,kavita.ghosh1189@company.com
501046,  Isha Saxena  ,43.0,it,,113872.25,10.5,active,MASTERS,22-01-2019,5.1,isha.saxena1046@company.com
502990,Manish Rastogi,57.0,Finance,Hyderabad,117915.8,11.0,,Diploma,2017-07-09,1.1,manish.rastogi2990@company.com
501216,Anjali Goel,56.0,Finance,Kolkata,,29.7,,Masters,12/09/2019,5.7,anjali.goel1216@company.com
504417,Anjali Bansal,28.0,IT,Bengaluru,90504.67,2.2,Inactive,MASTERS,19-08-2018,6.1,anjali.bansal4417@company.com
504705,Rohan Thakur,21.0,Support,Chennai ,29042.68,12.9,active,PhD,15-11-2020,1.0,rohan.thakur4705@company.com
500038,Isha Bansal,33.0,Support,Kolkata,33673.43,15.7,Inactive,Diploma,08/19/2024,4.3,isha.bansal38@company.com
500888,Deepak Pandey,39.0,Sales,Kolkata,110127.72,,Active,bachelors,05/09/2022,,deepak.pandey888@company.com
500855,Pooja Bose,26.0,sales,Chennai,94376.48,3.7,Inactive,bachelors,13-05-2018,3.8,pooja.bose855@company.com
504445,Pooja Bose,58.0,it,Ahmedabad,92569.24,20.1,Active,,07-11-2019,5.8,pooja.bose4445@company.com
503192,Preeti Rastogi,21.0,,,35287.64,8.0,,Bachelors,03-09-2018,7.0,preeti.rastogi3192@company.com
501770,Meena Malik,47.0,Logistics,Mumbai,148671.68,,INACTIVE,Bachelors,07/17/2020,1.4,meena.malik1770@company.com
503468,Kavita Rastogi,31.0,,Bengaluru,67075.62,33.1,On Leave,,09/12/2019,7.4,kavita.rastogi3468@company.com
500244,Meena Bhatia,24.0,Operations,Delhi,43891.75,25.9,INACTIVE,Masters,2019-01-16,3.4,meena.bhatia244@company.com
501728,Manish Pandey,58.0,,Chennai ,114470.57,12.8,INACTIVE,,11-01-2019,3.3,manish.pandey1728@company.com
501323,Preeti Bose,42.0,,,138285.83,17.2,INACTIVE,bachelors,10/07/2020,2.1,preeti.bose1323@company.com
504186,  Priya Goel  ,52.0,IT, Delhi,90809.25,11.2,active,PhD,2019-11-20,,priya.goel4186@company.com
501078,Pooja Trivedi,35.0,Finance,,145999.05,,active,,04/12/2015,,pooja.trivedi1078@company.com
504927,Deepak Bansal,37.0,Marketing,Pune,67832.9,32.1,INACTIVE,Diploma,17-08-2020,4.4,deepak.bansal4927@company.com
502523,Isha Thakur,53.0,,MUMBAI,110007.21,17.6,INACTIVE,PhD,08/03/2022,,isha.thakur2523@company.com
502267,arjun bansal,27.0,Sales,Pune,24944.25,31.7,active,,,3.3,arjun.bansal2267@company.com
502239,Kavita Pandey,31.0,,Hyderabad,116949.1,8.3,Inactive,,12-09-2023,,kavita.pandey2239@company.com
501088,Arjun Sinha,46.0,,,102369.95,33.9,active,bachelors,04/01/2021,2.0,arjun.sinha1088@company.com
501896,Nisha Saxena,,MARKETING, Delhi,129478.52,13.9,On Leave,PhD,2015-07-27,6.8,nisha.saxena1896@company.com
504766,NEHA BANSAL,39.0,,,96509.42,4.6,active,PhD,09/01/2022,5.8,neha.bansal4766@company.com
500410,Amit Dixit,47.0,Finance,Ahmedabad,89803.33,9.7,,Masters,07/03/2024,8.2,amit.dixit410@company.com
504506,Manish Mishra,36.0,Marketing,Lucknow,129720.58,15.0,,PhD,01/08/2025,2.1,manish.mishra4506@company.com
502881,Ashok Bansal,45.0,Operations,Ahmedabad,25533.38,25.5,On Leave,,24/09/2016,7.9,ashok.bansal2881@company.com
503323,Karan Bhatia,39.0,Finance,Delhi,,24.1,active,,02/23/2015,2.5,karan.bhatia3323@company.com
501918,Priya Chauhan,22.0,Marketing,Jaipur,25673.49,30.7,Active,MASTERS,2022-08-13,9.7,priya.chauhan1918@company.com
503878,Divya Sinha,,,Mumbai,146881.86,33.0,Active,,09-05-2017,5.7,divya.sinha3878@company.com
503375,Neha Rastogi,30.0,Operations,,27603.31,29.4,Inactive,PhD,08/19/2019,,neha.rastogi3375@company.com
501566,  Sanjay Mishra  ,33.0,HR,Hyderabad,22991.6,7.9,active,bachelors,06/16/2017,5.2,sanjay.mishra1566@company.com
504531,  Suresh Pandey  ,56.0,Finance,Chennai,147215.03,8.9,INACTIVE,,08-03-2021,6.6,suresh.pandey4531@company.com
503051,swati chauhan,56.0,,Chennai,83950.57,,On Leave,Masters,25/09/2017,9.2,swati.chauhan3051@company.com
502098,Gaurav Choudhary,31.0,Operations,Mumbai,94964.21,22.8,,MASTERS,03/09/2021,4.3,gaurav.choudhary2098@company.com
504832,kavita yadav,28.0,sales,MUMBAI,142008.05,29.3,INACTIVE,PhD,13/06/2019,2.5,kavita.yadav4832@company.com
502610,Suresh Bose,36.0,Sales,Hyderabad,99254.88,10.5,active,bachelors,13-01-2017,4.9,suresh.bose2610@company.com
501739,Nisha Ghosh,35.0,Sales,Pune,95086.18,3.8,Active,MASTERS,2020-01-15,,nisha.ghosh1739@company.com
504570,Swati Khanna,31.0,it,Hyderabad,133284.75,23.1,INACTIVE,Bachelors,2015-11-26,9.0,swati.khanna4570@company.com
504487,Isha Ghosh,55.0,Support,Chennai,61735.23,12.2,active,MASTERS,08/06/2021,7.5,isha.ghosh4487@company.com
501948,DEEPAK YADAV,51.0,Sales,,105943.42,12.9,Inactive,,24-05-2017,8.3,deepak.yadav1948@company.com
502840,Arjun Sinha,43.0,Marketing,Bengaluru,132424.21,,,Masters,12/05/2020,9.9,arjun.sinha2840@company.com
500111,Swati Malik,38.0,Marketing, Delhi,74400.28,28.0,active,PhD,03/15/2024,,swati.malik111@company.com
503448,Nikhil Sinha,29.0,Operations,MUMBAI,47333.68,,active,Bachelors,08/08/2017,3.2,nikhil.sinha3448@company.com
500967,Gaurav Thakur,57.0,,Lucknow,136772.55,29.1,INACTIVE,PhD,11-10-2024,6.1,gaurav.thakur967@company.com
504801,Vijay Malik,35.0,Support,Bengaluru,122245.53,11.5,On Leave,Diploma,08-08-2023,5.5,vijay.malik4801@company.com
502675,isha nanda,41.0,Finance,Bengaluru,129871.56,19.6,active,,2025-03-14,5.9,isha.nanda2675@company.com
501444,Nisha Nanda,36.0,,Delhi,114986.17,30.4,Inactive,MASTERS,19-07-2024,2.0,nisha.nanda1444@company.com
502837,Pooja Bansal,23.0,Marketing,Bengaluru,21557.87,7.7,INACTIVE,bachelors,01/02/2020,3.4,pooja.bansal2837@company.com
502703,Divya Saxena,59.0,MARKETING,Kolkata,84648.88,15.6,active,Diploma,2023-09-26,3.3,divya.saxena2703@company.com
504230,Ritu Thakur,43.0,HR,Pune,-141298.35,20.4,active,bachelors,05/08/2024,1.9,ritu.thakur4230@company.com
503211,Anjali Bansal,43.0,Marketing,Mumbai,97964.57,24.0,Active,Masters,,3.8,anjali.bansal3211@company.com
504858,Suresh Dixit,24.0,MARKETING,Chennai,108600.03,1.4,active,,07-04-2017,5.3,suresh.dixit4858@company.com
500524,  Priya Pandey  ,44.0,HR,MUMBAI,27388.53,31.6,On Leave,Bachelors,2020-07-27,7.4,priya.pandey524@company.com
504409,Priya Malik,40.0,IT,Chennai,84846.44,,On Leave,,10/18/2025,,priya.malik4409@company.com
503616,POOJA KHANNA,35.0,,Mumbai,37107.81,,On Leave,bachelors,23/01/2022,,pooja.khanna3616@company.com
504901,Suresh Choudhary,38.0,Marketing,Pune,82185.93,4.9,active,PhD,19-09-2015,5.2,
500086,Nisha Mishra,38.0,HR,Chennai,121168.58,28.1,,bachelors,10/18/2019,2.4,nisha.mishra86@company.com
501983,Divya Dixit,23.0,HR,,122700.06,9.6,active,,23/03/2022,8.4,divya.dixit1983@company.com
502476,Isha Pandey,50.0,Support,bengaluru,135376.35,13.5,,MASTERS,03/17/2025,1.7,isha.pandey2476@company.com
504263,Swati Dixit,35.0,Finance,Jaipur,68122.69,31.3,On Leave,,12/23/2018,4.0,swati.dixit4263@company.com
503686,Divya Malik,26.0,it,Pune,133612.54,0.8,,PhD,24/04/2015,9.1,divya.malik3686@company.com
504126,Rohan Sinha,28.0,Finance,Delhi,54799.03,4.1,active,,2015-10-04,9.6,rohan.sinha4126@company.com
500040,Neha Dixit,28.0,HR,Bengaluru,,31.6,Inactive,bachelors,2016-02-23,8.1,neha.dixit40@company.com
502768,Rajesh Goel,25.0,,Jaipur,,12.8,,bachelors,07/06/2022,4.2,rajesh.goel2768@company.com
501161,Shreya Agarwal,30.0,MARKETING,Hyderabad,46704.68,14.8,,Diploma,09/19/2021,,shreya.agarwal1161@company.com
504773,Ritu Dixit,34.0,Support,Lucknow,57272.76,18.4,On Leave,Bachelors,11/02/2025,1.0,ritu.dixit4773@company.com
501665,Rajesh Dixit,40.0,Marketing,,115381.5,5.7,Active,Bachelors,02-12-2022,9.7,rajesh.dixit1665@company.com
501540,Ashok Sinha,29.0,HR,Lucknow,74246.32,21.1,active,MASTERS,2015-07-11,7.3,ashok.sinha1540@company.com
504556,Suresh Agarwal,,Sales, Delhi,55123.99,9.7,,MASTERS,16-08-2022,8.8,suresh.agarwal4556@company.com
503602,meena chauhan,24.0,Support,Bengaluru,,19.1,,Masters,2021-05-09,1.1,meena.chauhan3602@company.com
500491,Rohan Thakur,44.0,sales,,75631.36,5.0,Inactive,MASTERS,03/09/2018,7.8,rohan.thakur491@company.com
500973,Divya Rastogi,23.0,,Delhi,-41219.13,2.0,,,26-07-2020,3.2,divya.rastogi973@company.com
501796,Anjali Malik,50.0,MARKETING,Chennai ,99099.33,10.3,Active,Diploma,18/03/2017,5.7,anjali.malik1796@company.com
501394,Arjun Thakur,34.0,Operations,,146513.97,13.8,INACTIVE,MASTERS,2023-01-10,5.1,arjun.thakur1394@company.com
504757,Neha Nanda,32.0,Marketing,Jaipur,83894.59,1.5,Inactive,Bachelors,25/11/2020,3.6,neha.nanda4757@company.com
501382,neha ghosh,51.0,Sales,Hyderabad,131073.42,,INACTIVE,PhD,22-07-2021,7.2,neha.ghosh1382@company.com
500642,Priya Goel,53.0,Marketing,MUMBAI,148049.29,34.8,INACTIVE,bachelors,18/08/2021,5.7,priya.goel642@company.com
501919,Vijay Bhatia,59.0,Operations,Kolkata,,1.5,active,MASTERS,25/07/2019,5.4,vijay.bhatia1919@company.com
503449,Shreya Mishra,24.0,,Pune,52413.81,32.7,Inactive,,06/15/2020,,shreya.mishra3449@company.com
501736,Deepak Malik,42.0,Logistics,Lucknow,57064.86,11.9,On Leave,MASTERS,2020-04-20,2.8,deepak.malik1736@company.com
501130,Vijay Nanda,50.0,Operations,Bengaluru,94039.01,29.6,,,12/08/2018,9.5,vijay.nanda1130@company.com
501203,Nikhil Malik,56.0,Finance,Mumbai,44500.37,3.7,Inactive,Masters,2018-12-06,8.6,nikhil.malik1203@company.com
501201,Karan Bose,35.0,Sales,Mumbai,46107.6,27.1,Inactive,Bachelors,08/11/2024,5.8,karan.bose1201@company.com
501695,Gaurav Mishra,33.0,Logistics,Jaipur,87244.82,1.0,Inactive,MASTERS,2024-11-16,8.0,gaurav.mishra1695@company.com
504759,Karan Dixit,26.0,IT,,119977.4,14.2,Inactive,,12/10/2017,2.9,karan.dixit4759@company.com
501035,Arjun Khanna,56.0,,Mumbai,50524.54,30.3,Active,Diploma,03/10/2020,8.5,arjun.khanna1035@company.com
500307,Gaurav Mishra,29.0,,MUMBAI,23115.37,12.2,,Diploma,2015-02-25,8.1,gaurav.mishra307@company.com
501678,Arjun Saxena,47.0,sales,Hyderabad,52780.43,8.7,,,12/23/2025,2.2,
504246,Vikram Yadav,40.0,Marketing,,65840.24,,On Leave,,22-02-2023,2.5,vikram.yadav4246@company.com
501659,vikram choudhary,,,Mumbai,103819.06,21.3,INACTIVE,Bachelors,2017-03-26,,vikram.choudhary1659@company.com
502499,Suresh Choudhary,34.0,IT,,123499.54,21.9,,,11-06-2021,2.9,suresh.choudhary2499@company.com
501031,PRIYA BHATIA,50.0,Operations, Delhi,131099.86,10.8,,,25-11-2023,6.1,priya.bhatia1031@company.com
504291,Ashok Ghosh,29.0,it,Delhi,136824.61,,On Leave,bachelors,11/08/2017,,ashok.ghosh4291@company.com
503064,Amit Sinha,57.0,,Hyderabad,35076.48,21.2,INACTIVE,PhD,25-04-2019,7.4,amit.sinha3064@company.com
502659,RAJESH MALIK,59.0,Finance,,80570.19,,Active,Masters,2015-03-01,7.0,rajesh.malik2659@company.com
500183,Isha Sinha,55.0,IT,Ahmedabad,52201.59,24.5,,PhD,09/17/2020,5.2,isha.sinha183@company.com
502165,Sanjay Bansal,57.0,Sales,,61049.26,18.1,Active,Bachelors,2020-02-23,6.0,sanjay.bansal2165@company.com
504640,Nisha Bose,42.0,,Mumbai,64887.95,5.7,Inactive,Diploma,2015-03-15,8.7,nisha.bose4640@company.com
503520,Amit Ghosh,47.0,Finance,Ahmedabad,26991.24,21.8,active,Masters,04-11-2025,8.3,amit.ghosh3520@company.com
503141,Ritu Pandey,52.0,Operations,,126990.44,33.6,INACTIVE,,23/01/2025,6.5,ritu.pandey3141@company.com
500384,Gaurav Choudhary,23.0,Support,Hyderabad,46760.31,25.2,Inactive,MASTERS,24/11/2025,4.5,gaurav.choudhary384@company.com
501625,Swati Bhatia,36.0,IT,,59996.45,11.6,Inactive,Diploma,12-07-2022,4.4,swati.bhatia1625@company.com
503954,Rohan Pandey,51.0,it,bengaluru,72409.48,20.3,active,,12-09-2021,1.5,rohan.pandey3954@company.com
503006,Shreya Bansal,57.0,,Jaipur,127670.62,20.4,active,MASTERS,09/25/2020,7.6,shreya.bansal3006@company.com
502135,Priya Nanda,48.0,it,Ahmedabad,,32.2,active,bachelors,09-01-2018,4.0,priya.nanda2135@company.com
501326,Ritu Yadav,40.0,IT,,73893.61,26.2,,Masters,18/03/2015,6.6,ritu.yadav1326@company.com
504698,manish pandey,26.0,MARKETING, Delhi,28770.17,14.9,,PhD,06/06/2024,2.9,manish.pandey4698@company.com
501094,Sneha Dixit,50.0,Support,MUMBAI,130080.1,15.0,Active,MASTERS,2018-07-07,,sneha.dixit1094@company.com
502085,Sneha Choudhary,27.0,Sales,,80274.28,2.2,Inactive,PhD,18/06/2019,2.8,sneha.choudhary2085@company.com
503071,Anjali Khanna,57.0,MARKETING,Jaipur,133154.36,6.3,,Bachelors,2024-11-05,4.5,anjali.khanna3071@company.com
503659,Preeti Bhatia,55.0,,,24774.42,20.4,Active,Masters,06-08-2015,7.7,preeti.bhatia3659@company.com
504641,Meena Saxena,52.0,Marketing,,,0.7,INACTIVE,PhD,19-04-2016,3.6,meena.saxena4641@company.com
501188,Swati Agarwal,40.0,Operations,bengaluru,38963.34,16.8,INACTIVE,Masters,06/09/2023,3.8,swati.agarwal1188@company.com
503947,Ashok Ghosh,48.0,,Chennai ,142319.82,6.2,active,Bachelors,2025-08-01,9.7,ashok.ghosh3947@company.com
501660,Ashok Yadav,21.0,Logistics,Lucknow,34300.48,23.0,Inactive,Bachelors,06/19/2024,6.4,ashok.yadav1660@company.com
504544,Pooja Khanna,44.0,MARKETING,Bengaluru,109493.51,3.3,,Bachelors,24/09/2016,2.4,pooja.khanna4544@company.com
503775,Ritu Trivedi,30.0,Support,Delhi,79872.53,14.8,On Leave,Bachelors,06/14/2015,4.9,ritu.trivedi3775@company.com
502788,Ashok Sinha,58.0,Logistics,Jaipur,91017.21,24.1,,MASTERS,2024-06-09,5.8,ashok.sinha2788@company.com
502936,Vikram Yadav,59.0,Operations,,44661.27,19.8,,,2015-05-01,9.5,vikram.yadav2936@company.com
504414,Rajesh Agarwal,52.0,,Hyderabad,139936.41,7.2,On Leave,Bachelors,2016-08-27,6.9,rajesh.agarwal4414@company.com
503267,Rahul Thakur,34.0,it,bengaluru,,17.9,Inactive,,2017-07-17,9.1,
503761,Deepak Sinha,33.0,HR,,139270.98,25.5,active,bachelors,2025-12-02,5.2,deepak.sinha3761@company.com
501234,Rohan Bhatia,31.0,MARKETING,Pune,62064.81,28.4,active,PhD,12/20/2016,5.7,rohan.bhatia1234@company.com
503894,Suresh Chauhan,48.0,HR,Delhi,54045.52,8.1,,,14/11/2023,6.6,suresh.chauhan3894@company.com
504902,Preeti Goel,29.0,IT,Bengaluru,35717.86,34.8,INACTIVE,bachelors,06-08-2015,3.9,preeti.goel4902@company.com
501947,DIVYA PANDEY,30.0,Marketing,Pune,95910.32,,INACTIVE,MASTERS,2016-11-09,6.2,divya.pandey1947@company.com
501804,Anjali Nanda,54.0,Operations,Chennai ,22456.61,10.3,On Leave,MASTERS,12/24/2024,3.7,anjali.nanda1804@company.com
504296,Preeti Saxena,43.0,Logistics,MUMBAI,129577.18,15.3,Active,bachelors,20/01/2025,5.3,preeti.saxena4296@company.com
503840,Rohan Nanda,55.0,it,Ahmedabad,76564.06,4.5,Inactive,,06/08/2024,9.8,rohan.nanda3840@company.com
503483,karan malik,29.0,Support,Delhi,118402.35,6.2,Inactive,,2023-03-10,9.8,karan.malik3483@company.com
500472,Ashok Bhatia,44.0,Operations,Lucknow,69278.75,19.3,Inactive,,01/01/2019,4.0,ashok.bhatia472@company.com
500023,Nisha Ghosh,43.0,,MUMBAI,46526.55,7.1,,Masters,26/02/2021,6.6,nisha.ghosh23@company.com
501237,SANJAY MISHRA,58.0,sales,bengaluru,114788.39,25.6,Active,Masters,03/05/2021,8.5,sanjay.mishra1237@company.com
501626,Preeti Yadav,47.0,sales,Ahmedabad,129033.71,3.8,INACTIVE,Masters,03/11/2022,1.9,preeti.yadav1626@company.com
501425,Divya Trivedi,45.0,MARKETING,bengaluru,25545.46,24.7,Inactive,Masters,26/12/2017,8.6,divya.trivedi1425@company.com
503580,Amit Nanda,52.0,Sales,Mumbai,,6.1,active,MASTERS,2016-07-18,9.5,amit.nanda3580@company.com
500994,Suresh Choudhary,46.0,Marketing,Mumbai,147794.65,17.2,Inactive,bachelors,12-08-2022,2.5,suresh.choudhary994@company.com
504548,Amit Nanda,37.0,Logistics,MUMBAI,95035.18,20.2,Active,Masters,07/09/2023,7.5,amit.nanda4548@company.com
500172,Manish Chauhan,43.0,,,83613.27,10.3,On Leave,,02/08/2022,3.0,manish.chauhan172@company.com
504242,Arjun Nanda,48.0,IT,Pune,48195.32,22.8,,Bachelors,05/11/2022,8.1,arjun.nanda4242@company.com
502968,Swati Ghosh,28.0,Sales,Ahmedabad,134792.34,11.0,,PhD,07-04-2017,6.8,swati.ghosh2968@company.com
504331,Suresh Mishra,39.0,Marketing,Bengaluru,26019.39,30.2,Inactive,MASTERS,2017-09-12,1.6,suresh.mishra401@company.com
501089,Ritu Ghosh,23.0,sales,Lucknow,41709.94,0.5,Inactive,,10/23/2023,,ritu.ghosh1089@company.com
502863,ISHA PANDEY,35.0,Logistics,Lucknow,30852.86,0.9,,Bachelors,,7.5,isha.pandey2863@company.com
502973,Vijay Rastogi,52.0,MARKETING,,25079.66,26.1,On Leave,,01-04-2024,7.1,vijay.rastogi2973@company.com
502039,Sanjay Saxena,53.0,it,,27705.9,28.0,,Diploma,26-01-2017,8.0,sanjay.saxena2039@company.com
503938,Rahul Mishra,59.0,Finance,Lucknow,70399.17,5.0,Inactive,MASTERS,15-09-2022,,rahul.mishra3938@company.com
501454,Arjun Saxena,44.0,Support,bengaluru,35256.15,17.1,active,,12/12/2024,5.0,arjun.saxena1454@company.com
503680,Arjun Rastogi,42.0,Marketing,Bengaluru,114274.98,19.1,INACTIVE,bachelors,01/04/2023,4.5,arjun.rastogi3680@company.com
503583,kavita rastogi,33.0,,Chennai ,124987.53,3.0,On Leave,Masters,09/15/2025,,kavita.rastogi3583@company.com
500444,DIVYA GHOSH,37.0,,Lucknow,,33.2,On Leave,Bachelors,01/03/2024,1.6,divya.ghosh444@company.com
500275,Meena Nanda,44.0,MARKETING,Ahmedabad,119008.91,4.2,active,Masters,2015-03-08,,meena.nanda275@company.com
502347,Shreya Saxena,50.0,MARKETING,Lucknow,124739.61,15.2,Active,bachelors,10/04/2015,6.6,
503608,Divya Yadav,48.0,,bengaluru,136587.94,27.4,INACTIVE,Bachelors,06/07/2024,8.0,divya.yadav3608@company.com
502801,Amit Bansal,24.0,Logistics,Lucknow,91883.49,16.4,On Leave,Masters,09/23/2021,7.8,amit.bansal2801@company.com
500603,Sneha Nanda,40.0,MARKETING,,142943.92,2.1,Inactive,MASTERS,04/03/2021,4.9,sneha.nanda603@company.com
503916,Preeti Bhatia,31.0,,Lucknow,92540.39,22.6,INACTIVE,bachelors,25/09/2021,4.8,preeti.bhatia3916@company.com
501858,ISHA BOSE,35.0,sales,MUMBAI,141856.16,4.9,INACTIVE,,23-08-2024,,isha.bose1858@company.com
504354,Sneha Sinha,21.0,HR,Bengaluru,82515.67,32.9,On Leave,bachelors,01-11-2024,,sneha.sinha4354@company.com
504261,Anjali Chauhan,49.0,Logistics,Mumbai,,24.8,On Leave,PhD,25-06-2016,9.5,anjali.chauhan4261@company.com
500963,pooja bose,37.0,it,,34553.74,9.0,Inactive,MASTERS,05-08-2015,5.7,pooja.bose963@company.com
501351,SWATI RASTOGI,48.0,Operations,MUMBAI,40125.49,12.5,Inactive,,03/01/2019,,swati.rastogi1351@company.com
501570,Preeti Ghosh,29.0,,Delhi,119445.35,21.3,active,MASTERS,18-03-2023,,preeti.ghosh1570@company.com
501604,Amit Bose,38.0,,Hyderabad,125204.81,22.5,,MASTERS,02/03/2019,,amit.bose1604@company.com
501317,Rajesh Saxena,23.0,Operations,Mumbai,53956.23,9.2,INACTIVE,,22/10/2023,6.3,rajesh.saxena1317@company.com
502151,Arjun Malik,,it,Mumbai,96055.29,5.1,On Leave,MASTERS,15/09/2018,4.5,arjun.malik2151@company.com
503547,Neha Bhatia,37.0,HR,Kolkata,128022.83,10.8,,,07-02-2022,3.5,neha.bhatia3547@company.com
503825,Sanjay Ghosh,36.0,Marketing,Kolkata,119818.63,15.8,Active,bachelors,12/12/2017,5.1,sanjay.ghosh3825@company.com
504439,Amit Chauhan,24.0,sales,,100444.47,14.0,Active,MASTERS,05/06/2022,8.9,amit.chauhan4439@company.com
500350,Divya Khanna,26.0,HR,Ahmedabad,116548.93,9.2,Active,MASTERS,18-12-2015,2.8,divya.khanna350@company.com
504553,Preeti Malik,51.0,IT,Ahmedabad,74293.55,7.7,,MASTERS,19-11-2023,4.5,preeti.malik4553@company.com
502491,ANJALI BANSAL,46.0,Logistics,Lucknow,101191.55,3.8,Inactive,,07-07-2015,1.6,anjali.bansal2491@company.com
501686,Shreya Ghosh,50.0,it,Kolkata,99605.53,33.4,active,PhD,2022-01-01,7.7,shreya.ghosh1686@company.com
503341,Divya Dixit,48.0,,MUMBAI,86938.4,25.9,active,Bachelors,2017-05-08,1.1,divya.dixit3341@company.com
500360,Meena Rastogi,51.0,Support,Hyderabad,60604.61,4.3,Inactive,Masters,15/09/2020,,meena.rastogi360@company.com
502377,Anjali Bansal,52.0,,MUMBAI,110985.06,10.1,INACTIVE,bachelors,11/15/2016,6.4,anjali.bansal2377@company.com
500120,Karan Saxena,25.0,Finance,Jaipur,48920.04,21.3,,Bachelors,03/12/2017,2.6,karan.saxena120@company.com
501643,vijay malik,59.0,,Bengaluru,,18.3,On Leave,Diploma,2022-10-15,4.1,vijay.malik1643@company.com
502221,Sanjay Nanda,30.0,MARKETING,Delhi,,24.4,active,Masters,07/09/2019,,sanjay.nanda2221@company.com
503019,Divya Agarwal,55.0,HR,Jaipur,72133.3,19.1,active,MASTERS,2022-11-04,,divya.agarwal3019@company.com
503065,  Karan Goel  ,34.0,Logistics,Pune,83399.81,34.4,INACTIVE,Diploma,2024-04-09,8.0,karan.goel3065@company.com
500814,Divya Khanna,32.0,MARKETING,,64127.46,4.7,Active,Masters,23-03-2016,5.3,divya.khanna814@company.com
504132,SANJAY RASTOGI,24.0,Sales,MUMBAI,35629.04,9.9,active,Masters,2024-07-06,7.7,sanjay.rastogi4132@company.com
501588,Suresh Ghosh,53.0,MARKETING,,,23.3,INACTIVE,PhD,01/22/2018,6.8,suresh.ghosh1588@company.com
500496,Shreya Thakur,34.0,Finance,,111573.58,7.6,,Diploma,,5.8,shreya.thakur496@company.com
501882,Vikram Sinha,32.0,Logistics,,114229.45,10.2,,PhD,03/10/2016,5.1,vikram.sinha1882@company.com
504157,Suresh Goel,52.0,IT, Delhi,142829.75,,,bachelors,24-06-2018,9.5,suresh.goel4157@company.com
503810,Preeti Agarwal,42.0,IT,Jaipur,50239.74,26.8,Inactive,Masters,17-10-2020,,preeti.agarwal3810@company.com
502813,Nikhil Malik,25.0,,MUMBAI,129777.66,34.9,On Leave,Bachelors,06/05/2023,4.4,nikhil.malik2813@company.com
503262,Ritu Trivedi,44.0,MARKETING, Delhi,35775.52,14.4,,Bachelors,08-08-2019,2.2,ritu.trivedi3262@company.com
503788,Vijay Dixit,42.0,Logistics,Hyderabad,125156.12,32.4,INACTIVE,Masters,11/01/2023,2.1,vijay.dixit3788@company.com
501358,  Kavita Agarwal  ,24.0,IT,Chennai ,54372.86,8.4,,Masters,21/01/2025,,kavita.agarwal1358@company.com
500029,Priya Rastogi,38.0,IT,Lucknow,59341.09,21.3,Active,PhD,19/04/2017,8.3,priya.rastogi29@company.com
500566,  Manish Pandey  ,34.0,Operations,Ahmedabad,91698.19,13.7,,MASTERS,2024-02-05,2.8,manish.pandey566@company.com
500031,Simran Bansal,30.0,Sales,Delhi,43931.84,7.8,Active,Masters,09/22/2024,9.4,simran.bansal31@company.com
502898,Amit Bose,44.0,MARKETING,Kolkata,92755.81,32.5,active,bachelors,2017-09-19,5.4,amit.bose2898@company.com
501998,Nikhil Trivedi,25.0,Support,Delhi,133237.73,17.8,,Bachelors,07/04/2023,7.6,nikhil.trivedi1998@company.com
501064,Vijay Rastogi,30.0,Marketing,Delhi,80191.38,8.6,active,bachelors,11/17/2018,5.3,vijay.rastogi1064@company.com
504112,  Simran Dixit  ,56.0,MARKETING, Delhi,105881.09,,INACTIVE,Masters,2016-11-10,6.8,simran.dixit4112@company.com
502965,Kavita Choudhary,42.0,HR,Delhi,104834.99,16.4,INACTIVE,,08/08/2022,8.9,kavita.choudhary2965@company.com
501805,DEEPAK THAKUR,31.0,,Delhi,63737.42,30.5,Inactive,MASTERS,26/06/2016,9.1,deepak.thakur1805@company.com
500683,Ashok Rastogi,46.0,Support,Lucknow,121225.89,5.6,Active,,2022-03-15,2.1,ashok.rastogi683@company.com
502739,Simran Pandey,30.0,HR,bengaluru,141185.19,18.1,,bachelors,12/14/2024,5.9,simran.pandey2739@company.com
503312,Rahul Nanda,55.0,Operations, Delhi,62885.81,19.1,,,11-07-2024,8.5,rahul.nanda3312@company.com
503663,Gaurav Pandey,35.0,Marketing,Pune,126060.73,4.9,,,10-12-2025,,gaurav.pandey3663@company.com
502475,Simran Bose,57.0,,Bengaluru,113275.59,13.8,active,,2016-05-01,5.4,simran.bose2475@company.com
502583,Divya Goel,,Operations,Jaipur,140019.15,13.6,active,bachelors,02/17/2021,3.9,divya.goel2583@company.com
503058,Kavita Ghosh,50.0,sales, Delhi,138011.24,25.8,On Leave,Bachelors,15/07/2023,7.6,kavita.ghosh3058@company.com
503391,Kavita Choudhary,21.0,,MUMBAI,129382.31,7.3,Active,Bachelors,26/12/2022,2.4,kavita.choudhary3391@company.com
503660,PRIYA MALIK,30.0,Logistics,,45826.99,18.2,INACTIVE,Diploma,12/25/2022,8.8,priya.malik3660@company.com
504960,Simran Dixit,46.0,sales,Delhi,85252.09,24.7,Active,bachelors,02/24/2021,7.7,simran.dixit4960@company.com
501258,Arjun Rastogi,51.0,it,Mumbai,75239.12,16.5,Active,Bachelors,05/11/2022,4.3,arjun.rastogi1258@company.com
502625,KAVITA TRIVEDI,58.0,sales,Pune,97037.01,14.9,Inactive,,02-11-2015,,kavita.trivedi2625@company.com
503963,Rohan Dixit,39.0,IT,Lucknow,41897.23,15.7,active,,2025-04-05,2.2,rohan.dixit3963@company.com
501614,Sneha Saxena,32.0,,Kolkata,130925.15,4.6,active,Bachelors,14-03-2024,6.5,sneha.saxena1614@company.com
501726,Shreya Bose,,Finance,Bengaluru,135278.6,17.3,Inactive,,12/15/2023,5.5,shreya.bose1726@company.com
500359,Preeti Chauhan,32.0,Operations,Kolkata,96606.01,4.2,active,Diploma,2017-04-11,9.4,preeti.chauhan359@company.com
500168,Amit Ghosh,,Finance, Delhi,77018.2,13.8,Inactive,,25/06/2018,7.2,amit.ghosh168@company.com
502421,VIJAY MISHRA,56.0,Support,bengaluru,87684.01,34.7,Active,,02/22/2019,4.9,vijay.mishra2421@company.com
503536,Karan Khanna,29.0,Marketing,MUMBAI,24043.11,24.2,Inactive,MASTERS,03/12/2019,,karan.khanna3536@company.com
504289,Nikhil Choudhary,29.0,MARKETING,Chennai,133629.69,0.9,Active,MASTERS,03-10-2019,,nikhil.choudhary4289@company.com
504876,Rahul Bansal,27.0,MARKETING,,25713.41,28.8,Active,Diploma,2022-07-18,5.7,rahul.bansal4876@company.com
503470,Ashok Bhatia,21.0,Sales, Delhi,64013.94,3.1,Inactive,PhD,24/08/2016,,ashok.bhatia3470@company.com
501451,Arjun Thakur,40.0,sales,Pune,119524.79,24.2,INACTIVE,PhD,06/23/2024,9.3,arjun.thakur1451@company.com
502611,nikhil malik,24.0,Marketing,Ahmedabad,26671.04,27.7,active,,,,nikhil.malik2611@company.com
501431,Gaurav Thakur,57.0,Operations, Delhi,101598.83,17.3,On Leave,,2021-04-25,3.7,gaurav.thakur1431@company.com
502721,Rahul Sinha,37.0,Operations,Bengaluru,57980.76,3.5,,Masters,2017-11-16,9.3,rahul.sinha2721@company.com
502031,Suresh Yadav,,Operations,Ahmedabad,116885.09,16.3,Inactive,PhD,12-07-2017,8.1,suresh.yadav2031@company.com
502714,vikram ghosh,57.0,,,22239.12,5.7,INACTIVE,Masters,01/08/2017,4.7,vikram.ghosh2714@company.com
500408,rohan agarwal,51.0,Logistics,Delhi,59787.15,10.6,,PhD,03/11/2025,8.1,rohan.agarwal408@company.com
503882,Meena Trivedi,,Finance,Chennai,110214.32,13.3,active,Diploma,05/18/2015,4.5,meena.trivedi3882@company.com
502045,Swati Sinha,51.0,Operations,MUMBAI,,17.9,On Leave,,2025-10-01,5.9,swati.sinha2045@company.com
500971,Deepak Nanda,46.0,Marketing,Lucknow,,2.9,Active,,01/23/2023,10.0,deepak.nanda971@company.com
504511,Preeti Bose,46.0,Finance,bengaluru,140831.84,15.5,INACTIVE,,21-12-2023,2.9,preeti.bose4511@company.com
504094,Gaurav Bansal,42.0,Support,Chennai,97441.96,17.2,active,,2020-04-15,2.6,gaurav.bansal4094@company.com
500695,Anjali Agarwal,44.0,it,Ahmedabad,33723.07,5.4,active,Diploma,06/08/2023,6.2,anjali.agarwal695@company.com
504206,Ritu Chauhan,39.0,, Delhi,41726.68,2.2,On Leave,PhD,26-06-2018,8.3,ritu.chauhan4206@company.com
503230,  Rajesh Mishra  ,47.0,Marketing,bengaluru,101125.47,14.8,Inactive,bachelors,2019-04-24,7.2,rajesh.mishra3230@company.com
502748,Priya Goel,29.0,Logistics,Chennai,141390.92,,On Leave,bachelors,23-07-2024,,priya.goel2748@company.com
500375,Manish Agarwal,48.0,IT,Jaipur,41843.68,27.3,Inactive,PhD,24-07-2015,,manish.agarwal375@company.com
500750,Simran Rastogi,41.0,,Lucknow,72799.61,13.3,,,10/05/2018,1.1,
503871,Ritu Mishra,34.0,,Kolkata,59147.66,21.6,active,Masters,2022-09-02,8.9,ritu.mishra3871@company.com
502920,karan trivedi,42.0,Marketing,,127654.44,20.1,Active,,17/03/2019,4.4,karan.trivedi2920@company.com
503980,VIKRAM SAXENA,48.0,Logistics,,40911.62,12.2,,Diploma,05/03/2015,3.2,vikram.saxena3980@company.com
501954,Divya Ghosh,53.0,Support,Delhi,86792.29,5.6,Inactive,Bachelors,18/07/2023,2.8,divya.ghosh1954@company.com
503694,Gaurav Choudhary,,Support,Ahmedabad,73114.69,27.6,Active,Diploma,07/06/2018,5.9,gaurav.choudhary3694@company.com
501856,Kavita Rastogi,49.0,Logistics,Chennai,134176.38,14.2,INACTIVE,bachelors,09/13/2025,7.0,kavita.rastogi1856@company.com
502292,SNEHA BHATIA,43.0,sales,MUMBAI,76019.99,24.0,active,Bachelors,,8.6,sneha.bhatia2292@company.com
503237,karan yadav,52.0,Marketing,Chennai,93793.95,20.7,On Leave,,2019-12-23,1.4,karan.yadav3237@company.com
503636,Karan Trivedi,57.0,it,,25634.45,11.2,Active,Bachelors,27/06/2016,4.7,karan.trivedi3636@company.com
503177,Swati Saxena,48.0,MARKETING,MUMBAI,23263.69,19.2,,PhD,25/03/2015,8.3,swati.saxena3177@company.com
501583,Sneha Bose,28.0,IT, Delhi,20299.79,24.6,active,Bachelors,2021-08-07,6.8,sneha.bose1583@company.com
502747,Simran Saxena,39.0,Finance,Delhi,108246.79,0.4,INACTIVE,,02/11/2019,,simran.saxena2747@company.com
503297,Vikram Sinha,59.0,sales, Delhi,54955.8,6.1,On Leave,bachelors,,6.0,vikram.sinha3297@company.com
501835,DEEPAK CHAUHAN,52.0,Finance,Ahmedabad,53777.01,33.7,INACTIVE,,2020-07-19,6.6,deepak.chauhan1835@company.com
503986,AMIT SINHA,32.0,it,,111916.03,3.9,Active,bachelors,2017-01-16,7.7,amit.sinha3986@company.com
500906,SANJAY CHAUHAN,59.0,sales,Chennai,64131.7,1.8,On Leave,Diploma,10/11/2022,2.9,sanjay.chauhan906@company.com
502632,  Shreya Pandey  ,51.0,,Hyderabad,-103260.42,32.1,On Leave,,14/06/2019,2.7,shreya.pandey2632@company.com
501005,Amit Agarwal,24.0,Operations,Kolkata,130516.14,20.7,active,,02/21/2022,,amit.agarwal1005@company.com
503631,anjali trivedi,28.0,IT,Delhi,78963.32,17.3,active,bachelors,21/08/2025,2.1,anjali.trivedi3631@company.com
503542,Shreya Sinha,37.0,Support,Chennai,85452.98,1.6,active,PhD,23/09/2022,4.1,shreya.sinha3542@company.com
503747,Vikram Chauhan,43.0,HR,Delhi,-113883.79,2.7,Inactive,bachelors,01/26/2021,5.6,vikram.chauhan3747@company.com
500920,Pooja Bansal,23.0,it,Ahmedabad,75823.52,17.7,Inactive,PhD,03-03-2019,4.9,
500189,Deepak Goel,29.0,Logistics,Mumbai,85920.43,28.8,On Leave,PhD,06/02/2024,4.0,deepak.goel189@company.com
502868,Ritu Malik,41.0,HR,Hyderabad,51675.46,7.2,Active,Diploma,05/02/2015,5.4,ritu.malik2868@company.com
503316,nisha nanda,45.0,Support,MUMBAI,36789.82,24.5,On Leave,Bachelors,17/10/2021,7.2,nisha.nanda3316@company.com
503276,Rahul Chauhan,51.0,Finance,Chennai ,,19.8,On Leave,PhD,08/05/2024,7.0,rahul.chauhan3276@company.com
500862,Arjun Saxena,34.0,sales,Chennai,26014.53,25.7,,Masters,2023-04-08,9.1,arjun.saxena862@company.com
503857,Deepak Thakur,22.0,Support,bengaluru,73210.59,7.0,Inactive,Diploma,2025-07-08,1.2,deepak.thakur3857@company.com
503490,Amit Mishra,41.0,Support,,52088.85,23.4,Active,PhD,2021-01-11,9.7,amit.mishra3490@company.com
503290,Meena Nanda,39.0,it,Delhi,111924.56,15.0,active,,12/11/2020,,meena.nanda3290@company.com
500829,Meena Trivedi,58.0,Sales,Lucknow,,25.9,,Masters,24/05/2015,4.1,meena.trivedi829@company.com
504804,Rajesh Pandey,50.0,HR,Chennai ,92855.22,,On Leave,Masters,23-02-2015,9.7,rajesh.pandey4804@company.com
504234,rohan bansal,50.0,Logistics,Chennai ,117161.46,25.0,,Bachelors,08/06/2021,5.8,rohan.bansal4234@company.com
504795,MANISH SAXENA,51.0,IT,Chennai ,52714.98,27.0,Active,MASTERS,06/09/2020,6.2,manish.saxena4795@company.com
503634,sanjay thakur,59.0,HR,Ahmedabad,141371.4,32.2,Active,Diploma,22/05/2021,3.3,sanjay.thakur3634@company.com
502975,Meena Bansal,57.0,HR,bengaluru,,7.2,On Leave,,08/18/2017,,meena.bansal2975@company.com
500718,Swati Dixit,,Support, Delhi,,14.8,On Leave,Masters,09/24/2023,3.8,swati.dixit718@company.com
500245,Suresh Pandey,38.0,Logistics,Jaipur,58787.51,,Active,Bachelors,02/08/2018,8.6,suresh.pandey245@company.com
500201,Arjun Bhatia,37.0,Logistics,Ahmedabad,,20.9,Active,Diploma,15-07-2020,4.9,arjun.bhatia201@company.com
500455,Priya Bhatia,25.0,it,Jaipur,138216.05,8.6,active,Diploma,14-11-2019,10.0,priya.bhatia455@company.com
504860,Isha Chauhan,42.0,Support,Hyderabad,90654.88,33.6,,Masters,05/07/2018,6.2,isha.chauhan4860@company.com
501248,Meena Nanda,29.0,Marketing,,51644.44,18.8,active,,17/09/2015,4.4,meena.nanda1248@company.com
500116,Gaurav Agarwal,42.0,Sales,Hyderabad,119674.7,14.6,active,Diploma,21-02-2017,2.1,gaurav.agarwal116@company.com
501479,Suresh Ghosh,53.0,Marketing,Bengaluru,106231.41,0.0,On Leave,bachelors,,2.7,suresh.ghosh1479@company.com
500218,Anjali Malik,59.0,MARKETING,Lucknow,29542.01,10.1,On Leave,Masters,07-07-2023,5.9,anjali.malik218@company.com
502154,Anjali Dixit,58.0,it,,59591.89,27.1,INACTIVE,Diploma,11/09/2016,4.3,anjali.dixit2154@company.com
503956,Sneha Bose,32.0,,Jaipur,86924.64,2.3,,bachelors,15/03/2016,6.0,sneha.bose3956@company.com
500205,Sanjay Sinha,49.0,,Chennai ,142736.39,11.9,Inactive,,01/12/2018,9.9,sanjay.sinha205@company.com
501076,Rohan Ghosh,42.0,Sales,bengaluru,69155.01,1.1,INACTIVE,MASTERS,11/15/2023,2.5,rohan.ghosh1076@company.com
504697,Arjun Saxena,52.0,Sales,Lucknow,98501.08,15.1,On Leave,,26/07/2020,2.4,arjun.saxena4697@company.com
504395,Vikram Rastogi,25.0,sales,Pune,84542.26,3.7,Active,Diploma,10/27/2022,8.4,vikram.rastogi4395@company.com
500707,Priya Bhatia,42.0,,Delhi,53313.56,18.1,Active,,17-06-2021,1.9,priya.bhatia707@company.com
504778,Anjali Trivedi,38.0,,Lucknow,,5.1,INACTIVE,Masters,04/18/2017,8.7,anjali.trivedi4778@company.com
503513,Sanjay Mishra,34.0,Logistics,bengaluru,119629.54,7.2,active,Diploma,10/01/2016,1.3,sanjay.mishra3513@company.com
503883,Divya Chauhan,49.0,MARKETING,Ahmedabad,148444.94,30.7,active,Bachelors,03/11/2024,4.2,divya.chauhan3883@company.com
502181,Ashok Saxena,27.0,MARKETING,Bengaluru,39493.38,9.7,INACTIVE,bachelors,12/23/2022,4.2,ashok.saxena2181@company.com
500470,Ashok Khanna,21.0,HR,bengaluru,122093.55,21.1,INACTIVE,,2019-11-15,,ashok.khanna470@company.com
503083,  Amit Bhatia  ,22.0,it, Delhi,36351.98,27.1,On Leave,,15/08/2022,2.4,amit.bhatia3083@company.com
502609,Shreya Dixit,28.0,IT,MUMBAI,86171.58,0.7,On Leave,MASTERS,03/10/2022,1.6,shreya.dixit2609@company.com
501437,Deepak Agarwal,28.0,,,48947.46,15.1,Inactive,PhD,01/17/2024,2.4,deepak.agarwal1437@company.com
501443,deepak goel,31.0,Operations,Chennai ,59883.16,25.4,,PhD,2020-11-07,8.7,deepak.goel1443@company.com
502348,Rajesh Dixit,33.0,Logistics,,123520.42,35.0,INACTIVE,PhD,01/21/2017,7.4,rajesh.dixit2348@company.com
502631,Karan Thakur,28.0,it,bengaluru,47793.33,33.0,INACTIVE,,2023-11-26,7.4,karan.thakur2631@company.com
501228,Swati Dixit,22.0,Sales,,135767.75,23.4,Inactive,,2023-07-13,7.5,swati.dixit1228@company.com
502263,Preeti Pandey,46.0,Sales,Kolkata,117956.7,32.8,Active,PhD,04-11-2017,,preeti.pandey2263@company.com
502061,Preeti Trivedi,59.0,Support,Chennai,,30.0,,MASTERS,07/08/2023,2.5,preeti.trivedi2061@company.com
503628,Priya Trivedi,30.0,,Chennai ,141597.28,3.6,On Leave,Diploma,2020-08-12,1.8,priya.trivedi3628@company.com
502505,  Vijay Yadav  ,,Sales,Hyderabad,51738.11,20.8,Inactive,,06/16/2022,8.5,vijay.yadav2505@company.com
503342,Suresh Malik,,Marketing,Mumbai,147873.78,,Inactive,Masters,15/01/2019,2.3,suresh.malik3342@company.com
502283,Manish Sinha,32.0,Operations,Mumbai,138232.83,24.8,On Leave,,2023-03-01,4.9,manish.sinha2283@company.com
504137,priya saxena,32.0,Finance,,64148.93,,,Masters,13-11-2015,8.5,priya.saxena4137@company.com
502755,Neha Saxena,56.0,Sales,Bengaluru,59811.3,16.4,,Diploma,2015-06-16,1.6,neha.saxena2755@company.com
501012,Amit Goel,46.0,Marketing,Chennai ,,32.0,Inactive,Bachelors,10/11/2020,4.5,amit.goel1012@company.com
504449,Rajesh Bhatia,34.0,HR,Mumbai,123410.68,10.1,,,18-10-2020,,rajesh.bhatia4449@company.com
503119,  Rohan Nanda  ,33.0,HR,Pune,51228.43,14.0,On Leave,Masters,08/11/2016,9.6,rohan.nanda3119@company.com
500799,Rohan Ghosh,56.0,,Pune,34396.83,34.6,On Leave,Bachelors,07/18/2019,9.0,rohan.ghosh799@company.com
502615,simran goel,26.0,,,124266.16,18.5,Inactive,MASTERS,22/11/2015,,simran.goel2615@company.com
501868,Swati Dixit,30.0,Logistics,Chennai ,101846.77,33.6,Active,,09/20/2021,1.1,swati.dixit1868@company.com
502551,Karan Yadav,52.0,it,Pune,85438.56,22.6,,PhD,11/05/2017,5.6,karan.yadav2551@company.com
503015,Isha Thakur,44.0,sales,Hyderabad,98077.13,9.6,Inactive,,22-01-2020,,isha.thakur3015@company.com
501277,Rahul Bansal,28.0,Operations,Kolkata,128299.81,25.0,On Leave,PhD,2023-01-04,5.9,rahul.bansal1277@company.com
501346,PREETI BOSE,56.0,Finance,Hyderabad,116600.24,7.2,On Leave,PhD,11-11-2017,1.3,preeti.bose1346@company.com
501865,  Swati Nanda  ,57.0,Finance,Delhi,95991.57,10.3,active,MASTERS,27-05-2020,4.8,swati.nanda1865@company.com
502364,arjun ghosh,28.0,Marketing,bengaluru,115918.46,34.8,active,,2019-12-27,2.1,arjun.ghosh2364@company.com
500771,nikhil pandey,24.0,Sales,Chennai,54927.95,18.9,Inactive,PhD,21-02-2023,1.7,nikhil.pandey771@company.com
501349,Kavita Sinha,24.0,Sales,Ahmedabad,,21.0,,,12/14/2015,,kavita.sinha1349@company.com
501730,Anjali Bhatia,57.0,Support,,-125762.02,7.7,active,,09/10/2020,5.0,anjali.bhatia1730@company.com
502095,Neha Bhatia,,Support,Chennai,90075.69,18.4,On Leave,Diploma,04/10/2018,7.3,neha.bhatia2095@company.com
501755,Vijay Goel,52.0,IT,MUMBAI,98861.73,6.7,On Leave,Masters,08-09-2019,4.5,vijay.goel1755@company.com
503235,gaurav bose,54.0,Finance,Delhi,58586.01,25.1,,PhD,02/04/2024,8.5,gaurav.bose3235@company.com
500901,shreya rastogi,24.0,sales, Delhi,63404.68,12.6,Inactive,PhD,12/03/2021,6.9,shreya.rastogi901@company.com
504951,Rahul Bhatia,40.0,sales,Bengaluru,32539.34,19.4,,,12/20/2018,2.1,rahul.bhatia4951@company.com
504725,Karan Agarwal,24.0,MARKETING,Kolkata,96616.35,27.8,,Diploma,18-06-2019,9.7,karan.agarwal4725@company.com
504502,Manish Thakur,37.0,Sales,Jaipur,121553.42,34.8,Active,,2023-10-20,8.3,manish.thakur4502@company.com
504317,Nisha Pandey,59.0,it,,96415.61,3.5,Active,Masters,18-04-2024,2.3,nisha.pandey4317@company.com
504985,Deepak Thakur,,Marketing,,71413.09,6.4,,Bachelors,07/14/2020,2.2,deepak.thakur4985@company.com
500993,suresh bansal,44.0,Logistics,Chennai,52356.88,33.1,Inactive,,11/20/2023,3.7,suresh.bansal993@company.com
502083,Sanjay Chauhan,39.0,,,32640.38,1.7,,,14-07-2023,1.2,sanjay.chauhan2083@company.com
500550,Sneha Mishra,28.0,Support,,140114.65,15.5,Active,PhD,2021-02-06,5.2,sneha.mishra550@company.com
502115,Deepak Malik,26.0,Support,Lucknow,77635.66,32.0,Inactive,Diploma,2019-01-18,7.0,deepak.malik2115@company.com
501681,Amit Chauhan,54.0,Marketing,Bengaluru,96135.02,21.7,Inactive,,16-05-2023,8.5,amit.chauhan1681@company.com
500044,Pooja Yadav,41.0,Logistics,Ahmedabad,128356.75,26.9,Inactive,Bachelors,2018-05-26,8.4,pooja.yadav44@company.com
504853,Shreya Mishra,27.0,,Lucknow,76912.43,13.3,On Leave,Masters,01/07/2021,8.7,shreya.mishra4853@company.com
502636,Vikram Khanna,29.0,Operations,bengaluru,70806.23,13.6,Inactive,Diploma,16/12/2021,7.4,vikram.khanna2636@company.com
500810,Priya Dixit,31.0,Sales,Chennai ,95195.18,30.8,INACTIVE,bachelors,16/09/2025,1.5,priya.dixit810@company.com
503388,Sneha Ghosh,,, Delhi,56399.78,9.3,Active,,16-08-2020,8.0,
504695,Sanjay Ghosh,58.0,it,Bengaluru,-35333.44,33.7,INACTIVE,PhD,04/22/2018,2.4,sanjay.ghosh4695@company.com
500793,Vikram Goel,47.0,Finance,,29591.2,24.3,active,Masters,09/19/2024,4.6,vikram.goel793@company.com
504070,MANISH KHANNA,25.0,,Pune,120806.24,32.5,On Leave,Bachelors,2023-05-13,9.4,manish.khanna4070@company.com
504274,Divya Dixit,33.0,Finance,Kolkata,99735.86,32.2,active,Bachelors,18/06/2018,2.9,divya.dixit4274@company.com
501008,ashok bansal,53.0,HR,bengaluru,129129.01,17.9,active,bachelors,05/27/2025,5.3,ashok.bansal1008@company.com
502893,Sanjay Rastogi,52.0,Logistics, Delhi,117226.28,31.3,Active,Diploma,12/04/2015,3.5,sanjay.rastogi2893@company.com
501553,ashok dixit,56.0,IT,Jaipur,98764.17,14.3,Inactive,Bachelors,2017-08-22,2.8,ashok.dixit1553@company.com
503495,  Vikram Malik  ,26.0,,Ahmedabad,,10.6,Inactive,,26-03-2023,2.8,vikram.malik3495@company.com
501226,Nikhil Sinha,34.0,Sales, Delhi,28512.58,33.4,On Leave,,2015-11-04,,nikhil.sinha1226@company.com
500581,Preeti Sinha,26.0,IT,bengaluru,104519.71,6.2,INACTIVE,bachelors,04/26/2024,6.7,preeti.sinha581@company.com
503724,Swati Khanna,28.0,Support,Kolkata,,12.8,Active,Bachelors,24-09-2024,3.3,swati.khanna3724@company.com
504810,neha rastogi,39.0,Logistics,bengaluru,95926.48,0.9,On Leave,Masters,2024-01-03,7.8,neha.rastogi4810@company.com
504347,simran malik,31.0,MARKETING,Hyderabad,45775.68,23.0,On Leave,PhD,04-11-2021,3.5,simran.malik4347@company.com
503652,Sneha Trivedi,29.0,Marketing,Ahmedabad,36494.49,10.8,,Bachelors,27/01/2018,7.8,sneha.trivedi3652@company.com
501379,Divya Nanda,35.0,,Mumbai,33969.61,8.5,,,24/01/2015,,divya.nanda1379@company.com
500518,Gaurav Rastogi,34.0,Sales,Kolkata,144229.16,19.8,,Bachelors,06/08/2016,8.9,gaurav.rastogi518@company.com
501685,Karan Agarwal,30.0,MARKETING, Delhi,62515.42,0.4,Inactive,,27-09-2025,1.8,karan.agarwal1685@company.com
501561,simran dixit,53.0,,Hyderabad,134468.71,21.2,Inactive,MASTERS,26-07-2024,4.0,simran.dixit1561@company.com
501741,GAURAV MALIK,36.0,Operations,Chennai,26987.2,14.0,INACTIVE,bachelors,13-03-2016,6.3,gaurav.malik1741@company.com
500032,Neha Ghosh,31.0,sales,Chennai,49832.86,14.0,,PhD,21-03-2018,,neha.ghosh32@company.com
502755,Neha Saxena,56.0,Sales,Bengaluru,59811.3,16.4,,Diploma,2015-06-16,1.6,neha.saxena2755@company.com
502773,Kavita Bose,38.0,Marketing,Bengaluru,127680.02,3.2,,MASTERS,2018-01-06,8.0,kavita.bose2773@company.com
501826,  Swati Saxena  ,56.0,Finance,Hyderabad,35759.06,,On Leave,Masters,2022-03-10,8.4,swati.saxena1826@company.com
500559,Pooja Khanna,49.0,MARKETING,Delhi,132944.7,32.3,INACTIVE,Bachelors,08/19/2023,4.9,pooja.khanna559@company.com
503955,Vijay Malik,21.0,sales,Bengaluru,95135.08,5.6,Active,Bachelors,2025-12-19,5.6,vijay.malik3955@company.com
501949,Isha Malik,55.0,,Kolkata,99330.22,9.0,Inactive,MASTERS,2021-12-06,6.7,isha.malik1949@company.com
501630,Swati Thakur,46.0,Support, Delhi,33285.76,29.1,INACTIVE,,08/05/2021,2.9,swati.thakur1630@company.com
501003,Divya Malik,34.0,Marketing, Delhi,110403.22,,,bachelors,09-07-2025,2.3,divya.malik1003@company.com
501680,Manish Malik,53.0,MARKETING,MUMBAI,27110.25,23.2,On Leave,Bachelors,11/24/2021,7.3,manish.malik1680@company.com
502356,Simran Bansal,31.0,MARKETING,Hyderabad,129570.5,28.7,Inactive,Diploma,2017-11-09,7.0,simran.bansal2356@company.com
502874,Deepak Nanda,24.0,,Delhi,109072.51,32.4,Inactive,Bachelors,09/02/2024,2.4,deepak.nanda2874@company.com
501523,Ashok Agarwal,48.0,Logistics,Hyderabad,95406.57,28.2,INACTIVE,MASTERS,25-01-2020,2.1,
500264,Isha Malik,28.0,Support,Chennai,144954.03,2.4,On Leave,Masters,15/01/2016,3.5,isha.malik264@company.com
500184,Ashok Choudhary,,Sales,Bengaluru,148480.0,33.6,On Leave,,22/04/2015,,ashok.choudhary184@company.com
500911,arjun yadav,23.0,Sales,Delhi,76686.91,2.7,On Leave,MASTERS,16-03-2024,1.7,arjun.yadav911@company.com
501231,RAJESH GOEL,46.0,Operations,Bengaluru,110740.1,2.6,Inactive,Diploma,06/23/2017,8.2,rajesh.goel1231@company.com
500703,Kavita Trivedi,25.0,Finance,Ahmedabad,121306.72,22.8,INACTIVE,Bachelors,2020-11-01,8.6,kavita.trivedi703@company.com
500918,GAURAV YADAV,49.0,Marketing,MUMBAI,97673.32,10.5,Active,MASTERS,,7.3,gaurav.yadav918@company.com
501632,Rohan Chauhan,44.0,,Ahmedabad,90289.06,17.8,,,26/09/2024,9.9,rohan.chauhan1632@company.com
502713,Pooja Pandey,42.0,Operations,bengaluru,133843.98,32.3,active,MASTERS,19-02-2025,1.5,pooja.pandey2713@company.com
501574,SHREYA NANDA,58.0,it,Chennai ,49319.04,19.6,,Diploma,2015-06-12,1.1,shreya.nanda1574@company.com
501417,Preeti Mishra,38.0,Operations,Chennai,53070.78,27.0,Active,Masters,14-04-2019,,preeti.mishra1417@company.com
503440,KAVITA GHOSH,32.0,Sales,Lucknow,64374.11,,Active,,21-03-2023,7.2,kavita.ghosh3440@company.com
502463,meena nanda,52.0,,Lucknow,133941.39,21.4,active,,03/06/2024,1.6,meena.nanda2463@company.com
504912,Gaurav Bhatia,27.0,,Bengaluru,101986.99,11.6,active,PhD,07-07-2019,6.3,gaurav.bhatia4912@company.com
503625,Deepak Chauhan,49.0,Finance,Hyderabad,104936.84,1.5,,Masters,2024-01-18,1.6,deepak.chauhan3625@company.com
504048,Karan Mishra,,Operations,Jaipur,110973.1,33.0,On Leave,Bachelors,17-08-2025,9.5,karan.mishra4048@company.com
504104,  Nisha Bhatia  ,29.0,,Mumbai,90326.31,2.9,Inactive,PhD,2016-06-05,9.0,nisha.bhatia4104@company.com
502610,Suresh Bose,36.0,Sales,Hyderabad,99254.88,10.5,active,bachelors,13-01-2017,4.9,suresh.bose2610@company.com
504700,Anjali Trivedi,49.0,Marketing,Ahmedabad,131695.33,9.6,On Leave,MASTERS,2024-01-19,9.6,anjali.trivedi4700@company.com
504615,neha bansal,55.0,,Pune,46795.09,3.0,Inactive,Diploma,,1.4,neha.bansal4615@company.com
502641,Preeti Bose,45.0,IT,Bengaluru,78101.12,29.9,,Bachelors,11/21/2020,7.5,preeti.bose2641@company.com
503937,Preeti Yadav,45.0,Marketing,,46701.43,11.1,INACTIVE,,,,preeti.yadav3937@company.com
504498,Gaurav Dixit,57.0,IT,Delhi,87916.0,32.2,,,15-12-2015,2.3,gaurav.dixit4498@company.com
501238,Isha Thakur,26.0,HR,Lucknow,102557.97,33.5,active,MASTERS,14/08/2018,3.2,isha.thakur1238@company.com
501834,Kavita Pandey,27.0,it,Delhi,144788.56,10.4,Inactive,Bachelors,06-06-2022,6.5,kavita.pandey1834@company.com
502733,Amit Chauhan,26.0,Support,bengaluru,31800.19,0.1,active,MASTERS,10/21/2018,1.8,amit.chauhan2733@company.com
504794,SWATI KHANNA,50.0,,Lucknow,81989.97,5.7,INACTIVE,bachelors,20-03-2020,3.1,swati.khanna4794@company.com
504649,Gaurav Mishra,21.0,IT,Delhi,52780.9,20.6,Inactive,MASTERS,19/02/2015,6.9,gaurav.mishra4649@company.com
502312,Rahul Agarwal,55.0,,Ahmedabad,109603.87,30.0,Active,MASTERS,13/04/2020,8.2,rahul.agarwal2312@company.com
502701,Manish Saxena,37.0,,Hyderabad,88913.63,1.1,INACTIVE,Diploma,,8.3,manish.saxena2701@company.com
501061,Sneha Saxena,46.0,,,,26.5,Active,,04/03/2017,4.1,sneha.saxena1061@company.com
501354,Sanjay Khanna,57.0,Logistics,Delhi,101698.98,8.8,,,25-06-2015,,sanjay.khanna1354@company.com
504620,Rahul Dixit,27.0,HR,Ahmedabad,99724.26,21.9,INACTIVE,Masters,11/03/2020,9.1,rahul.dixit4620@company.com
504067,Preeti Bansal,48.0,Finance,Kolkata,51676.64,27.7,Inactive,Masters,18/07/2020,5.0,preeti.bansal4067@company.com
502535,Anjali Pandey,25.0,Logistics,Bengaluru,143570.16,30.5,Inactive,Masters,09-11-2020,4.1,anjali.pandey2535@company.com
504100,swati agarwal,25.0,,Chennai,69161.94,3.7,On Leave,Bachelors,11/04/2022,1.7,swati.agarwal4100@company.com
503227,DIVYA AGARWAL,46.0,MARKETING,Mumbai,92353.96,27.9,On Leave,bachelors,2020-06-17,3.3,divya.agarwal3227@company.com
501293,Anjali Saxena,54.0,,Chennai,108879.18,19.3,On Leave,Bachelors,16-08-2020,5.1,anjali.saxena1293@company.com
501937,Kavita Chauhan,26.0,,Chennai ,63689.59,19.3,INACTIVE,Masters,,5.6,kavita.chauhan1937@company.com
501024,Kavita Chauhan,59.0,IT,Lucknow,94766.3,24.1,Active,Diploma,2020-06-07,5.2,kavita.chauhan1024@company.com
500014,Preeti Bose,42.0,sales,Hyderabad,55111.6,30.4,INACTIVE,,2022-05-12,8.4,preeti.bose14@company.com
504461,Manish Pandey,47.0,Finance,Chennai,44368.29,10.6,On Leave,,2016-03-23,5.7,manish.pandey4461@company.com
501982,Shreya Goel,28.0,IT,Hyderabad,95576.85,,On Leave,bachelors,07/05/2015,9.9,shreya.goel1982@company.com
500547,Rajesh Pandey,39.0,Support,Chennai ,81165.16,34.8,INACTIVE,Masters,2015-02-02,8.3,rajesh.pandey547@company.com
501427,Arjun Choudhary,40.0,Logistics,bengaluru,92216.65,,active,,02-03-2022,6.3,arjun.choudhary1427@company.com
503523,Anjali Sinha,26.0,MARKETING,Bengaluru,46655.66,19.6,active,MASTERS,2019-02-09,,anjali.sinha3523@company.com
501971,Karan Bansal,29.0,Support,Delhi,127903.92,5.0,,Masters,2016-08-26,5.5,karan.bansal1971@company.com
500883,Divya Saxena,26.0,IT,,,5.1,Active,Diploma,10-06-2019,7.4,divya.saxena883@company.com
502759,Nikhil Mishra,27.0,Marketing, Delhi,128219.01,24.0,Inactive,Diploma,08/11/2019,8.6,nikhil.mishra2759@company.com
500161,Rohan Trivedi,48.0,Support,Mumbai,43750.75,18.4,Inactive,,11/12/2018,2.1,rohan.trivedi161@company.com
500099,Gaurav Goel,45.0,HR,Mumbai,68667.19,,INACTIVE,MASTERS,11-02-2025,8.6,gaurav.goel99@company.com
500112,AMIT CHOUDHARY,34.0,Operations,Chennai,68332.22,9.4,Active,,22-05-2017,4.5,amit.choudhary112@company.com
503796,Sneha Bhatia,42.0,MARKETING,Chennai,103298.46,10.9,,Diploma,06/20/2016,9.3,sneha.bhatia3796@company.com
502089,Divya Yadav,21.0,Logistics,Bengaluru,108827.87,29.1,,Masters,21-09-2017,7.0,divya.yadav2089@company.com
500003,Preeti Agarwal,31.0,Finance,Pune,109089.82,,On Leave,Masters,2022-10-01,8.4,preeti.agarwal3@company.com
503961,Vijay Ghosh,52.0,sales,Mumbai,108596.23,6.5,Active,Diploma,2021-01-09,,vijay.ghosh3961@company.com
500690,Amit Saxena,51.0,HR,bengaluru,68913.67,31.4,Active,Bachelors,01/01/2022,,amit.saxena690@company.com
502827,Shreya Trivedi,29.0,Marketing,Lucknow,71238.84,18.5,Active,Masters,07/02/2024,4.5,shreya.trivedi2827@company.com
503770,Meena Pandey,42.0,Support,Chennai ,73802.72,12.0,active,PhD,08/05/2017,2.9,meena.pandey3770@company.com
500146,vijay bansal,32.0,MARKETING,Hyderabad,105120.95,15.8,Active,Bachelors,2022-01-21,3.0,vijay.bansal146@company.com
501775,Simran Khanna,22.0,sales,Lucknow,27966.1,10.4,On Leave,Bachelors,09/04/2020,,simran.khanna1775@company.com
501114,sneha bhatia,31.0,Logistics,,,0.8,Inactive,bachelors,22/08/2018,5.0,sneha.bhatia1114@company.com
501609,Rajesh Goel,26.0,,Hyderabad,23005.91,20.1,INACTIVE,PhD,11/15/2020,1.4,rajesh.goel1609@company.com
501363,Preeti Yadav,46.0,HR,Hyderabad,59071.62,,active,PhD,09/24/2025,8.2,preeti.yadav1363@company.com
501559,Nisha Bhatia,22.0,Sales,,50365.31,20.3,,Masters,12/21/2015,9.3,
504033,Sanjay Malik,53.0,IT,,71273.96,11.1,On Leave,,01/26/2023,6.0,sanjay.malik4033@company.com
501841,Ashok Chauhan,30.0,Support,Kolkata,27317.22,25.7,Inactive,Diploma,22-12-2025,5.4,ashok.chauhan1841@company.com
504022,Priya Bose,23.0,,Kolkata,23224.69,28.6,Inactive,PhD,18/12/2015,8.9,priya.bose4022@company.com
501806,ISHA SINHA,56.0,sales,Ahmedabad,84410.39,23.2,INACTIVE,bachelors,,6.0,isha.sinha1806@company.com
500643,Anjali Goel,31.0,IT,Kolkata,127521.82,33.8,,PhD,2015-06-18,6.5,anjali.goel643@company.com
500648,vijay chauhan,22.0,,Pune,58125.25,8.7,Inactive,Bachelors,09/11/2015,7.2,vijay.chauhan648@company.com
503256,NIKHIL RASTOGI,33.0,sales,Delhi,73761.86,9.8,On Leave,bachelors,04/03/2024,9.1,nikhil.rastogi3256@company.com
502772,shreya sinha,47.0,Support,,118240.88,5.8,,Masters,04/08/2016,6.1,shreya.sinha2772@company.com
504116,Rahul Pandey,33.0,MARKETING,,69575.16,23.7,On Leave,Masters,17/09/2018,4.4,rahul.pandey4116@company.com
502026,Vikram Nanda,30.0,IT,Lucknow,145845.08,19.6,Active,Masters,05/27/2015,5.5,vikram.nanda2026@company.com
504540,Arjun Ghosh,47.0,Logistics,Hyderabad,117163.98,34.1,Inactive,bachelors,2015-01-19,5.2,arjun.ghosh4540@company.com
504827,Anjali Bansal,32.0,Support,,102322.39,7.8,On Leave,Diploma,08-03-2019,8.8,anjali.bansal4827@company.com
500396,Simran Sinha,40.0,it,,149761.93,24.4,active,,03/03/2025,,simran.sinha396@company.com
504767,Nikhil Choudhary,48.0,HR,Ahmedabad,96153.99,33.8,Active,MASTERS,09-03-2025,7.2,nikhil.choudhary4767@company.com
502594,Meena Thakur,36.0,Logistics, Delhi,138517.11,14.4,Active,MASTERS,2024-08-21,2.7,meena.thakur2594@company.com
503263,Manish Choudhary,34.0,,Lucknow,58669.88,34.8,On Leave,Diploma,2024-09-07,2.2,manish.choudhary3263@company.com
501522,Amit Chauhan,33.0,HR,Pune,29691.5,16.0,INACTIVE,Masters,03-06-2017,8.2,amit.chauhan1522@company.com
502581,Swati Mishra,24.0,sales, Delhi,147491.27,8.5,INACTIVE,,01-06-2025,8.8,swati.mishra2581@company.com
500848,Isha Choudhary,58.0,MARKETING,,34095.05,5.7,active,,02-06-2023,1.3,isha.choudhary848@company.com
503965,Ashok Bansal,51.0,it,Mumbai,51398.09,24.7,On Leave,Diploma,01/23/2017,8.8,ashok.bansal3965@company.com
504666,Rahul Dixit,51.0,Finance,Lucknow,59769.02,33.5,Active,Diploma,12/02/2023,2.7,rahul.dixit4666@company.com
502909,Rohan Choudhary,53.0,sales,Mumbai,59446.7,3.9,active,Masters,2019-12-23,5.1,rohan.choudhary2909@company.com
502096,Neha Bhatia,43.0,Marketing,Jaipur,,5.0,On Leave,Bachelors,09/03/2021,9.3,neha.bhatia2096@company.com
501113,Divya Sinha,46.0,Marketing,Bengaluru,26275.18,30.8,,Bachelors,2022-08-20,5.3,divya.sinha1113@company.com
500127,GAURAV PANDEY,59.0,Operations,Chennai ,142871.79,13.4,Inactive,,03/10/2024,1.5,gaurav.pandey127@company.com
500275,Meena Nanda,44.0,MARKETING,Ahmedabad,119008.91,4.2,active,Masters,2015-03-08,,meena.nanda275@company.com
504383,sanjay bose,52.0,sales, Delhi,84640.25,11.3,,Masters,2015-05-04,3.5,sanjay.bose4383@company.com
501636,Meena Bansal,35.0,Logistics,Delhi,89793.85,31.6,active,PhD,22/09/2022,8.8,meena.bansal1636@company.com
502741,Nikhil Khanna,53.0,sales,Hyderabad,135176.76,24.6,On Leave,MASTERS,2018-09-25,6.2,nikhil.khanna2741@company.com
504411,SHREYA GOEL,59.0,Operations,Mumbai,35575.1,30.2,Active,Diploma,2015-08-13,6.3,shreya.goel4411@company.com
502197,Vikram Bhatia,,Sales,Delhi,135528.83,,Active,,11/11/2023,9.6,vikram.bhatia2197@company.com
502407,Rohan Thakur,22.0,sales,Pune,29375.04,20.6,Active,bachelors,12/26/2015,3.1,rohan.thakur2407@company.com
504862,Arjun Thakur,34.0,HR,,136417.51,24.8,,Masters,2022-10-17,1.2,arjun.thakur4862@company.com
503757,Vikram Bose,50.0,Logistics,Lucknow,51191.89,9.1,On Leave,Diploma,19/05/2019,6.9,vikram.bose3757@company.com
500011,Priya Choudhary,35.0,Sales,Hyderabad,57066.26,16.0,active,Bachelors,06/09/2018,2.1,priya.choudhary11@company.com
503146,Suresh Malik,22.0,Sales,MUMBAI,75217.8,19.2,Inactive,Bachelors,27-04-2018,8.3,suresh.malik3146@company.com
503264,  Preeti Mishra  ,21.0,MARKETING,Lucknow,39296.32,24.4,INACTIVE,,19/05/2015,7.3,preeti.mishra3264@company.com
500890,Isha Trivedi,50.0,sales,Jaipur,34679.58,28.2,active,MASTERS,2022-06-03,3.9,isha.trivedi890@company.com
502224,VIKRAM SINHA,46.0,Support,MUMBAI,42581.71,10.5,Inactive,Masters,05-06-2020,5.2,vikram.sinha2224@company.com
504597,KAVITA YADAV,50.0,Logistics,,120433.85,,,,03/24/2015,7.5,kavita.yadav4597@company.com
504166,Sanjay Dixit,46.0,Logistics,Mumbai,70063.78,26.6,INACTIVE,bachelors,,9.0,sanjay.dixit4166@company.com
501106,Priya Yadav,53.0,sales,Bengaluru,92571.45,32.7,,,2022-03-27,6.3,priya.yadav1106@company.com
504270,SHREYA MISHRA,28.0,MARKETING,Mumbai,31217.55,13.1,On Leave,bachelors,11/21/2018,4.8,shreya.mishra4270@company.com
500678,Isha Yadav,53.0,MARKETING,Pune,105049.54,8.8,INACTIVE,bachelors,04-06-2018,1.0,isha.yadav678@company.com
504854,  Divya Agarwal  ,26.0,Operations,bengaluru,,22.6,INACTIVE,bachelors,04/22/2022,4.1,divya.agarwal4854@company.com
504265,Meena Chauhan,51.0,Logistics,Lucknow,85327.42,4.7,Active,Diploma,06/20/2025,2.2,meena.chauhan4265@company.com
500439,Swati Agarwal,55.0,Finance,Bengaluru,107873.49,32.4,Active,PhD,15/07/2022,,swati.agarwal439@company.com
501828,Kavita Bhatia,58.0,Marketing,Chennai,,16.0,INACTIVE,Masters,07/08/2024,2.8,kavita.bhatia1828@company.com
502321,sanjay malik,24.0,it,Bengaluru,53458.97,14.1,active,,2019-11-17,9.6,sanjay.malik2321@company.com
501208,Sanjay Pandey,32.0,Operations,Chennai,29314.06,29.1,Active,,2025-12-08,5.6,sanjay.pandey1208@company.com
503875,VIKRAM RASTOGI,22.0,Logistics,Mumbai,24040.0,6.3,active,Diploma,2018-03-17,7.8,vikram.rastogi3875@company.com
503258,NEHA BHATIA,22.0,sales,Kolkata,22776.43,12.3,On Leave,,01/21/2023,,neha.bhatia3258@company.com
500241,Preeti Khanna,27.0,, Delhi,52177.66,12.4,Inactive,PhD,11/02/2016,,preeti.khanna241@company.com
502041,Manish Trivedi,51.0,Finance,bengaluru,105836.65,24.4,active,MASTERS,11-02-2021,7.0,manish.trivedi2041@company.com
502603,Meena Yadav,35.0,Marketing,Delhi,78062.41,2.0,Active,Bachelors,09-12-2016,9.8,meena.yadav2603@company.com
501202,simran sinha,31.0,it,bengaluru,96483.64,12.0,,Bachelors,05-11-2025,7.0,simran.sinha1202@company.com
502952,Kavita Trivedi,27.0,MARKETING,,119002.66,22.5,Inactive,,,5.1,kavita.trivedi2952@company.com
500769,Gaurav Rastogi,43.0,Marketing,Delhi,146779.63,13.1,On Leave,Diploma,04/09/2021,5.7,gaurav.rastogi769@company.com
501830,Isha Trivedi,58.0,MARKETING,Delhi,135221.16,1.3,active,MASTERS,26-05-2019,5.4,isha.trivedi1830@company.com
502199,Kavita Chauhan,,, Delhi,25740.97,18.9,INACTIVE,Bachelors,2017-01-10,9.3,kavita.chauhan2199@company.com
502573,ASHOK SINHA,52.0,Operations,Bengaluru,70692.48,21.5,active,,22-11-2020,8.0,ashok.sinha2573@company.com
504119,Arjun Trivedi,37.0,sales,Kolkata,61120.1,34.0,On Leave,Diploma,22/10/2017,6.1,arjun.trivedi4119@company.com
503949,Shreya Chauhan,32.0,Sales,,43582.71,11.7,active,,2018-11-15,6.8,shreya.chauhan3949@company.com
502672,Meena Ghosh,36.0,Finance,bengaluru,,,Active,Diploma,2016-11-09,,meena.ghosh2672@company.com
501289,Simran Agarwal,37.0,Support, Delhi,132685.23,4.3,,MASTERS,10/12/2017,8.4,simran.agarwal1289@company.com
502458,Nikhil Nanda,21.0,Support,Chennai ,47789.85,21.7,Active,Diploma,01/03/2016,7.2,nikhil.nanda2458@company.com
502336,Shreya Ghosh,28.0,IT,MUMBAI,139204.01,5.3,INACTIVE,,26-03-2019,2.2,shreya.ghosh2336@company.com
500912,Suresh Thakur,33.0,Operations,Ahmedabad,106653.02,18.8,On Leave,,2023-07-05,1.8,suresh.thakur912@company.com
504562,Manish Bansal,43.0,Logistics,bengaluru,33568.16,32.5,Active,PhD,13/12/2020,9.1,manish.bansal4562@company.com
500839,Vikram Agarwal,59.0,Marketing,Jaipur,52742.07,15.4,Active,,27-05-2022,7.4,
504512,anjali bose,,HR,MUMBAI,65402.04,,active,,,3.7,anjali.bose4512@company.com
502084,Ritu Rastogi,35.0,IT, Delhi,111409.81,5.7,Inactive,Masters,2021-10-12,9.8,ritu.rastogi2084@company.com
504745,Amit Bose,24.0,,,116726.88,,,,16-05-2022,,amit.bose4745@company.com
504462,Simran Rastogi,49.0,,MUMBAI,71029.79,6.0,,,03/19/2015,4.4,simran.rastogi4462@company.com
500094,Amit Yadav,54.0,Sales,Pune,22089.93,3.3,,Diploma,12-12-2018,,amit.yadav94@company.com
504976,Kavita Malik,44.0,Logistics, Delhi,104457.99,32.3,Active,PhD,01/10/2022,8.5,kavita.malik4976@company.com
503655,meena bansal,39.0,HR,,,24.6,INACTIVE,PhD,27-11-2015,4.9,meena.bansal3655@company.com
501343,Suresh Nanda,28.0,Support,Mumbai,27909.15,14.5,INACTIVE,MASTERS,13-12-2019,5.8,suresh.nanda1343@company.com
503844,Shreya Trivedi,,it,,85618.34,21.2,On Leave,bachelors,06-11-2023,8.7,shreya.trivedi3844@company.com
503842,arjun saxena,52.0,MARKETING,Hyderabad,23513.7,,active,bachelors,04/20/2020,3.5,arjun.saxena3842@company.com
502738,Meena Nanda,40.0,IT,MUMBAI,105239.1,,Inactive,PhD,24-06-2022,6.3,meena.nanda2738@company.com
503816,ARJUN SAXENA,22.0,,,148253.76,10.7,INACTIVE,PhD,,8.5,arjun.saxena3816@company.com
500048,Nikhil Ghosh,,Logistics,Jaipur,21745.64,2.5,,,21/10/2024,4.3,nikhil.ghosh48@company.com
502114,PRIYA YADAV,44.0,Marketing,Pune,55844.4,6.3,INACTIVE,,2017-02-07,2.9,priya.yadav2114@company.com
502702,Ashok Yadav,52.0,Marketing,Ahmedabad,136185.19,0.6,active,Bachelors,27-06-2018,8.6,ashok.yadav2702@company.com
503286,Kavita Bansal,28.0,IT,Chennai ,136866.12,18.3,,bachelors,10/13/2021,4.5,kavita.bansal3286@company.com
501864,Priya Bose,36.0,Finance,,66250.48,8.3,active,bachelors,08-02-2016,5.0,priya.bose1864@company.com
501648,Rajesh Choudhary,23.0,sales,Chennai ,63386.42,4.6,Active,Masters,10-05-2017,10.0,rajesh.choudhary1648@company.com
500320,  Isha Goel  ,41.0,Marketing,Chennai,46177.07,3.2,,,22/09/2019,9.1,isha.goel320@company.com
501087,Preeti Nanda,42.0,it,MUMBAI,145778.66,11.5,On Leave,,22/03/2020,4.2,preeti.nanda1087@company.com
501851,pooja pandey,26.0,Operations, Delhi,37732.75,28.8,active,,2021-12-13,7.6,pooja.pandey1851@company.com
501731,Manish Khanna,32.0,MARKETING,Chennai,141004.39,33.1,On Leave,,06/04/2019,7.6,manish.khanna1731@company.com
502943,Isha Goel,26.0,,Jaipur,144372.2,13.3,active,Diploma,2017-06-01,3.8,isha.goel2943@company.com
500694,Meena Malik,31.0,Logistics,Pune,,32.6,active,,21-06-2020,2.3,meena.malik694@company.com
500931,Pooja Agarwal,39.0,,Chennai,128892.04,11.7,INACTIVE,,09/12/2024,1.7,pooja.agarwal931@company.com
502849,Manish Yadav,43.0,Marketing,Delhi,,23.8,Active,Bachelors,2021-09-13,2.1,manish.yadav2849@company.com
502245,nikhil thakur,27.0,Operations,Mumbai,32479.73,4.0,On Leave,bachelors,04-05-2025,7.8,nikhil.thakur2245@company.com
502171,Priya Nanda,50.0,Marketing,Hyderabad,112055.76,9.9,Inactive,Masters,21/11/2024,,priya.nanda2171@company.com
500652,Arjun Nanda,48.0,Finance,Chennai ,46036.06,26.8,active,Masters,15/12/2018,4.3,arjun.nanda652@company.com
500373,ashok rastogi,23.0,sales,Jaipur,85750.17,14.9,On Leave,,13-12-2017,3.4,ashok.rastogi373@company.com
503749,suresh saxena,45.0,Marketing,Bengaluru,102910.19,5.2,Active,PhD,01-09-2020,4.4,suresh.saxena3749@company.com
501298,Shreya Khanna,53.0,Finance,,77647.59,1.5,On Leave,,18/10/2016,2.8,shreya.khanna1298@company.com
503799,Rajesh Khanna,52.0,sales,Pune,23174.62,34.1,Active,Bachelors,06/23/2022,7.4,rajesh.khanna3799@company.com
503526,Swati Nanda,59.0,IT,Mumbai,97009.69,15.8,Active,,2021-11-17,5.4,swati.nanda3526@company.com
504144,Swati Pandey,21.0,sales,Hyderabad,116756.77,1.3,,Bachelors,24/01/2020,7.9,swati.pandey4144@company.com
504516,Vijay Bose,33.0,Support,Mumbai,42664.11,31.8,active,PhD,14-03-2018,7.9,vijay.bose4516@company.com
500600,Sneha Thakur,50.0,Support,Pune,47741.62,26.0,Active,Diploma,2024-12-27,4.4,sneha.thakur600@company.com
502188,Deepak Choudhary,46.0,,Chennai,25489.7,9.7,Active,,,6.5,deepak.choudhary2188@company.com
503722,Nikhil Chauhan,30.0,Support,,52892.65,6.5,INACTIVE,PhD,2024-10-17,1.9,nikhil.chauhan3722@company.com
504138,  Arjun Mishra  ,,it,Kolkata,,30.6,Inactive,MASTERS,2022-04-20,5.5,arjun.mishra4138@company.com
504269,Rahul Goel,50.0,Logistics,Mumbai,22402.69,30.8,On Leave,PhD,13-04-2024,4.7,rahul.goel4269@company.com
501131,Ritu Dixit,37.0,Operations,Pune,123848.63,7.4,active,Diploma,11-11-2023,5.0,ritu.dixit1131@company.com
503122,manish yadav,36.0,MARKETING,Ahmedabad,49450.45,26.0,Inactive,PhD,12/08/2020,7.4,
502316,GAURAV MISHRA,36.0,Marketing,Hyderabad,85555.17,22.2,On Leave,Bachelors,09/21/2020,,gaurav.mishra2316@company.com
501409,Pooja Yadav,56.0,Finance,Pune,127333.45,17.5,,Bachelors,2021-04-22,3.9,pooja.yadav1409@company.com
500548,Rajesh Bose,33.0,Finance,Chennai ,109504.6,28.2,On Leave,PhD,09/10/2017,1.4,rajesh.bose548@company.com
500397,Amit Pandey,47.0,Finance,,109384.14,29.3,INACTIVE,,2018-05-23,5.5,amit.pandey397@company.com
503345,Amit Agarwal,57.0,Support,Delhi,141034.69,,active,Masters,2020-10-22,3.3,amit.agarwal3345@company.com
504998,NIKHIL MALIK,23.0,it,Delhi,,25.6,On Leave,PhD,2021-08-01,5.5,nikhil.malik4998@company.com
504911,Rajesh Pandey,28.0,Finance,Chennai ,54368.77,11.0,active,,2022-11-09,3.8,rajesh.pandey4911@company.com
502545,Rajesh Agarwal,58.0,Support,Delhi,99107.28,24.2,Active,PhD,16/10/2024,,rajesh.agarwal2545@company.com
503306,Simran Choudhary,40.0,it,Chennai ,58021.19,23.3,active,MASTERS,,8.5,simran.choudhary3306@company.com
501082,Preeti Yadav,37.0,MARKETING,,37570.86,32.9,On Leave,Masters,04/13/2017,6.3,preeti.yadav1082@company.com
504575,MEENA BANSAL,,sales,Lucknow,147823.25,0.7,active,Masters,,3.6,meena.bansal4575@company.com
502040,Sneha Yadav,27.0,Sales,Delhi,109920.05,13.2,Active,bachelors,2016-11-09,2.6,sneha.yadav2040@company.com
500482,Priya Khanna,28.0,Support,Bengaluru,25163.93,27.9,active,Bachelors,11/05/2017,2.4,priya.khanna482@company.com
501378,Suresh Agarwal,21.0,Logistics,Chennai ,116219.67,20.6,active,MASTERS,2022-08-21,6.2,suresh.agarwal1378@company.com
501389,  Neha Saxena  ,,,Jaipur,76725.47,33.1,active,,,8.6,neha.saxena1389@company.com
502572,Amit Goel,36.0,IT,Lucknow,128383.27,1.7,,Masters,2018-08-24,4.3,amit.goel2572@company.com
504398,Arjun Khanna,28.0,,Lucknow,119477.65,32.8,,Bachelors,,3.6,arjun.khanna4398@company.com
502783,SURESH CHAUHAN,46.0,it,,110763.57,,INACTIVE,,2023-02-11,6.2,suresh.chauhan2783@company.com
501913,Nisha Malik,29.0,Sales,Bengaluru,109277.12,29.9,Inactive,Bachelors,25-03-2021,,nisha.malik1913@company.com
500608,Shreya Nanda,51.0,, Delhi,89189.49,1.4,On Leave,,18-03-2015,4.5,shreya.nanda608@company.com
503562,Anjali Thakur,59.0,,Ahmedabad,36868.83,,,Bachelors,11/07/2025,9.3,anjali.thakur3562@company.com
502683,Nisha Nanda,29.0,,Ahmedabad,86318.18,31.3,INACTIVE,,27/07/2025,1.5,nisha.nanda2683@company.com
500012,Gaurav Chauhan,58.0,Operations,Chennai ,100697.41,33.1,Active,bachelors,21/08/2018,4.8,gaurav.chauhan12@company.com
504729,  Divya Bose  ,24.0,HR,,,3.2,INACTIVE,MASTERS,2018-03-04,7.0,divya.bose4729@company.com
502767,Divya Dixit,57.0,Operations,Mumbai,32306.02,25.8,active,,24-11-2020,1.9,divya.dixit2767@company.com
500873,Rajesh Ghosh,38.0,Logistics,Delhi,,19.5,active,bachelors,26-05-2025,7.9,rajesh.ghosh873@company.com
503651,Rahul Bose,33.0,Marketing,Jaipur,38113.02,10.4,active,Diploma,2017-08-19,7.7,rahul.bose3651@company.com
501705,Priya Malik,25.0,Operations,,145932.63,22.6,INACTIVE,,08-02-2025,4.4,priya.malik1705@company.com
503599,Isha Bansal,30.0,Sales,Chennai,136088.64,10.7,On Leave,,07/08/2019,9.4,isha.bansal3599@company.com
501097,Deepak Nanda,54.0,Marketing,bengaluru,30007.23,22.9,active,bachelors,,5.5,deepak.nanda1097@company.com
504346,SANJAY TRIVEDI,54.0,sales,Pune,138225.23,32.2,Active,bachelors,06/13/2022,2.4,sanjay.trivedi4346@company.com
500627,ASHOK MISHRA,,Sales,Chennai,,1.3,On Leave,,25/08/2023,9.4,ashok.mishra627@company.com
504358,Ashok Thakur,40.0,Finance,Kolkata,,22.8,active,Masters,2023-04-07,3.0,ashok.thakur4358@company.com
504311,nisha chauhan,34.0,,MUMBAI,,,,Masters,04/10/2022,9.4,nisha.chauhan4311@company.com
501646,Isha Ghosh,44.0,IT,Pune,65497.86,14.4,Active,MASTERS,2016-04-02,4.6,isha.ghosh1646@company.com
504722,Deepak Bose,26.0,Finance, Delhi,108131.66,19.2,active,Diploma,2016-08-25,,deepak.bose4722@company.com
504044,Priya Bhatia,29.0,,Jaipur,137016.98,22.4,Active,,17/12/2021,3.5,priya.bhatia4044@company.com
500095,Arjun Sinha,34.0,Logistics,Chennai ,97678.42,19.3,INACTIVE,,,4.6,arjun.sinha95@company.com
504712,Preeti Thakur,22.0,Marketing,Kolkata,91256.02,27.0,active,bachelors,14/06/2018,1.9,preeti.thakur4712@company.com
504944,Suresh Pandey,54.0,,Mumbai,39677.35,2.0,INACTIVE,PhD,02/01/2021,,suresh.pandey4944@company.com
503270,amit bhatia,59.0,Marketing,Lucknow,57197.97,6.4,On Leave,bachelors,19/10/2016,1.9,amit.bhatia3270@company.com
503892,  Neha Choudhary  ,30.0,Support,Kolkata,124721.8,13.3,INACTIVE,,2025-05-08,,neha.choudhary3892@company.com
500650,Priya Sinha,39.0,Support,bengaluru,47557.66,16.4,active,,24-02-2020,1.5,priya.sinha650@company.com
501603,Simran Ghosh,25.0,Support,,,34.3,On Leave,,12/05/2020,2.2,simran.ghosh1603@company.com
501599,Rahul Bhatia,27.0,Support,Kolkata,48987.88,18.7,Inactive,Diploma,,7.7,rahul.bhatia1599@company.com
502246,Divya Sinha,55.0,Sales,Ahmedabad,138385.62,34.5,On Leave,Diploma,2020-04-13,2.2,divya.sinha2246@company.com
500149,Priya Bose,38.0,Finance, Delhi,28822.6,9.6,active,Bachelors,11/11/2021,1.8,priya.bose149@company.com
504180,Ritu Agarwal,34.0,Support,Chennai,78534.79,27.4,Inactive,Diploma,17/05/2021,4.2,ritu.agarwal4180@company.com
502195,Suresh Malik,29.0,MARKETING,Chennai ,137428.51,21.2,active,Diploma,19-11-2016,9.2,suresh.malik2195@company.com
500876,Kavita Mishra,22.0,,MUMBAI,24028.7,7.9,On Leave,MASTERS,2022-03-21,1.3,kavita.mishra876@company.com
500999,KARAN BANSAL,29.0,Support, Delhi,137990.4,21.0,INACTIVE,Bachelors,,5.5,karan.bansal999@company.com
502409,Pooja Nanda,53.0,HR, Delhi,28855.62,27.6,active,PhD,11/25/2024,9.8,pooja.nanda2409@company.com
504720,Gaurav Trivedi,46.0,IT,Jaipur,103475.59,6.2,INACTIVE,Masters,2019-09-02,,gaurav.trivedi4720@company.com
502862,SANJAY AGARWAL,52.0,Logistics,bengaluru,39209.04,13.3,INACTIVE,Bachelors,25-02-2022,9.5,sanjay.agarwal2862@company.com
501016,Amit Dixit,57.0,,Chennai,126453.15,31.3,,Masters,01/18/2025,4.2,amit.dixit1016@company.com
501430,Ritu Yadav,29.0,it,bengaluru,72447.07,25.4,INACTIVE,PhD,2015-01-03,4.6,ritu.yadav1430@company.com
500651,  Manish Goel  ,26.0,Support,Pune,45403.46,30.9,Active,Bachelors,10/26/2023,8.6,manish.goel651@company.com
500586,Preeti Ghosh,51.0,Operations,Kolkata,38426.29,23.2,Active,Diploma,12/10/2017,5.9,preeti.ghosh586@company.com
504869,Nikhil Chauhan,28.0,IT,Pune,129681.87,6.9,On Leave,,2025-10-08,3.9,nikhil.chauhan4869@company.com
503288,Sanjay Nanda,34.0,Finance,Jaipur,103970.91,19.0,On Leave,MASTERS,2023-02-21,5.2,
502679,Rajesh Malik,36.0,IT,Delhi,98105.22,3.8,INACTIVE,,2025-05-14,3.6,rajesh.malik2679@company.com
501926,Gaurav Sinha,29.0,,Delhi,69959.2,16.2,active,MASTERS,14/05/2023,5.8,gaurav.sinha1926@company.com
501179,PREETI CHOUDHARY,33.0,Support,Kolkata,63849.32,29.1,On Leave,,05/05/2021,5.7,preeti.choudhary1179@company.com
501637,Divya Mishra,36.0,Marketing, Delhi,94002.21,16.0,,bachelors,13-12-2016,2.7,divya.mishra1637@company.com
503164,Pooja Sinha,56.0,sales,Delhi,49661.78,9.7,,,01/03/2022,9.9,pooja.sinha3164@company.com
501321,Isha Dixit,54.0,Sales,,95436.16,12.6,Inactive,Diploma,,1.3,isha.dixit1321@company.com
504669,Neha Mishra,56.0,HR,MUMBAI,22459.59,3.6,active,bachelors,2015-06-17,2.0,neha.mishra4669@company.com
503087,  Neha Bose  ,57.0,IT,,105334.94,12.6,INACTIVE,,05/01/2015,4.1,neha.bose3087@company.com
502280,Nikhil Dixit,49.0,Logistics,Pune,114543.78,32.6,active,Masters,20/12/2025,2.6,nikhil.dixit2280@company.com
500378,Karan Ghosh,21.0,Logistics,Mumbai,52258.6,34.4,On Leave,,09-06-2020,7.1,karan.ghosh378@company.com
503499,DEEPAK MALIK,,Support,Jaipur,90774.25,1.9,Active,MASTERS,15-05-2023,3.5,deepak.malik3499@company.com
500569,Rahul Mishra,35.0,Support,Lucknow,,23.7,INACTIVE,MASTERS,2023-12-15,4.8,rahul.mishra569@company.com
500276,Rohan Saxena,51.0,Support,,130482.65,6.0,On Leave,Masters,,1.3,rohan.saxena276@company.com
500067,Isha Malik,47.0,Support,Kolkata,106675.6,11.6,Active,,11/07/2024,5.2,isha.malik67@company.com
504762,Karan Bhatia,52.0,MARKETING, Delhi,,22.9,Inactive,,01-06-2018,4.2,karan.bhatia4762@company.com
500026,suresh bansal,58.0,it,Ahmedabad,95520.17,31.9,,Diploma,27-02-2017,3.0,suresh.bansal26@company.com
502710,sneha chauhan,36.0,Operations,Lucknow,102789.9,21.0,INACTIVE,,10-08-2017,3.1,sneha.chauhan2710@company.com
503215,Amit Pandey,43.0,sales,Lucknow,149037.08,21.1,active,PhD,15-09-2020,4.4,amit.pandey3215@company.com
500545,Isha Thakur,39.0,Operations,Mumbai,122631.18,18.6,Active,MASTERS,2024-06-13,5.3,isha.thakur545@company.com
501373,Simran Malik,34.0,,Ahmedabad,84948.4,0.7,INACTIVE,PhD,05/14/2021,,simran.malik1373@company.com
501239,Rahul Choudhary,49.0,,Hyderabad,,12.2,active,Diploma,2018-06-19,5.1,rahul.choudhary1239@company.com
504861,Rahul Mishra,42.0,,Ahmedabad,90584.89,,Inactive,MASTERS,,2.8,rahul.mishra4861@company.com
502204,deepak bose,55.0,IT,Mumbai,99385.79,19.6,On Leave,,06-10-2015,1.7,deepak.bose2204@company.com
501821,Vikram Dixit,35.0,HR,Ahmedabad,68699.28,1.4,INACTIVE,PhD,07/12/2024,7.0,vikram.dixit1821@company.com
501994,Vijay Bansal,36.0,HR,Chennai,45522.66,7.5,On Leave,bachelors,2024-03-01,2.5,vijay.bansal1994@company.com
504941,anjali bansal,50.0,MARKETING,Ahmedabad,66803.64,4.0,Active,MASTERS,10-03-2016,2.6,anjali.bansal4941@company.com
502956,ashok goel,30.0,,Delhi,103795.55,8.1,Active,bachelors,06/01/2017,7.2,ashok.goel2956@company.com
504689,Rohan Bhatia,27.0,Support,Ahmedabad,91072.15,34.7,active,Masters,2024-12-14,8.6,rohan.bhatia4689@company.com
501117,Deepak Nanda,30.0,Operations,,70070.61,32.0,On Leave,Diploma,08/16/2021,9.4,deepak.nanda1117@company.com
504609,Rajesh Goel,40.0,Marketing,Delhi,137363.73,22.6,active,Diploma,05-11-2022,,rajesh.goel4609@company.com
500028,Sanjay Bhatia,30.0,MARKETING, Delhi,59280.41,21.0,Active,bachelors,2022-09-23,7.7,sanjay.bhatia28@company.com
500387,DIVYA MALIK,38.0,Marketing,Hyderabad,72852.22,29.5,active,,26/09/2021,2.7,divya.malik387@company.com
501355,Vikram Khanna,58.0,,Bengaluru,127492.43,26.3,active,bachelors,03-03-2025,8.7,vikram.khanna1355@company.com
502290,Sneha Malik,37.0,Sales, Delhi,63798.43,4.8,,Masters,16-10-2016,3.2,sneha.malik2290@company.com
504626,Rohan Pandey,24.0,Support,Mumbai,112148.8,3.1,INACTIVE,Diploma,2016-04-16,3.7,rohan.pandey4626@company.com
504798,  Vikram Bose  ,48.0,,Pune,,9.3,INACTIVE,Diploma,10/15/2017,4.0,vikram.bose4798@company.com
503806,Arjun Rastogi,27.0,Operations,Chennai ,,25.5,Active,,2024-05-07,6.2,arjun.rastogi3806@company.com
502131,  Swati Trivedi  ,57.0,,MUMBAI,52981.93,31.5,Inactive,PhD,10/13/2023,6.2,swati.trivedi2131@company.com
501928,manish pandey,31.0,HR,Pune,75185.78,31.9,,Diploma,,,manish.pandey1928@company.com
500985,Nikhil Bansal,30.0,Logistics,Bengaluru,21473.97,12.9,INACTIVE,bachelors,23/07/2017,7.5,nikhil.bansal985@company.com
500546,Swati Goel,45.0,Finance,MUMBAI,95033.22,9.6,Active,bachelors,15-10-2024,,swati.goel546@company.com
503822,  Neha Dixit  ,47.0,IT,,131213.03,10.1,,Masters,04/21/2021,3.8,neha.dixit3822@company.com
501119,Meena Bansal,52.0,Sales,Bengaluru,143997.16,16.0,Active,Diploma,21/08/2017,8.3,meena.bansal1119@company.com
500212,Suresh Bhatia,38.0,,,44410.44,34.7,On Leave,Masters,10-09-2023,7.4,suresh.bhatia212@company.com
503695,Deepak Dixit,37.0,Operations,Jaipur,149008.26,17.5,,PhD,22/07/2022,5.2,deepak.dixit3695@company.com
504524,Vikram Malik,56.0,HR,Bengaluru,74463.74,19.6,INACTIVE,Masters,19/01/2022,4.4,vikram.malik4524@company.com
504809,PREETI RASTOGI,48.0,IT,Ahmedabad,23151.35,,INACTIVE,MASTERS,10-01-2024,4.6,preeti.rastogi4809@company.com
504111,SHREYA CHAUHAN,42.0,it,Pune,59232.4,13.5,INACTIVE,Bachelors,11-04-2018,6.2,shreya.chauhan4111@company.com
500864,Ashok Rastogi,22.0,Marketing,Bengaluru,34026.79,5.9,active,Diploma,2015-07-08,5.3,ashok.rastogi864@company.com
502049,sneha chauhan,23.0,,Delhi,114598.8,21.0,,Diploma,20/02/2018,7.1,sneha.chauhan2049@company.com
501611,Kavita Thakur,39.0,IT,Pune,145477.68,23.0,On Leave,PhD,2018-06-13,9.2,kavita.thakur1611@company.com
502219,Neha Choudhary,58.0,,Chennai,111542.02,5.9,Active,MASTERS,09/02/2025,2.7,neha.choudhary2219@company.com
501325,Isha Rastogi,39.0,Sales,Kolkata,37511.9,15.8,On Leave,,08/07/2025,2.4,isha.rastogi1325@company.com
504928,swati thakur,48.0,Support,Lucknow,,14.6,Inactive,Masters,04/25/2022,8.3,swati.thakur4928@company.com
500424,Karan Dixit,44.0,sales,Delhi,32952.1,22.8,On Leave,bachelors,25/02/2019,1.1,karan.dixit424@company.com
503539,nisha dixit,24.0,Support, Delhi,112813.54,5.6,Active,,13-06-2019,7.7,nisha.dixit3539@company.com
500465,Sanjay Agarwal,51.0,Logistics,Pune,120238.23,6.7,Active,Masters,2023-04-03,6.9,sanjay.agarwal465@company.com
500167,deepak thakur,52.0,IT,,,28.5,Inactive,Bachelors,2015-05-13,5.3,deepak.thakur167@company.com
503007,Swati Yadav,47.0,IT,Delhi,,5.0,,MASTERS,08/07/2017,8.2,swati.yadav3007@company.com
500420,Karan Nanda,29.0,,bengaluru,126027.78,13.2,active,Diploma,21/07/2016,4.3,karan.nanda420@company.com
500729,Amit Malik,59.0,Finance,Kolkata,38400.41,4.3,active,,11/18/2017,7.9,amit.malik729@company.com
502873,SIMRAN MALIK,35.0,Marketing,Hyderabad,59601.37,,,MASTERS,12/19/2025,6.5,simran.malik2873@company.com
501512,Ritu Khanna,56.0,Finance,Jaipur,55511.49,31.5,INACTIVE,,11/01/2024,1.2,ritu.khanna1512@company.com
502025,Ritu Chauhan,29.0,Sales,Hyderabad,114486.83,12.6,Inactive,PhD,27-04-2022,5.4,ritu.chauhan2025@company.com
504366,  Pooja Thakur  ,30.0,sales,Chennai,58729.65,17.1,active,Masters,09/04/2020,4.9,pooja.thakur4366@company.com
504563,Neha Bansal,38.0,Operations,Jaipur,103575.42,29.6,active,PhD,13/06/2021,,neha.bansal4563@company.com
504907,Amit Bhatia,28.0,Operations,MUMBAI,26332.85,23.5,INACTIVE,MASTERS,08-01-2017,1.7,amit.bhatia4907@company.com
501845,Sanjay Sinha,40.0,,Jaipur,54534.79,23.8,INACTIVE,Bachelors,2016-12-26,2.7,sanjay.sinha1845@company.com
503408,priya mishra,41.0,it,Pune,57781.01,3.3,On Leave,bachelors,03-11-2020,4.8,priya.mishra3408@company.com
500076,Ashok Malik,22.0,,Ahmedabad,146696.72,23.9,Inactive,MASTERS,02/13/2025,5.9,ashok.malik76@company.com
504734,Isha Bhatia,42.0,,Chennai,87657.42,11.1,,PhD,04/25/2018,1.4,isha.bhatia4734@company.com
501989,Ritu Ghosh,57.0,IT,Lucknow,118101.27,23.7,On Leave,Masters,10/14/2015,8.7,ritu.ghosh1989@company.com
500521,Arjun Yadav,55.0,sales,,31057.89,5.9,Inactive,Diploma,09/06/2016,5.6,arjun.yadav521@company.com
502896,Rajesh Bose,43.0,Finance, Delhi,34666.08,14.0,active,,2025-11-18,7.0,rajesh.bose2896@company.com
501773,Vijay Mishra,21.0,Logistics,Lucknow,95564.07,1.9,Active,,10/04/2019,6.9,vijay.mishra1773@company.com
503147,Ashok Mishra,45.0,sales,Mumbai,71727.47,25.9,Inactive,bachelors,08-11-2022,7.6,ashok.mishra3147@company.com
501013,Vijay Trivedi,45.0,IT,Mumbai,124763.1,33.1,Active,Bachelors,07-12-2016,7.9,vijay.trivedi1013@company.com
500235,Anjali Thakur,26.0,,Delhi,41258.05,10.5,Inactive,MASTERS,03/10/2015,2.3,anjali.thakur235@company.com
504807,Sneha Thakur,54.0,Finance,Jaipur,117586.3,9.0,active,Masters,21/05/2021,7.8,sneha.thakur4807@company.com
501878,SHREYA AGARWAL,,,Ahmedabad,84650.64,22.9,Active,PhD,05/05/2016,4.0,shreya.agarwal1878@company.com
504403,  Rajesh Rastogi  ,37.0,IT,MUMBAI,66881.73,4.3,,MASTERS,18/02/2016,6.6,rajesh.rastogi4403@company.com
501823,Nisha Chauhan,33.0,Sales,Ahmedabad,55432.51,15.5,On Leave,Diploma,09/05/2017,4.7,nisha.chauhan1823@company.com
502917,Preeti Trivedi,34.0,Finance,,93339.81,32.6,Inactive,PhD,01/11/2015,1.8,preeti.trivedi2917@company.com
500961,neha yadav,59.0,, Delhi,87899.57,8.3,Active,Diploma,26/12/2015,6.3,neha.yadav961@company.com
501619,PREETI NANDA,,it,,100860.82,9.7,INACTIVE,,2017-04-18,5.8,preeti.nanda1619@company.com
503021,Kavita Nanda,50.0,Marketing,,107211.64,8.1,,Diploma,05/12/2018,8.8,kavita.nanda3021@company.com
503069,Vikram Goel,31.0,it, Delhi,92240.33,,On Leave,Masters,06/11/2021,5.0,vikram.goel3069@company.com
501687,Arjun Sinha,38.0,Operations,,133864.04,32.3,,Diploma,05/04/2021,8.4,arjun.sinha1687@company.com
501871,Gaurav Goel,53.0,Marketing,Mumbai,108618.26,16.3,Inactive,PhD,2015-05-18,9.8,gaurav.goel1871@company.com
500285,Sanjay Nanda,47.0,Logistics,,127627.26,25.3,active,,13/09/2025,1.1,sanjay.nanda285@company.com
504059,Sanjay Saxena,47.0,IT,Hyderabad,98020.78,15.0,On Leave,,2016-11-06,9.0,sanjay.saxena4059@company.com
502021,Isha Pandey,42.0,Marketing,Chennai ,64868.84,8.3,Active,PhD,06-01-2021,7.8,isha.pandey2021@company.com
502466,Divya Saxena,55.0,Logistics,bengaluru,72965.21,35.0,,,17-12-2024,6.4,divya.saxena2466@company.com
501055,  Isha Bhatia  ,34.0,HR,,34622.87,25.2,,,03-03-2023,,isha.bhatia1055@company.com
502931,Rajesh Yadav,46.0,,bengaluru,127126.41,34.7,active,MASTERS,01/07/2017,8.6,rajesh.yadav2931@company.com
501447,Amit Malik,54.0,it, Delhi,41549.76,26.9,On Leave,Bachelors,25-02-2015,,amit.malik1447@company.com
503528,Amit Trivedi,37.0,Sales,Delhi,42071.98,26.2,INACTIVE,PhD,11/13/2016,9.4,amit.trivedi3528@company.com
502412,Meena Mishra,56.0,,Ahmedabad,97624.53,27.9,Inactive,,18/01/2019,1.7,meena.mishra2412@company.com
500377,Rohan Khanna,52.0,,Bengaluru,126958.2,32.5,Active,Diploma,18-08-2018,6.3,rohan.khanna377@company.com
504091,Suresh Rastogi,,HR,Jaipur,92823.92,28.7,INACTIVE,,2021-12-13,1.0,suresh.rastogi4091@company.com
503289,SHREYA TRIVEDI,32.0,Support,Jaipur,61839.89,28.4,Inactive,PhD,2015-06-14,2.5,shreya.trivedi3289@company.com
502043,Rajesh Pandey,31.0,IT,Ahmedabad,36328.6,12.1,Active,,02/14/2019,1.2,rajesh.pandey2043@company.com
502860,Sanjay Goel,45.0,,Hyderabad,100032.83,,active,Masters,2023-09-22,6.8,sanjay.goel2860@company.com
503056,Karan Agarwal,43.0,,Kolkata,69267.08,26.2,INACTIVE,Diploma,2021-05-11,8.8,karan.agarwal3056@company.com
504799,Arjun Ghosh,39.0,,Lucknow,25360.8,29.8,INACTIVE,bachelors,09/16/2016,7.6,arjun.ghosh4799@company.com
502149,Isha Thakur,43.0,Support,,30702.3,21.4,Inactive,Masters,26/06/2016,5.4,isha.thakur2149@company.com
501841,Ashok Chauhan,30.0,Support,Kolkata,27317.22,25.7,Inactive,Diploma,22-12-2025,5.4,ashok.chauhan1841@company.com
503780,Deepak Sinha,31.0,Operations,,146326.12,15.6,On Leave,bachelors,09-12-2017,5.7,deepak.sinha3780@company.com
502569,Priya Goel,59.0,HR,Delhi,148318.78,29.0,INACTIVE,PhD,2025-04-22,8.5,priya.goel2569@company.com
502829,Nikhil Goel,58.0,,,59117.66,24.3,On Leave,MASTERS,04/19/2015,3.2,nikhil.goel2829@company.com
504764,Arjun Nanda,25.0,it,Ahmedabad,,12.9,Active,Masters,,4.1,arjun.nanda4764@company.com
500932,  Swati Nanda  ,47.0,HR,Ahmedabad,71663.36,1.4,Active,,11-05-2024,7.4,swati.nanda932@company.com
502644,Priya Saxena,21.0,Logistics, Delhi,82504.71,34.4,Active,MASTERS,05-02-2018,3.0,priya.saxena2644@company.com
504870,Sanjay Trivedi,40.0,Logistics,Bengaluru,136608.39,8.3,Inactive,PhD,11/10/2018,9.5,sanjay.trivedi4870@company.com
504268,Ritu Saxena,35.0,IT,,59462.14,12.1,active,,15-05-2018,5.6,ritu.saxena4268@company.com
500481,Meena Mishra,48.0,,Delhi,112765.93,1.5,Active,Diploma,11/19/2025,3.9,meena.mishra481@company.com
502330,Swati Ghosh,40.0,Sales,Lucknow,66590.15,32.8,INACTIVE,PhD,07/23/2022,8.9,
501866,Meena Nanda,51.0,Sales,MUMBAI,143801.71,25.1,Active,PhD,20/05/2015,9.3,meena.nanda1866@company.com
500385,Anjali Nanda,25.0,it,Chennai,96446.55,22.7,Active,Bachelors,2015-03-04,,anjali.nanda385@company.com
502097,Rahul Saxena,52.0,it,Hyderabad,107491.41,0.1,INACTIVE,bachelors,03/12/2020,5.2,rahul.saxena2097@company.com
504436,  Isha Bhatia  ,36.0,Sales, Delhi,137051.47,,,,01-05-2016,8.3,isha.bhatia4436@company.com
502646,Swati Trivedi,57.0,Finance,Pune,114999.55,15.9,On Leave,,08/06/2019,1.7,swati.trivedi2646@company.com
504988,Meena Agarwal,34.0,IT,Mumbai,,8.8,Active,bachelors,06-07-2023,7.8,meena.agarwal4988@company.com
501090,Ashok Ghosh,26.0,,Delhi,64910.55,8.4,active,,02/16/2023,9.8,ashok.ghosh1090@company.com
503687,KAVITA DIXIT,34.0,IT,Bengaluru,49442.36,22.9,,Bachelors,15/08/2023,,kavita.dixit3687@company.com
503884,swati trivedi,48.0,Finance,bengaluru,97022.97,0.5,INACTIVE,bachelors,20/08/2021,8.7,swati.trivedi3884@company.com
504617,  Anjali Trivedi  ,26.0,,Ahmedabad,88499.62,6.2,INACTIVE,Bachelors,07/02/2021,5.9,anjali.trivedi4617@company.com
501963,Swati Mishra,39.0,sales,Chennai,84781.06,28.3,On Leave,bachelors,2019-08-08,6.3,swati.mishra1963@company.com
503830,Rahul Goel,29.0,HR,Mumbai,47638.55,28.6,INACTIVE,PhD,13-06-2019,9.0,rahul.goel3830@company.com
501656,MEENA CHOUDHARY,44.0,,Kolkata,27783.69,15.7,INACTIVE,Diploma,18-12-2020,,meena.choudhary1656@company.com
504485,Manish Thakur,57.0,Logistics,Ahmedabad,123634.16,8.5,Active,Masters,25-04-2019,6.8,manish.thakur4485@company.com
501253,Deepak Pandey,57.0,IT,Chennai ,140502.93,8.8,active,Bachelors,02/13/2022,,deepak.pandey1253@company.com
504131,Pooja Yadav,57.0,Support,bengaluru,37457.97,26.8,On Leave,Masters,07/04/2025,9.6,pooja.yadav4131@company.com
502334,Rahul Sinha,34.0,Operations,bengaluru,143236.22,18.9,INACTIVE,MASTERS,07/01/2017,4.5,rahul.sinha2334@company.com
504718,Meena Nanda,44.0,Operations,Ahmedabad,83570.22,9.8,active,,23/11/2023,5.3,meena.nanda4718@company.com
504410,ARJUN BHATIA,,MARKETING,Jaipur,115303.4,34.3,On Leave,Diploma,11/19/2018,7.6,arjun.bhatia4410@company.com
503609,Amit Choudhary,40.0,,MUMBAI,,22.2,INACTIVE,Masters,05/25/2022,6.5,amit.choudhary3609@company.com
503787,Rohan Agarwal,47.0,Sales,Chennai ,140507.55,7.5,On Leave,PhD,10/10/2024,2.5,rohan.agarwal3787@company.com
501137,Ritu Nanda,36.0,it,Delhi,120652.44,25.4,Inactive,,12-05-2023,6.1,ritu.nanda1137@company.com
502366,Shreya Malik,39.0,it,,133818.43,7.1,active,Bachelors,02-05-2022,6.8,shreya.malik2366@company.com
504916,Ritu Bose,41.0,Logistics,MUMBAI,31712.92,,On Leave,Bachelors,07-04-2023,9.2,ritu.bose4916@company.com
503476,Rohan Trivedi,45.0,Logistics,MUMBAI,49629.74,32.5,Inactive,,2018-11-15,5.8,rohan.trivedi3476@company.com
503338,Rahul Chauhan,37.0,Marketing,Chennai ,78692.89,18.6,On Leave,Diploma,,8.5,rahul.chauhan3338@company.com
501556,Priya Goel,52.0,MARKETING,Bengaluru,142307.24,24.5,On Leave,bachelors,08-09-2018,9.7,priya.goel1556@company.com
504811,Rajesh Bhatia,21.0,it,MUMBAI,60686.5,15.3,active,bachelors,05/08/2018,6.7,rajesh.bhatia4811@company.com
503158,Rahul Nanda,32.0,Support,,82933.81,18.1,Inactive,PhD,01/02/2023,1.2,rahul.nanda3158@company.com
500766,Deepak Saxena,23.0,Marketing,Delhi,78839.33,29.9,INACTIVE,MASTERS,2019-02-06,7.6,deepak.saxena766@company.com
501886,Swati Bansal,49.0,Support, Delhi,102612.42,12.5,Active,PhD,13/08/2021,3.4,swati.bansal1886@company.com
502109,Rajesh Rastogi,44.0,sales,,98264.84,15.2,INACTIVE,,06/07/2018,2.0,rajesh.rastogi2109@company.com
500452,Rohan Choudhary,47.0,MARKETING,Delhi,41337.11,18.2,Active,,26/10/2016,4.3,rohan.choudhary452@company.com
501676,Ashok Agarwal,30.0,,,124519.67,20.1,active,Masters,2025-01-09,9.1,ashok.agarwal1676@company.com
501535,Vijay Trivedi,31.0,,Pune,90383.9,10.9,Inactive,MASTERS,2022-10-05,5.1,vijay.trivedi1535@company.com
502678,Divya Trivedi,34.0,IT,Mumbai,103717.25,33.4,On Leave,,05/04/2025,8.4,divya.trivedi2678@company.com
500162,Ritu Thakur,49.0,HR,Hyderabad,,11.7,,Diploma,08/23/2019,6.8,ritu.thakur162@company.com
501168,Priya Thakur,27.0,MARKETING,Mumbai,52741.76,1.1,active,Masters,06/07/2021,3.3,priya.thakur1168@company.com
500728,Gaurav Dixit,40.0,Operations,Pune,22716.45,10.6,Inactive,Bachelors,,7.3,gaurav.dixit728@company.com
501395,Ritu Thakur,51.0,,bengaluru,32537.24,24.3,Active,,24/02/2024,4.4,ritu.thakur1395@company.com
502405,Suresh Chauhan,37.0,sales,,96757.99,31.5,,Bachelors,17-08-2018,5.3,suresh.chauhan2405@company.com
501399,Amit Bose,34.0,it,Lucknow,,,active,,11-10-2020,8.2,amit.bose1399@company.com
500096,Ashok Pandey,36.0,IT,Chennai,133837.37,5.1,Active,bachelors,10/16/2025,2.9,ashok.pandey96@company.com
504340,Ritu Ghosh,49.0,Logistics,Pune,75953.56,13.9,active,Bachelors,02/24/2025,3.6,ritu.ghosh4340@company.com
500526,Simran Thakur,58.0,it,Mumbai,,25.5,Inactive,PhD,12/11/2017,2.8,simran.thakur526@company.com
501450,Manish Pandey,55.0,IT,Kolkata,114963.55,18.0,Inactive,bachelors,22-06-2015,,manish.pandey1450@company.com
502792,Rohan Sinha,21.0,it,Ahmedabad,95465.05,10.2,Inactive,Diploma,04/11/2018,8.5,rohan.sinha2792@company.com
501109,Gaurav Bose,45.0,IT,Kolkata,53127.8,32.7,active,Diploma,01-05-2020,1.1,gaurav.bose1109@company.com
500136,Anjali Nanda,58.0,Operations,Delhi,,27.2,Active,Diploma,07-08-2018,2.9,anjali.nanda136@company.com
502060,Anjali Trivedi,43.0,Marketing,Ahmedabad,54596.91,27.6,,Masters,26/01/2017,6.8,anjali.trivedi2060@company.com
504011,rohan chauhan,31.0,Finance,Jaipur,31611.31,24.2,INACTIVE,,09/21/2020,8.3,rohan.chauhan4011@company.com
501908,Deepak Dixit,32.0,HR,Bengaluru,68954.82,11.0,INACTIVE,bachelors,07/03/2016,5.1,deepak.dixit1908@company.com
501187,Suresh Choudhary,35.0,sales,,78447.78,22.4,,bachelors,27/02/2017,8.7,suresh.choudhary1187@company.com
504619,Rohan Yadav,38.0,HR,Bengaluru,126379.76,1.7,Inactive,bachelors,06/04/2021,9.0,rohan.yadav4619@company.com
503358,priya bansal,58.0,MARKETING,Delhi,109831.98,,Active,Bachelors,07/10/2022,7.9,priya.bansal3358@company.com
501785,Shreya Agarwal,39.0,Support,Mumbai,141346.07,3.7,INACTIVE,,07/06/2024,7.9,shreya.agarwal1785@company.com
500505,Sneha Choudhary,45.0,Support,Lucknow,96115.09,32.3,Active,bachelors,2017-03-13,2.8,sneha.choudhary505@company.com
502038,Amit Choudhary,41.0,Logistics,Delhi,31495.64,25.0,On Leave,PhD,24/06/2021,6.9,amit.choudhary2038@company.com
501306,Nisha Sinha,56.0,MARKETING,Mumbai,66298.64,2.3,Inactive,bachelors,06/10/2017,4.0,nisha.sinha1306@company.com
502540,Amit Thakur,25.0,Operations,Chennai ,52211.37,,,,,6.7,amit.thakur2540@company.com
500293,Ritu Dixit,39.0,sales,Bengaluru,-76743.63,24.9,On Leave,MASTERS,2020-02-02,,ritu.dixit293@company.com
503910,ashok mishra,37.0,Operations,,105374.15,14.0,,,05/15/2021,5.6,ashok.mishra3910@company.com
504302,Amit Goel,58.0,Support,Jaipur,38688.42,26.0,On Leave,bachelors,12/08/2025,,amit.goel4302@company.com
500806,SIMRAN AGARWAL,59.0,,Pune,47013.27,4.5,On Leave,,2020-09-26,4.7,simran.agarwal806@company.com
502288,Meena Bhatia,27.0,Sales,Kolkata,83136.59,12.3,INACTIVE,,12/10/2020,3.5,
501981,Vikram Dixit,58.0,Finance,Chennai ,119372.83,25.6,,PhD,02/18/2020,,vikram.dixit1981@company.com
500713,rahul rastogi,,MARKETING,,123258.35,12.3,active,Masters,12/18/2015,6.3,rahul.rastogi713@company.com
502864,Manish Malik,33.0,MARKETING,Delhi,134446.15,25.0,Inactive,,07/19/2024,8.6,manish.malik2864@company.com
501915,Swati Bansal,26.0,IT,,136946.13,3.9,On Leave,,04/02/2016,2.9,swati.bansal1915@company.com
502127,Shreya Bhatia,57.0,Logistics,,81958.14,7.3,On Leave,,05/10/2015,2.7,shreya.bhatia2127@company.com
501935,Nisha Pandey,52.0,Support,,123500.3,,active,Bachelors,17/01/2020,,nisha.pandey1935@company.com
500400,Gaurav Nanda,43.0,IT,MUMBAI,37188.6,21.5,,Masters,2015-12-12,1.4,gaurav.nanda400@company.com
503569,Rohan Malik,28.0,HR,Kolkata,118941.47,34.0,active,PhD,14/08/2017,6.5,rohan.malik3569@company.com
503537,Nikhil Khanna,34.0,IT, Delhi,70906.92,20.5,,bachelors,09/03/2019,4.7,nikhil.khanna3537@company.com
500157,Nikhil Bose,55.0,it,Lucknow,130477.78,,,,13-04-2020,6.8,nikhil.bose157@company.com
503726,Anjali Sinha,26.0,Operations,MUMBAI,136599.79,34.3,active,Bachelors,11-05-2015,5.9,anjali.sinha3726@company.com
504587,Manish Malik,28.0,it,Lucknow,47511.51,8.4,INACTIVE,Bachelors,02/07/2018,4.9,manish.malik4587@company.com
503891,Vikram Nanda,43.0,it,Hyderabad,25782.56,,,,23-07-2018,8.0,vikram.nanda3891@company.com
502366,Shreya Malik,39.0,it,,133818.43,7.1,active,Bachelors,02-05-2022,6.8,shreya.malik2366@company.com
504387,Isha Bose,40.0,it,,41872.0,26.8,,MASTERS,08-02-2023,7.7,isha.bose4387@company.com
504068,rohan sinha,31.0,Support,Kolkata,130768.52,0.7,Inactive,Diploma,02/20/2022,,rohan.sinha4068@company.com
501734,Neha Goel,21.0,Sales,Ahmedabad,,10.8,Inactive,bachelors,07/23/2023,9.7,neha.goel1734@company.com
504497,Karan Thakur,40.0,Logistics,Kolkata,82098.42,24.1,INACTIVE,Bachelors,13/04/2021,5.9,karan.thakur4497@company.com
503377,Sneha Chauhan,45.0,Finance,Chennai,91637.34,27.7,active,Masters,2018-05-15,1.6,sneha.chauhan3377@company.com
501410,Deepak Chauhan,56.0,MARKETING,Mumbai,,17.8,INACTIVE,PhD,02-02-2020,7.8,deepak.chauhan1410@company.com
504275,Vijay Dixit,57.0,Sales,Hyderabad,53478.57,17.9,Active,MASTERS,11/07/2020,7.2,vijay.dixit4275@company.com
500921,Swati Rastogi,26.0,it,Kolkata,118105.64,8.5,INACTIVE,MASTERS,01/01/2016,2.8,swati.rastogi921@company.com
500078,Deepak Rastogi,49.0,sales,,,2.6,active,MASTERS,20/09/2019,7.8,deepak.rastogi78@company.com
503782,Neha Ghosh,35.0,Marketing,Mumbai,41067.55,4.7,Inactive,PhD,2016-09-01,7.4,neha.ghosh3782@company.com
504240,Rohan Choudhary,41.0,, Delhi,,26.2,Inactive,,06-03-2017,,rohan.choudhary4240@company.com
503506,Manish Rastogi,23.0,IT,,138684.62,32.5,,Masters,11/10/2018,6.2,manish.rastogi3506@company.com
502784,Rahul Nanda,57.0,IT,Kolkata,71953.44,28.8,INACTIVE,Diploma,23-08-2015,3.7,rahul.nanda2784@company.com
504790,Meena Nanda,,Marketing,Pune,,,active,PhD,02-04-2017,,meena.nanda4790@company.com
503715,Rohan Dixit,30.0,Marketing,Chennai,56917.19,24.8,,Diploma,2015-03-24,2.1,rohan.dixit3715@company.com
503781,Isha Mishra,37.0,Marketing,MUMBAI,71670.46,27.1,INACTIVE,bachelors,2024-06-16,1.5,isha.mishra3781@company.com
502532,Ashok Goel,26.0,HR,Mumbai,70706.13,26.8,INACTIVE,,19/06/2018,9.9,ashok.goel2532@company.com
503767,Nikhil Trivedi,33.0,Sales,,,4.2,Active,,03/09/2018,5.8,nikhil.trivedi3767@company.com
503896,Ashok Nanda,,IT,Hyderabad,96011.36,6.8,On Leave,MASTERS,11/05/2024,9.6,ashok.nanda3896@company.com
504913,Rajesh Bhatia,54.0,,,37670.43,,On Leave,,05-11-2018,5.7,rajesh.bhatia4913@company.com
503596,Amit Bose,39.0,Marketing,,140313.39,,Active,bachelors,,3.7,amit.bose3596@company.com
500711,Preeti Rastogi,56.0,Marketing,Bengaluru,59295.1,19.8,INACTIVE,Diploma,09-08-2018,7.7,preeti.rastogi711@company.com
503940,suresh khanna,35.0,Operations,Kolkata,99491.55,8.2,On Leave,Masters,12/09/2017,7.0,suresh.khanna3940@company.com
502421,VIJAY MISHRA,56.0,Support,bengaluru,87684.01,34.7,Active,,02/22/2019,4.9,vijay.mishra2421@company.com
500133,Nikhil Chauhan,54.0,Sales,Chennai,25802.3,31.1,On Leave,,2018-12-02,,nikhil.chauhan133@company.com
503190,ANJALI CHOUDHARY,57.0,Finance,MUMBAI,,32.9,Active,MASTERS,2023-08-01,1.6,anjali.choudhary3190@company.com
504910,Amit Bose,50.0,,Chennai,37897.85,6.9,,MASTERS,08/04/2015,8.2,amit.bose4910@company.com
502694,Arjun Khanna,42.0,IT,Ahmedabad,147280.42,18.6,Active,Bachelors,05/18/2016,6.0,arjun.khanna2694@company.com
500899,Neha Mishra,32.0,,,116518.55,31.2,Active,PhD,04/09/2016,2.0,neha.mishra899@company.com
502202,Pooja Rastogi,51.0,,Kolkata,68805.92,10.3,On Leave,Masters,02/12/2017,4.7,pooja.rastogi2202@company.com
501029,Deepak Thakur,22.0,Sales,Ahmedabad,114991.98,30.3,,bachelors,2023-02-08,,deepak.thakur1029@company.com
502614,Vijay Khanna,42.0,HR,bengaluru,,16.0,On Leave,PhD,27-09-2021,9.8,vijay.khanna3752@company.com
501339,SWATI CHAUHAN,31.0,sales,Lucknow,100751.61,21.7,On Leave,,2020-03-21,6.2,swati.chauhan1339@company.com
500115,Ashok Agarwal,28.0,IT,Delhi,109755.95,20.7,active,,15-03-2015,3.4,ashok.agarwal115@company.com
504692,Shreya Goel,,sales,bengaluru,128772.99,22.4,On Leave,MASTERS,24/03/2017,6.2,shreya.goel4692@company.com
502023,ritu sinha,59.0,Sales,Jaipur,59766.33,10.5,Active,MASTERS,23-03-2025,2.1,ritu.sinha2023@company.com
504036,Pooja Rastogi,44.0,Operations,Ahmedabad,44991.98,22.3,Active,Bachelors,21/02/2016,6.3,pooja.rastogi4036@company.com
503958,Rajesh Malik,42.0,Finance,Kolkata,80061.13,1.0,Inactive,,2021-06-05,9.4,rajesh.malik3958@company.com
501357,Pooja Rastogi,25.0,IT,Pune,50881.42,15.4,On Leave,Masters,2024-07-23,3.0,pooja.rastogi1357@company.com
500208,Anjali Dixit,25.0,MARKETING,,59409.76,32.7,Inactive,Masters,2020-04-12,6.1,anjali.dixit208@company.com
502766,  Priya Mishra  ,38.0,,Chennai,49691.28,24.8,active,bachelors,18-02-2017,5.7,priya.mishra2766@company.com
502633,Priya Thakur,28.0,Marketing,Lucknow,104528.62,6.2,Active,,2017-08-07,2.5,priya.thakur2633@company.com
501032,Rahul Khanna,31.0,Logistics,Pune,107836.78,4.3,Inactive,MASTERS,21/04/2015,3.6,rahul.khanna1032@company.com
500468,Manish Chauhan,55.0,IT,,67779.53,10.6,On Leave,Diploma,04/02/2021,2.6,manish.chauhan468@company.com
503334,Sanjay Agarwal,51.0,,,46255.44,32.8,active,,02/12/2020,,
500539,Arjun Bansal,38.0,Logistics,,69916.17,16.0,Inactive,Masters,2017-10-12,1.9,arjun.bansal539@company.com
500835,Gaurav Chauhan,41.0,it,Lucknow,61690.16,33.8,Active,Diploma,07/10/2023,9.3,gaurav.chauhan835@company.com
502576,Anjali Yadav,23.0,Sales,Hyderabad,125327.3,32.8,Inactive,Diploma,2020-12-15,,anjali.yadav2576@company.com
501940,Ashok Mishra,59.0,IT,Delhi,86269.16,18.2,active,Bachelors,09/18/2025,2.2,ashok.mishra1940@company.com
504335,Anjali Nanda,,Marketing,Kolkata,,32.5,,,24-08-2019,5.9,anjali.nanda4335@company.com
501577,VIJAY SAXENA,35.0,Support,Kolkata,115828.39,23.8,On Leave,PhD,01/17/2020,9.2,vijay.saxena1577@company.com
500688,Divya Goel,53.0,Logistics,Hyderabad,71124.48,3.2,,Diploma,03-06-2025,8.1,divya.goel688@company.com
504337,Anjali Nanda,57.0,Support,bengaluru,95810.67,2.4,INACTIVE,,10/10/2017,1.1,anjali.nanda4337@company.com
502467,Rajesh Choudhary,55.0,,Delhi,83211.06,6.6,active,Masters,22/10/2022,8.8,rajesh.choudhary2467@company.com
500263,ASHOK MISHRA,24.0,HR,,31782.61,7.5,On Leave,,2019-02-22,9.1,ashok.mishra263@company.com
501938,ashok agarwal,21.0,Logistics,MUMBAI,46255.54,15.5,Active,PhD,10/08/2020,4.1,ashok.agarwal1938@company.com
503748,Isha Goel,58.0,Finance, Delhi,54228.66,26.3,active,bachelors,22-10-2016,3.0,isha.goel3748@company.com
502967,Meena Trivedi,52.0,,MUMBAI,133266.84,13.1,Inactive,Masters,08/11/2017,4.7,meena.trivedi2967@company.com
501961,Ashok Trivedi,21.0,,MUMBAI,137667.75,11.4,On Leave,Bachelors,02-01-2016,1.7,ashok.trivedi1961@company.com
504987,Anjali Choudhary,46.0,IT,Bengaluru,135147.43,14.4,,,07/14/2019,4.3,anjali.choudhary4987@company.com
502478,Nisha Malik,59.0,,Chennai ,47994.05,20.9,active,Masters,27/04/2024,10.0,nisha.malik2478@company.com
504273,Ritu Mishra,37.0,Support,Hyderabad,29214.3,17.4,,Diploma,01/26/2023,5.4,ritu.mishra4273@company.com
500936,  Priya Mishra  ,47.0,IT,Chennai,135351.63,25.8,INACTIVE,Diploma,03/08/2024,5.5,priya.mishra936@company.com
500306,Kavita Rastogi,45.0,sales,Delhi,22173.25,20.0,Active,Bachelors,21/11/2018,5.4,kavita.rastogi306@company.com
503240,Sanjay Malik,24.0,Logistics,Mumbai,62913.21,2.4,On Leave,bachelors,24-07-2017,3.4,sanjay.malik3240@company.com
501225,Rohan Sinha,,Finance,,117142.8,31.1,Active,MASTERS,05/27/2017,8.3,rohan.sinha1225@company.com
500082,Priya Pandey,57.0,Finance,Chennai,65556.22,32.7,On Leave,Bachelors,04/13/2016,9.1,priya.pandey82@company.com
502627,RAJESH AGARWAL,28.0,Operations,Bengaluru,121128.66,8.5,,PhD,15-01-2016,6.4,rajesh.agarwal348@company.com
502206,  Rahul Bhatia  ,23.0,HR,MUMBAI,21800.92,9.6,,Diploma,22/02/2024,5.1,rahul.bhatia2206@company.com
504181,SURESH SAXENA,39.0,MARKETING,Kolkata,41334.58,,INACTIVE,Diploma,14-11-2016,7.6,suresh.saxena4181@company.com
504249,Priya Thakur,39.0,,Pune,,24.5,active,Bachelors,,3.1,priya.thakur4249@company.com
503714,priya khanna,33.0,HR,Kolkata,122606.78,24.2,Active,bachelors,08/09/2018,6.5,priya.khanna3714@company.com
502173,Neha Trivedi,43.0,,,110278.92,30.6,,bachelors,2018-07-13,9.7,neha.trivedi2173@company.com
504618,Manish Dixit,42.0,it,Chennai,79228.94,17.7,,,18/02/2019,3.4,manish.dixit4618@company.com
503670,Isha Yadav,52.0,Operations, Delhi,58702.65,3.4,,Masters,2020-04-03,8.6,isha.yadav3670@company.com
501749,shreya agarwal,55.0,,,,15.9,active,Bachelors,06-01-2018,6.7,shreya.agarwal1749@company.com
503612,Meena Goel,22.0,Finance,Ahmedabad,102960.87,34.0,active,Diploma,21/11/2024,1.9,meena.goel3612@company.com
504919,Shreya Nanda,35.0,Sales,Hyderabad,112980.82,9.6,On Leave,Bachelors,18/06/2018,2.5,shreya.nanda4919@company.com
503375,Neha Rastogi,30.0,Operations,,27603.31,29.4,Inactive,PhD,08/19/2019,,neha.rastogi3375@company.com
503189,Gaurav Dixit,44.0,sales,,118595.63,0.6,active,,,6.9,gaurav.dixit3189@company.com
504715,vikram bansal,58.0,Sales,Pune,28779.05,32.7,INACTIVE,Masters,20/10/2017,1.4,vikram.bansal4715@company.com
501007,Sanjay Trivedi,28.0,Sales,,115980.75,17.4,Inactive,bachelors,20/02/2022,8.1,sanjay.trivedi1007@company.com
500710,divya rastogi,22.0,Sales,,66665.91,33.4,Active,Diploma,08/01/2025,2.7,divya.rastogi710@company.com
502996,Pooja Dixit,39.0,Finance,,76252.91,3.4,On Leave,PhD,2017-06-02,5.0,pooja.dixit2996@company.com
500738,Rajesh Chauhan,23.0,Operations,bengaluru,94742.81,32.1,,PhD,06/03/2019,6.8,rajesh.chauhan738@company.com
502401,Anjali Bansal,,it,Mumbai,31808.61,3.4,Active,MASTERS,10/19/2024,3.7,anjali.bansal2401@company.com
500523,  Divya Rastogi  ,38.0,Logistics,Ahmedabad,62465.64,12.4,,Diploma,2022-07-11,7.6,divya.rastogi523@company.com
503214,Preeti Thakur,42.0,Support,,132420.35,34.5,,,2017-05-14,8.6,preeti.thakur3214@company.com
503624,Karan Trivedi,24.0,,Chennai ,120193.3,23.6,Active,bachelors,2017-06-18,1.3,karan.trivedi3624@company.com
502036,Nisha Khanna,21.0,Marketing,,,8.7,active,Masters,03/10/2015,,nisha.khanna2036@company.com
501722,Vikram Bhatia,55.0,sales,,146071.02,16.7,,,2017-12-09,,vikram.bhatia1722@company.com
504381,Sneha Sinha,35.0,Finance,Jaipur,90313.45,21.5,On Leave,Bachelors,02-06-2021,,sneha.sinha4381@company.com
502785,Suresh Pandey,50.0,Operations, Delhi,44004.16,23.0,Inactive,Bachelors,2017-06-27,1.2,suresh.pandey2785@company.com
503139,Neha Goel,24.0,sales,,149306.0,8.1,Active,,22-09-2015,8.2,neha.goel3139@company.com
500778,Pooja Ghosh,23.0,Sales,MUMBAI,84107.44,5.6,active,Masters,11/19/2019,8.6,pooja.ghosh778@company.com
502531,Priya Bose,56.0,Finance,,68670.96,30.5,On Leave,,22-12-2018,4.5,priya.bose2531@company.com
503011,Rahul Pandey,45.0,Sales,,132400.7,26.6,active,PhD,09/04/2015,1.7,rahul.pandey3011@company.com
504471,Neha Thakur,32.0,Support,Pune,95074.88,9.1,Inactive,,09/24/2016,6.9,neha.thakur4471@company.com
504937,Preeti Mishra,28.0,IT, Delhi,120809.7,26.0,active,PhD,2017-06-17,4.2,preeti.mishra4937@company.com
504394,ASHOK GHOSH,31.0,,Delhi,149778.83,19.4,,PhD,27/11/2024,5.4,ashok.ghosh4394@company.com
504922,Ashok Bose,30.0,,MUMBAI,101890.63,8.7,Active,,11/25/2017,,ashok.bose4922@company.com
501272,anjali agarwal,23.0,Marketing,,25642.8,9.4,Active,MASTERS,27-10-2016,8.7,anjali.agarwal1272@company.com
503335,  Amit Sinha  ,26.0,it,bengaluru,141539.37,13.7,Active,MASTERS,,5.5,amit.sinha3335@company.com
502993,Anjali Bansal,50.0,sales,Pune,39544.07,8.4,Active,Diploma,02/07/2020,7.1,anjali.bansal2993@company.com
504092,Karan Ghosh,30.0,Finance,Delhi,133223.02,27.4,Inactive,PhD,2025-04-25,7.2,karan.ghosh4092@company.com
503545,Manish Malik,56.0,Finance,bengaluru,56537.5,20.4,Inactive,PhD,16-09-2025,8.5,manish.malik3545@company.com
504401,Sanjay Khanna,39.0,sales,Mumbai,71636.2,20.2,Active,,2016-07-12,9.9,sanjay.khanna4401@company.com
502901,Shreya Mishra,26.0,IT,MUMBAI,130799.18,5.2,INACTIVE,PhD,18/08/2015,6.6,shreya.mishra2901@company.com
500043,Vijay Goel,55.0,Support,,115171.59,7.2,On Leave,PhD,27-05-2022,6.0,vijay.goel43@company.com
502169,Pooja Mishra,50.0,,bengaluru,62041.62,14.1,,Diploma,10/10/2018,5.4,pooja.mishra2169@company.com
502020,Shreya Rastogi,25.0,sales,Mumbai,136248.77,14.8,Inactive,Bachelors,2019-10-24,,shreya.rastogi2020@company.com
501569,Ashok Yadav,54.0,Operations, Delhi,145673.01,,active,PhD,23/12/2016,1.0,ashok.yadav1569@company.com
501067,Sanjay Ghosh,22.0,HR,Ahmedabad,92073.56,33.2,INACTIVE,PhD,15-07-2019,2.3,sanjay.ghosh1067@company.com
501579,Rahul Bose,25.0,HR,Pune,56772.54,3.1,INACTIVE,Masters,16-11-2019,3.3,rahul.bose1579@company.com
504752,gaurav malik,55.0,,Hyderabad,112501.67,26.7,Inactive,Bachelors,12-10-2018,8.9,gaurav.malik4752@company.com
500698,ARJUN YADAV,49.0,IT,Jaipur,53990.01,0.3,Inactive,bachelors,05/04/2020,,arjun.yadav698@company.com
502671,Karan Mishra,43.0,Sales,MUMBAI,67359.01,33.9,Inactive,Diploma,10/13/2016,2.6,karan.mishra2671@company.com
504129,Sneha Goel,23.0,sales,Jaipur,35372.22,18.8,,,2018-09-01,8.4,sneha.goel4129@company.com
504781,Suresh Khanna,21.0,Sales, Delhi,139293.94,18.6,Active,MASTERS,,6.2,suresh.khanna4781@company.com
500000,Nikhil Khanna,52.0,Operations,Ahmedabad,91830.22,33.3,On Leave,,2024-12-24,8.5,nikhil.khanna0@company.com
502986,Rohan Malik,41.0,sales,,141713.68,10.0,On Leave,Masters,20-02-2020,9.9,rohan.malik2986@company.com
501159,Simran Khanna,23.0,,Bengaluru,140039.15,19.2,On Leave,Masters,08/14/2025,9.9,simran.khanna1159@company.com
501489,Vikram Pandey,34.0,,Bengaluru,25213.49,26.3,On Leave,bachelors,06-03-2022,1.6,vikram.pandey1489@company.com
503430,Isha Pandey,32.0,Support,Jaipur,141741.27,28.5,On Leave,Masters,01-05-2016,4.3,isha.pandey3430@company.com
501560,Meena Malik,48.0,Support,,-59136.58,1.4,INACTIVE,,01/19/2022,1.2,meena.malik1560@company.com
500770,SURESH GOEL,33.0,Finance,,140392.01,2.5,INACTIVE,Masters,19-06-2024,,suresh.goel770@company.com
503585,Manish Choudhary,38.0,Logistics,,60673.21,30.6,INACTIVE,,2024-02-17,8.1,manish.choudhary3585@company.com
503869,Ashok Bose,24.0,Logistics,Chennai ,23833.03,5.7,,PhD,2024-12-08,9.3,ashok.bose3869@company.com
500022,Sanjay Choudhary,46.0,MARKETING,,43288.45,22.1,On Leave,MASTERS,10/25/2021,,sanjay.choudhary22@company.com
504339,Anjali Choudhary,30.0,Finance,Lucknow,104898.09,15.4,On Leave,MASTERS,06-05-2020,7.1,anjali.choudhary4339@company.com
502314,Pooja Bhatia,55.0,,Hyderabad,,26.8,,,2021-11-13,,pooja.bhatia2314@company.com
500885,Amit Choudhary,26.0,,Mumbai,,30.5,,MASTERS,25-08-2018,4.8,amit.choudhary885@company.com
502517,Deepak Malik,44.0,MARKETING, Delhi,120939.38,10.4,INACTIVE,Diploma,2022-03-03,8.9,deepak.malik2517@company.com
504398,Arjun Khanna,28.0,,Lucknow,119477.65,32.8,,Bachelors,,3.6,arjun.khanna4398@company.com
504053,Rohan Pandey,39.0,Finance,,128050.76,34.0,Inactive,PhD,03/05/2018,4.7,rohan.pandey4053@company.com
503174,Nikhil Dixit,39.0,HR,Hyderabad,125976.6,29.9,,bachelors,22-01-2017,3.8,nikhil.dixit3174@company.com
503138,Neha Goel,51.0,it,Lucknow,103974.12,2.2,On Leave,Diploma,2022-09-09,8.0,neha.goel3138@company.com
502857,Rajesh Khanna,43.0,IT,,57172.82,1.1,active,PhD,,5.1,rajesh.khanna2857@company.com
501419,GAURAV AGARWAL,26.0,Logistics,bengaluru,90733.72,26.4,On Leave,MASTERS,,3.2,gaurav.agarwal1419@company.com
501356,Nisha Dixit,42.0,Operations,,36935.91,,On Leave,Masters,2018-11-21,9.2,nisha.dixit1356@company.com
503422,Deepak Agarwal,34.0,it,Chennai,49938.92,21.6,INACTIVE,,2019-05-12,2.2,deepak.agarwal3422@company.com
501491,Manish Trivedi,40.0,,bengaluru,78667.26,22.6,,Bachelors,24-12-2023,4.3,manish.trivedi1491@company.com
504949,Meena Malik,24.0,Finance,Bengaluru,79124.88,30.2,On Leave,,2025-04-27,2.0,meena.malik4949@company.com
501977,swati sinha,49.0,Marketing,bengaluru,119319.17,34.2,INACTIVE,bachelors,12/19/2016,8.6,swati.sinha1977@company.com
501746,Divya Bose,21.0,,Chennai ,,6.0,active,Diploma,08/10/2017,,divya.bose1746@company.com
503671,Kavita Chauhan,45.0,it,Lucknow,136434.59,16.2,On Leave,,22-08-2021,,kavita.chauhan3671@company.com
502924,Sanjay Rastogi,41.0,Marketing,Ahmedabad,86085.37,15.6,Inactive,Bachelors,12/26/2022,5.5,sanjay.rastogi2924@company.com
502945,Shreya Bhatia,34.0,it,Kolkata,22466.83,24.3,,Bachelors,01-06-2016,8.8,shreya.bhatia2945@company.com
503492,Rajesh Sinha,52.0,Sales,Ahmedabad,44039.51,32.3,,bachelors,2018-04-20,3.2,rajesh.sinha3492@company.com
503794,Preeti Trivedi,51.0,, Delhi,75067.9,0.8,active,,07/26/2015,4.6,preeti.trivedi3794@company.com
500928,gaurav sinha,52.0,MARKETING,,29140.44,21.5,Inactive,,19-02-2023,,gaurav.sinha928@company.com
504955,SHREYA SINHA,26.0,,,24974.93,11.9,On Leave,Diploma,2021-02-25,8.7,shreya.sinha4955@company.com
501227,Ashok Saxena,39.0,Logistics,Mumbai,112123.01,8.5,active,bachelors,06/06/2019,6.2,ashok.saxena1227@company.com
501706,Deepak Nanda,37.0,sales, Delhi,125423.34,22.4,,MASTERS,2023-06-23,3.6,
500996,Isha Ghosh,25.0,Marketing,Lucknow,120232.32,21.3,active,Masters,03/10/2017,5.6,isha.ghosh996@company.com
500144,Preeti Bhatia,43.0,Finance, Delhi,,11.1,Inactive,,2021-02-17,8.2,preeti.bhatia144@company.com
500290,Shreya Bose,41.0,,Chennai ,106915.37,24.2,Active,,10-05-2017,8.9,shreya.bose290@company.com
503281,Rahul Nanda,48.0,Support,Lucknow,52639.17,22.2,,Masters,08/25/2020,2.4,rahul.nanda3281@company.com
502736,Rohan Goel,22.0,it, Delhi,86402.35,10.4,Inactive,MASTERS,09-08-2021,5.9,rohan.goel2736@company.com
502354,Simran Khanna,29.0,HR,Mumbai,73088.48,26.1,,PhD,06/05/2025,8.9,simran.khanna2354@company.com
502730,Suresh Dixit,33.0,,,79400.66,20.0,On Leave,Bachelors,23/12/2023,9.6,suresh.dixit2730@company.com
502217,Manish Agarwal,57.0,Sales,Bengaluru,142291.92,18.7,Active,Masters,2025-10-10,9.0,manish.agarwal2217@company.com
503438,Priya Trivedi,42.0,sales,Mumbai,,10.8,,Masters,17-04-2015,6.7,
504450,Nisha Sinha,50.0,,Ahmedabad,136557.56,29.9,,Diploma,02/19/2024,3.1,nisha.sinha4450@company.com
500413,Rajesh Dixit,44.0,Sales,bengaluru,79543.37,9.0,Inactive,MASTERS,24/11/2022,3.8,rajesh.dixit413@company.com
500161,Rohan Trivedi,48.0,Support,Mumbai,43750.75,18.4,Inactive,,11/12/2018,2.1,rohan.trivedi161@company.com
504326,Divya Agarwal,21.0,,,130422.1,34.2,On Leave,Bachelors,23/02/2022,5.5,divya.agarwal4326@company.com
504336,Pooja Dixit,55.0,Sales,Ahmedabad,114861.86,25.7,On Leave,MASTERS,2019-11-09,3.4,pooja.dixit4336@company.com
502447,Rohan Malik,24.0,Logistics,Chennai,,27.3,active,Masters,02/12/2022,5.6,rohan.malik2447@company.com
501650,meena khanna,37.0,Logistics,Chennai ,91419.01,0.3,active,Diploma,11/12/2016,5.7,meena.khanna1650@company.com
503527,Sanjay Choudhary,42.0,MARKETING,,125528.0,31.7,active,,20-09-2023,,sanjay.choudhary3527@company.com
502253,NEHA BANSAL,46.0,Marketing, Delhi,54249.0,6.4,,,,8.0,neha.bansal2253@company.com
503443,Preeti Thakur,33.0,Logistics,MUMBAI,22784.16,5.4,Inactive,MASTERS,2016-07-11,,preeti.thakur3443@company.com
504386,  Neha Ghosh  ,28.0,sales,Kolkata,142747.05,33.6,,MASTERS,20-01-2019,1.5,neha.ghosh4386@company.com
504097,  Meena Ghosh  ,48.0,it,,127625.46,29.7,,,09-03-2015,3.6,meena.ghosh4097@company.com
501984,Rahul Ghosh,22.0,Logistics,Ahmedabad,28973.36,12.2,Active,,06/10/2015,,rahul.ghosh1984@company.com
500328,Priya Thakur,21.0,Support,Hyderabad,52245.76,30.8,Active,bachelors,2017-04-25,10.0,priya.thakur328@company.com
503579,Amit Mishra,28.0,,,116445.87,9.2,active,Masters,2025-09-07,9.3,amit.mishra3579@company.com
504484,Karan Sinha,56.0,,,84139.84,,Active,MASTERS,15-08-2017,1.4,karan.sinha4484@company.com
504760,Vikram Yadav,54.0,Logistics,MUMBAI,133019.45,15.3,On Leave,MASTERS,05-04-2021,6.8,vikram.yadav4760@company.com
503060,Isha Dixit,43.0,Logistics,Hyderabad,,34.8,active,PhD,2025-05-13,9.9,isha.dixit3060@company.com
504357,Vikram Goel,46.0,,,56238.98,18.1,Inactive,,,4.8,vikram.goel4357@company.com
503823,VIJAY SAXENA,52.0,Finance,,43266.84,11.7,,,26/08/2021,7.1,vijay.saxena3823@company.com
500388,Meena Yadav,25.0,IT,Pune,44658.64,2.0,INACTIVE,MASTERS,2025-01-17,2.3,meena.yadav388@company.com
502192,Simran Ghosh,54.0,,Kolkata,-95567.65,18.0,Active,,,,simran.ghosh2192@company.com
502488,Sanjay Bansal,23.0,sales,Delhi,112765.41,6.3,Inactive,bachelors,16/04/2021,7.8,sanjay.bansal2488@company.com
500842,Rohan Rastogi,31.0,Finance,Ahmedabad,124403.46,22.2,INACTIVE,Masters,2016-08-23,8.2,rohan.rastogi842@company.com
504736,  Anjali Yadav  ,37.0,IT,Kolkata,104056.43,7.5,On Leave,bachelors,01/10/2025,5.0,anjali.yadav4736@company.com
502234,Kavita Agarwal,25.0,,Pune,47668.6,29.7,active,Bachelors,06/12/2025,8.5,kavita.agarwal2234@company.com
502403,Simran Bhatia,29.0,Support,Pune,89330.54,27.0,On Leave,PhD,22-01-2023,1.5,simran.bhatia2403@company.com
502293,Shreya Pandey,38.0,HR,Mumbai,54510.91,13.3,On Leave,Diploma,2016-08-20,7.5,shreya.pandey2293@company.com
502820,Vikram Yadav,44.0,IT,Mumbai,40866.28,11.9,On Leave,,2015-05-19,6.7,vikram.yadav2820@company.com
504530,Sanjay Pandey,21.0,Finance,Chennai ,140409.61,8.7,On Leave,,25/02/2020,5.2,sanjay.pandey4530@company.com
502230,Priya Bose,21.0,,,76550.61,31.0,active,,19-06-2019,7.8,priya.bose2230@company.com
503564,Vijay Bansal,22.0,Support,MUMBAI,46909.33,11.4,Inactive,Diploma,22/02/2020,8.6,vijay.bansal3564@company.com
502781,  Gaurav Bhatia  ,42.0,Logistics,Hyderabad,136651.51,12.7,INACTIVE,Bachelors,13-06-2015,8.6,gaurav.bhatia2781@company.com
503789,suresh khanna,26.0,Finance,,91713.65,19.7,INACTIVE,,10-12-2021,9.5,suresh.khanna3789@company.com
501095,Nikhil Trivedi,56.0,Support,Pune,108442.92,5.9,On Leave,PhD,02/12/2025,3.7,nikhil.trivedi1095@company.com
502106,Rahul Sinha,42.0,MARKETING,,42601.53,31.2,,Diploma,21-06-2016,,rahul.sinha2106@company.com
500443,Ashok Nanda,22.0,MARKETING,Pune,144408.33,26.3,Active,bachelors,10/01/2019,9.0,ashok.nanda443@company.com
503725,Arjun Choudhary,36.0,it,,105639.34,24.6,On Leave,bachelors,03/07/2025,7.7,arjun.choudhary3725@company.com
502408,Swati Dixit,32.0,Support,Chennai ,37727.03,,,,2022-04-19,2.8,swati.dixit2408@company.com
500959,GAURAV SAXENA,32.0,Operations,Bengaluru,117793.95,17.3,Inactive,Bachelors,12/14/2016,7.0,gaurav.saxena959@company.com
503209,Arjun Bose,58.0,Finance,Jaipur,24735.16,28.6,active,MASTERS,06/26/2018,,arjun.bose3209@company.com
503347,Rajesh Sinha,35.0,Marketing,Jaipur,32671.56,7.2,Active,bachelors,2015-03-27,3.9,rajesh.sinha3347@company.com
500395,Amit Agarwal,23.0,,bengaluru,43444.2,17.8,Inactive,Masters,18-11-2017,5.5,amit.agarwal395@company.com
502787,Divya Malik,45.0,HR,,78024.52,17.3,Inactive,MASTERS,01/12/2024,5.6,divya.malik2787@company.com
504024,Rajesh Nanda,29.0,it,Lucknow,38930.02,34.7,On Leave,bachelors,09-07-2020,7.7,rajesh.nanda4024@company.com
502177,SHREYA SAXENA,41.0,,Bengaluru,27927.78,29.3,,,16-11-2025,7.6,shreya.saxena2177@company.com
503768,Kavita Chauhan,57.0,IT,bengaluru,87533.95,28.2,On Leave,MASTERS,2023-09-26,,kavita.chauhan3768@company.com
501036,Priya Mishra,41.0,Marketing,Lucknow,90787.78,28.1,,bachelors,09-09-2015,7.0,
502940,Meena Nanda,,Logistics,Kolkata,52067.36,32.7,,MASTERS,02/03/2022,7.7,meena.nanda2940@company.com
500830,neha saxena,,Support,Pune,119884.69,14.2,INACTIVE,Bachelors,2024-04-11,4.0,neha.saxena830@company.com
503549,Rahul Nanda,24.0,sales,Bengaluru,35532.7,22.8,On Leave,Masters,07-08-2022,3.1,rahul.nanda3549@company.com
500195,Karan Saxena,,sales,Ahmedabad,141284.82,13.5,Active,Masters,18/03/2022,8.8,karan.saxena195@company.com
504042,Rahul Dixit,46.0,HR,MUMBAI,48614.34,3.6,,Diploma,2016-05-01,1.0,rahul.dixit4042@company.com
502520,Gaurav Sinha,24.0,Sales,Chennai,110023.5,17.6,Inactive,Bachelors,07-01-2017,5.2,gaurav.sinha2520@company.com
503259,Simran Bose,43.0,Logistics,Chennai ,137657.78,10.4,INACTIVE,Masters,07-12-2016,1.7,simran.bose3259@company.com
500238,NEHA NANDA,52.0,Marketing,Kolkata,107826.14,34.5,On Leave,bachelors,2021-10-04,,neha.nanda238@company.com
500956,Preeti Thakur,57.0,sales,Bengaluru,104666.81,19.9,Inactive,MASTERS,05/25/2021,8.3,preeti.thakur956@company.com
503036,Rohan Chauhan,27.0,IT,Chennai,47918.41,13.8,active,PhD,01/03/2018,1.9,rohan.chauhan3036@company.com
503489,Amit Rastogi,55.0,it,Jaipur,78833.05,34.9,,Masters,02-02-2019,9.0,amit.rastogi3489@company.com
501653,Swati Thakur,37.0,Sales,Lucknow,25325.32,17.3,active,PhD,02/08/2025,9.9,swati.thakur1653@company.com
503832,Vijay Thakur,49.0,IT,Chennai ,49014.93,12.3,INACTIVE,PhD,07/05/2025,2.9,vijay.thakur3832@company.com
502289,Ritu Agarwal,58.0,Operations,Ahmedabad,22555.05,22.5,active,Diploma,04-06-2018,5.0,ritu.agarwal2289@company.com
503834,Vikram Chauhan,31.0,Marketing, Delhi,57355.71,,Active,Diploma,03/10/2015,8.3,vikram.chauhan3834@company.com
504532,Sanjay Ghosh,21.0,it,,143785.59,2.7,Inactive,Masters,21-10-2015,2.5,sanjay.ghosh4532@company.com
504673,Gaurav Chauhan,33.0,it,Bengaluru,73320.27,20.9,Inactive,Bachelors,07/03/2021,7.0,gaurav.chauhan4673@company.com
501149,Kavita Dixit,57.0,it, Delhi,40158.53,33.7,On Leave,Bachelors,06/10/2018,9.1,kavita.dixit1149@company.com
504301,Swati Saxena,52.0,MARKETING, Delhi,148790.52,27.0,Active,MASTERS,01/22/2016,,swati.saxena4301@company.com
501787,Divya Bansal,38.0,IT,Jaipur,126895.96,10.5,Inactive,bachelors,25/02/2018,4.2,divya.bansal1787@company.com
500501,sanjay bansal,25.0,HR,Bengaluru,83642.11,21.1,Inactive,Diploma,15-08-2023,,sanjay.bansal501@company.com
504444,Sanjay Khanna,59.0,Marketing,bengaluru,-89047.16,15.2,Active,,03/04/2021,6.0,sanjay.khanna4444@company.com
500382,Preeti Chauhan,58.0,it,Chennai,26405.03,26.4,INACTIVE,Bachelors,01-03-2022,9.5,preeti.chauhan382@company.com
